{"storeID":"店铺ID","expire":"到期","warehousing":"我的入库","billing":"今日出账","storeWallet":"我的钱包","saveQRCode":"保存二维码","joinMember":"开通会员","noviceGuide":"新手向导","inviteFriends":"邀请好友","inviter":"我邀请的人","securityDeposit":"保证金","withdraw":"提现","commissionDetail":"佣金明细","topUpDetails":"充值明细","punishDetails":"处罚明细","quickService":"快捷服务","personalReputation":"个人信誉","transfer":"我的转让","auction":"我的拍卖","deal":"我的成交","complaint":"我的投诉","like":"我的点赞","collect":"我的收藏","bid":"我的出价","aboutPlatform":"关于平台","personalData":"个人资料","switchLanguage":"切换语言","experienceStoreVIP":"体验店铺VIP","CNY":"人民币","USD":"美元","HKD":"港币","EUR":"欧元","JPY":"日元","GBP":"英镑","AUD":"澳元","RUB":"俄罗斯卢布","CAD":"加拿大元","CHF":"瑞士法郎","DKK":"丹麦克朗","NOK":"挪威克朗","SEK":"瑞典克朗","NZD":"新西兰元","SGD":"新加坡元","THB":"泰铢","BRL":"巴西雷亚尔","MXN":"墨西哥元","saler_tools.pages.index.index":"luxur cener","saler_tools.pages.member.index":"会员中心","saler_tools.pages.inbound.index":"入库","saler_tools.pages.outbound.index":"出库","saler_tools.pages.warehouse.inStockInvoice":"在库商品开单","saler_tools.pages.warehouse.notInStockInvoice":"不在库商品开单","saler_tools.pages.warehouse.sampleGraph":"示例图","pages.auth.login.logining":"登录中","pages.auth.login.usernamePlaceholder":"请输入账号","pages.auth.login.passwordPlaceholder":"请输入密码","pages.auth.login.resetpwd":"忘记密码","pages.auth.login.noAccount":"还没有账号","pages.auth.login.toRegister":"去注册","pages.auth.login.agreeTips":"登录代表您同意","pages.auth.login.isAgreeTips":"请先阅读并同意协议","pages.auth.login.mobilePlaceholder":"请输入手机号","pages.auth.login.oneClicklogin":"快捷登录","pages.auth.login.accountLogin":"账号密码登录","pages.auth.login.accountLoginTip":"输入账号密码登录","pages.auth.login.accountLoginError":"商家未开启账号密码登录","pages.auth.login.mobileLogin":"手机号登录","pages.auth.login.mobileLoginTip":"输入手机号验证码登录","pages.auth.login.mobileLoginError":"商家未开启手机号登录","pages.index.close":"站点已关闭","pages.index.nosite":"站点不存在","pages.index.develop":"开发环境配置","pages.index.diy":"","pages.article.list":"资讯中心","pages.article.detail":"文章详情","pages.auth.index":"登录","pages.auth.agreement":"协议","pages.auth.bind":"绑定手机号","pages.auth.login":"登录","pages.auth.register":"注册","pages.auth.resetpwd":"找回密码","pages.member.account":"会员账户","pages.member.account_edit":"","pages.member.address":"收货地址","pages.member.address_edit":"编辑收货地址","pages.member.apply_cash_out":"申请提现","pages.member.balance":"我的余额","pages.member.point":"我的积分","pages.member.point_detail":"积分明细","pages.member.level":"会员等级","pages.member.sign_in":"我的签到","pages.member.cash_out":"提现记录","pages.member.cash_out_detail":"提现详情","pages.member.commission":"我的佣金","pages.member.detailed_account":"流水明细","pages.member.personal":"个人资料","pages.member.contact":"客服","pages.pay.browser":"支付","pages.pay.result":"","pages.setting.index":"设置","pages.verify.index":"核销台","pages.verify.verify":"核销","pages.verify.detail":"核销详情","pages.verify.record":"核销记录","pages.webview.index":"","pages.index.index":"luxur cener","pages.member.index":"会员中心","pages.product.inbound.list":"发布","pages.goodsForSale.list":"在售商品","pages.product.notInStockInvoice.list":"不在库商品开单","pages.goodsForSale.sampleGraph":"示例图","pages.product.editParam":"附加成本类型设置","pages.product.detail":"商品详情","pages.product.billing":"商品开单","pages.order.detail":"订单详情","pages.log.order":"订单修改记录","pages.order.list":"订单管理","pages.auth.list":"员工权限","pages.product.brand":"品牌","pages.product.position":"仓库位置","pages.product.positionItem":"","pages.temporary.list":"临时仓","pages.temporary.detail":"","pages.temporary.select":"选择要转入的临时仓","pages.repair.lists":"维修保养","pages.repair.detail":"维修保养受理单详情","pages.repair.edit":"编辑维修保养受理单","pages.consignmentDelivery.list":"寄卖传送","pages.consignmentDelivery.item":"寄卖传送商品列表","pages.lockingList.list":"锁单商品","pages.lockingList.detail":"锁单详情","pages.delivery.list":"发货管理","pages.inventory.list":"商品盘点","pages.inventory.underway":"盘点列表-进行中","pages.inventory.detail":"盘点详情","pages.storageAge.list":"库龄预警","pages.storageAge.detail":"","pages.payroll.lis":"薪资管理","pages.payroll.detail":"薪资提成明细","pages.inventory.temporaryWarehouse":"选择要转入的临时仓","pages.inventory.warehouse":"创建仓库盘点","pages.inventory.pledge":"创建质押商品盘点","pages.inventory.position":"选择商品位置盘点","pages.keepAccounts.list":"其他记账","pages.keepAccounts.edit":"记一笔","pages.keepAccounts.detail":"账单详情","pages.shopBill.lists":"对账单","pages.shopBill.edit":"编辑对账单","pages.shopBill.detail":"","pages.log.list":"操作日志","pages.pledge.list":"质押商品","pages.employeeAuthority.edit":"员工权限","pages.dataAnalysis.list":"数据分析","pages.dataAnalysis.newspaper":"","pages.dataAnalysis.salesVolume":"销售分析","pages.dataAnalysis.recycle":"回收分析","pages.dataAnalysis.assets":"资产分析","pages.dataAnalysis.additionalCost":"附加成本分析","pages.dataAnalysis.pledgedGoods":"质押商品分析","requestFail":"请求失败","notInDomainList":"不在request 合法域名列表中","baseUrlError":" 接口请求错误,请检查VITE_APP_BASE_URL参数配置或者伪静态配置","currency":"￥","getSmsCode":"获取验证码","smsCodeChangeText":"秒后重新获取","captchaTitle":"请完成验证","confirm":"确认","cancel":"取消","save":"保存","delete":"删除","captchaPlaceholder":"请输入验证码","mobilePlaceholder":"请输入手机号码","mobileError":"请输入正确的手机号","codePlaceholder":"请输入手机验证码","memberCenter":"个人中心","userAgreement":"用户协议","and":"和","privacyAgreement":"隐私协议","isAgreeTips":"请先阅读并同意协议","nickname":"昵称","nicknamePlaceholder":"请输入昵称","headimg":"头像","headimgPlaceholder":"请设置头像","getAvatarNickname":"获取您的昵称头像","getAvatarNicknameTips":"获取用户头像、昵称完善个人资料，主要用于向用户提供具有辨识度的用户中心界面","mobile":"手机号","getMobile":"获取手机号","mobileTips":"请获取手机号","point":"积分","balance":"余额","login":"登录","bind":"绑定","binding":"绑定中","bindMobile":"绑定手机号","agreeTips":"请阅读并同意","pleaseAgree":"请勾选已阅读并同意","weixinUserAuth":"一键绑定","mobileQuickLogin":"手机号快捷登录","register":"注册","complete":"完成","close":"关闭","pay.orderInfo":"订单信息","pay.confirmPay":"确认支付","pay.payTitle":"确认付款","pay.notHavePayType":"没有可用的支付方式","pay.notObtainedInfo":"未获取到支付信息","pay.paymentDocuments":"该支付单据","pay.paySuccess":"支付成功","pay.payFail":"支付失败","pay.completePay":"已完成支付","pay.incompletePay":"未完成支付","pay.getting":"获取支付结果中","myBalance":"我的余额","myPoint":"我的积分","customerService":"联系客服","siteClose":"站点已关闭","noSite":"站点不存在","scenic":"景点","seeMore":"查看更多","way":"线路","hotel":"酒店","rise":"起","cardReserve":"项目预约","card":"办理次卡","memberName":"会员名称","memberCode":"会员码","reserve":"预约","reserveSuccess":"预约成功","cardLink":"次卡","myLink":"我的","reserveBtn":"去抢购","cardBtn":"办理","soldOut":"已售","unpaidOrder":"待支付","waitingOrder":"待使用","remainOrder":"已完成","allOrder":"全部订单","myOrder":"我的订单","orderNo":"订单号","actualPayment":"实付款","orderClose":"关闭订单","orderFinish":"确认收货","orderDetail":"详情","wxPrivacyPopup.title":"用户隐私保护提示","wxPrivacyPopup.descBefore":"感谢您使用本小程序，在使用前您应当阅读并同意","wxPrivacyPopup.descAfter":"当点击同意并继续时，即表示您已理解并同意该条款内容，该条款将对您产生法律约束力；如您不同意，将无法继续使用小程序相关功能。","wxPrivacyPopup.disagree":"不同意","wxPrivacyPopup.agree":"同意并继续","wxPrivacyPopup.contractName":"用户隐私保护指引","wxPrivacyPopup.disagreeDesc":"未同意隐私协议，无法使用相关功能","starLevel":"星级","star":"星","emptyAddress":"暂无收货地址，请先创建地址","addAddress":"新增收货地址","selectAddress":"选择地址","coupon":"优惠劵","warehousingOfGoods":"商品入库","ownGoods":"自有商品","consignmentGoods":"寄卖商品","pledgedGoods":"质押商品","otherGoods":"其他商品","maintenance":"维修保养","merchandiseBilling":"商品开单","inStockInvoice":"在库商品开单","notInStockInvoice":"不在库商品开单","slogan":"一款能卖货的二奢店铺管理软件","pages.language.title":"语言切换","form.require_tips_log":"以下标*信息是商品入库的必填项","goods_category":"商品分类","goods_condition":"商品成色","goods_image":"商品图片","form.goods_image_tips_log":"上传清晰的商品图片，有助于对外销售获得更多的流量！无牛皮癣、logo、阴影等；有效像素宽或高不小于70%，最多上传9张图片","goods_attribute":"商品属性","goods_attribute_tips_log":"商品属性是商品信息的补充，有助于商品搜索和筛选","consignment_goods":"寄卖商品","pawned_goods":"质押商品","others":"其它","tips_i_see":"我知道了","form.goods_sku_tips_log":"由供应商或者制造商提供，是每个产品在生产或供应端的标识","form.goods_sku_placeholder":"请输入商品编码","form.goods_code_tips_log":"是由销售商自己定义的，用来内部管理库存和销售记录","goods_sku":"商品编码","goods_code":"独立编码","form.text_clear":"一键清除","brand":"品牌","form.brand_select_placeholder":"请输选择品牌","series":"系列","form.series_select_placeholder":"请选择系列","model":"型号","form.model_select_placeholder":"请选择型号","condition_new":"全新未使用","condition_used":"二手","form.check_data":"请检查表单","error.find_goods_empty":"找不到需要修改的商品","error.goods_id_require":"请选择需要修改的商品","error.picture_cannot_be_empty":"产品图片不能为空","error.select_edit_data":"请选择修改的数据","check_form_data":"请检查表单","base.data.add":"新增数据","base.data.edit":"编辑数据","success":"操作成功","sex.male":"男","sex.female":"女","sex.secret":"保密","sex.other":"其他","sex.unknow":"通用","product_warranty_card.have":"有","product_warranty_card.nothing":"无","form.recycling_time_placeholder":"请选择回收时间","form.goods_tips.repetition":"当前贴士已存在","form.goods_tips.required":"请输入贴士内容","form.goods_tips.tips":"贴士只在仓库商品详情页显示","form.input_clear":"一键清除","goods_attribute.no_attachment":"无附件","goods_attribute.packaging_box":"包装盒","goods_attribute.invoice":"发票","goods_attribute.receipt":"收据","goods_attribute.warranty_card":"保卡","goods_attribute.certificate":"证书","goods_cost.form.cost_name_required":"请选择成本类型","goods_cost.form.money_required":"请填写成本金额","mvmt_type":"机芯类型","case_matl":"表壳材质","dial_dia":"表盘直径","matl":"材 质","sz":"尺 寸","fit_sz":"尺 码","form.placeholder_case_matl":"请输入表壳材质","form.placeholder_dial_dia":"请输入表盘直径","form.placeholder_matl":"请输入材质","form.placeholder_sz":"请输入尺寸","form.placeholder_fit_sz":"请输入尺码","form.placeholder_mvmt_type":"请输入机芯类型","nothing":"无","ALL":"全部","form.goods_unlock.tips":"解锁后，将释放为可用库存","add_tips":"添加贴士","unlock":"解锁","form.goods_unlock.reason":"请输入解锁原因","input.add_tips.name":"请输入贴士名称","all.employees.online":"线上全部员工","explain.on.sale":"在售商品","explain.warehouse":"仓库","explain.warehouse6":"2.支持商品扩展(全部)信息查看，如:独立编码,保卡年份、备注信息、回收时间、回收人员。","explain.warehouse0":"完成商品入库操作：","explain.warehouse1":"1.仅入库:商品回收过程中或完成回收但不可售，例如:商品未到店、商品未检验、商品需维修保养","explain.warehouse2":"2.入库并上架:商品已完成检验、拍照、养护等流程,处于可售状态，上架商品会在销售板块-在售商品展示，可打开多平台同步开关，进行同步分销。","explain.warehouse3":"便捷仓库操作：","explain.warehouse4":"1.首页支持快捷操作，如:添加附加成本，更改商品位置，更改鉴定人员，查看操作日志等。","explain.warehouse5":"2.支持仓库商品筛选，如:回收类型、回收人员、回收时间、商品位置、标签等。","explain.warehouse7":"3.支持仓库数据统计，如:今日上架、今日上传、商品总数、成本等。","explain.warehouse8":"4.支持批量操作，如:批量分享、批量打印、批量删除、批量编辑。","explain.warehouse9":"商品操作：","explain.warehouse10":"1.支持全部商品操作，如:编辑、锁单、打印、上下架。","explain.warehouse11":"2.支持商品扩展(全部)信息查看，如:独立编码,保卡年份、备注信息、回收时间、回收人员。","explain.on.sale0":"1.入库并上架的商品称为在售商品，表示该商品是可出售的状态，店铺员工可进行一键转发朋友圈等销售动作。","explain.order0":"店铺销售完成开单动作，订单可在订单管理功能中查看。","explain.order1":"1.查看店铺所有销售数据查看店铺过往销售额、毛利率、销售数量、年化收益率等。","explain.order2":"通过筛选可依据回收类型、订单类型等分析店铺成交情况。","explain.order3":"可通过对订单编辑实现订单修改、退货、分享、发货等功能。","explain.order4":"2.寄卖结款","explain.order5":"通过结款选项，管理寄卖订单、客户结款情况。","explain.order6":"3.已退货","explain.order7":"支持所有退货订单、退货原因等查看。","explain.order":"订单管理","explain.lock":"锁单商品","form.payment_receipt_log":"上传的细节图可以一直用于95分、抖音等第三方平台同步，同时可用于同行之间的展示","form.payment_receipt_log0":"开单\/锁单凭证是否必填","form.payment_receipt_log1":"可以在设置中心\/店铺参数设置-锁单开单凭证必填设置中设置，","form.payment_receipt_log2":"设置必填后，在下次开单或锁单时则需要上传【凭证】。","go_to_settings":"前往设置","form.salesman.select":"请选择销售人员","add.after_sales_service":"添加自定义售后保障","input.after_sales_service":"请输入自定义售后保障（限10个字）","tips.after_sales_service":"当前售后保障已存在","max_img_count9":"最多添加9张图片","form.receipt_voucher":"收款凭证","form.remark":"备注","input.remark":"请输入备注信息（限250个字）","form.delivery_address":"收货地址","form.after_sales_service":"售后保障","custom":"自定义","input.delivery_address":"例如：张三 13077584114 浙江省 杭州市 西湖区 余杭塘路866号 浙江大学（限250个字）","form.in_total":"合计","tips.order_type":"订单类型","form.order_type.select":"请选择订单类型","error":"操作失败","out_of_stock":"暂无库存","form.custodial_customer":"托管客户","form.settlement":"结款","form.settlement.no":"未结款","form.settlement.tips":"确定进行结款操作","copy":"复制","form.original_take_home_price":"原始到手价","upload.settlement":"请上传结款凭证（选填）","form.settlement.remark":"结款备注","input.settlement.remark":"请输入结款备注信息","no_data":"暂无数据","error.transaction_time_is_incorrect":"查询时间类型不正确","register_account":"注册账号","input.certificate_name.tips":"请输入真实姓名","form.email":"邮箱","input.email.tips":"请输入邮箱","form.password":"密码","input.password.tips":"请输入密码","form.confirm_password":"确认密码","input.confirm_password.tips":"请再次输入密码","input.confirm_password.tips2":"两次密码不一致","form.code":"验证码","input.code.tips":"请输入邮箱验证码","get.code":"获取验证码","try_again_in_seconds":"秒后重试","form.invitation_code":"推荐人(选填)","input.invitation_code.tips":"请输入推荐人ID或店铺编号","register_btn":"注册","go_login":"去登录","input.effective_email.tips":"请输入有效的邮箱地址","code_success":"验证码发送成功","code_error":"验证码发送失败","account_exist":"已有账号，","reset_password":"修改密码","form.old_password":"旧密码","input.old_password.tips":"请输入旧密码","confirm_edit":"确定修改","explain.inStock":"在库商品开单","explain.onSale":"在售商品","pages.lockOrder.list":"锁单商品","pages.lockOrder.detail":"锁单详情","explain.lock1":"1.防止一货两卖，例如：微信收取定金留货，避免其他人员再次销售。","explain.lock2":"2.防止钱帐不统一，例如：直播、闲鱼等平台售出，款项到账有周期，建议先锁单，款到再开单。","explain.lock0":"锁单功能是通过平台售出或预定商品建议进行您进行锁单操作。","screen":"筛选","form.lock":"确认锁单商品","form.lock.tips":"锁单后，锁单部分库存不可被他人售卖","form.salesman":"销售人员","form.earnest":"定金（选填）","default0":"默认0","form.voucher":"凭证","form.expected_transaction":"预计成交（选填）","input.address":"请输入收货地址","form.lock_remark":"锁单备注（选填）","input.lock_remark":"请输入锁单备注","form.delivery_address.optional":"收货地址（选填）","form.lock_num":"锁单数量","default1":"不填默认为1","saler_tools.pages.identify.lists.wait_pay":"待支付","saler_tools.pages.identify.lists.wait_supply":"待补充","saler_tools.pages.identify.lists.finish":"已完成","saler_tools.pages.identify.lists.cancel":"已取消","saler_tools.pages.identify.lists.identifying":"估价中","appraisal":"鉴定估价","appraisal0":"一、鉴定估价","appraisal1":"1. 时效：10:00-22:00时段3-5分钟出结果。","appraisal2":"2. 周期：72小时内，300名鉴定估价师持续给结果。","appraisal3":"3. 费用：每个用户免费三次，店铺会员19.9元\/次，非会员39.9\/次。","appraisal4":"二、鉴定估价师","appraisal5":"1. 鉴定估价师需通过平台邀请审核(细分领域专家)。","appraisal6":"2. 鉴定估价师收益:订单50%收益会分配给“鉴定结果最快”“兜底价格最高”的鉴定估价师。","appraisal7":" 三、订单结果","appraisal8":"1. 图片鉴定估价：信息越全面，结果越准确。尽量拍-真伪鉴定点、成色细节、附件(小票、保卡、全-包装)。","appraisal9":"2. 图片鉴定：准确度99.4%(以图片可见判断部分为准)，如存疑可发鉴定中心进行实物鉴定。","appraisal10":"3. 图片估价：建议回收价大概率为兜底价(72h有效)","appraisal11":"注：如出现第一名和第二、三名差异较大时，建议先咨询客服是否为错误报价，避免不必要损失。","appraisal12":"四、兜底服务","appraisal13":"1. 收费：收取兜底买家2.5%佣金(3000封顶)，卖家免费。","appraisal14":"2. 如何交易：联系84000look for客服质检中心-质检通过-兜底买家打款。","appraisal15":"3. 中介交易性质：为保障买卖双方权益，避免“真假纠纷”、“到手刀”等情况。","identify0":"看真","identify1":"从您拍摄的图片、提交的鉴定点判断基本符合品牌工艺得出的“看真”结论。","identify2":"看假","identify3":"从您拍摄的图片、提交的鉴定点判断个别部位品牌工艺存在差异，得出的“看假”结论。","identify4":"看不清","identify5":"从您拍摄的图片、提交的鉴定点等因拍摄角度、光线等，无法判定，得出的“看不清”结论。","identify6":"此结论仅供参考，不具备法律效力;如有异议可进一步选择“84000look for鉴定中心”进行实物鉴定。","identify":"订单详情","order_details":"订单详情","my_order":"我的订单","place_order":"发布订单","appraisal_photo":"鉴定估价商品图片","appraisal_tips":"上传清晰商品图，鉴定估价将更准确","upload_photos":"上传图片","max_img_count50":"（最多上传50张）","is_have_attachment":"是否有附件","multiple_choice":"多选","form.year":"年份","select_year":"请选择年份","form.product_info":"商品信息","form.product_info.tips":"请精确描述商品的成色与瑕疵，报价将更精确。","form.product_info.placeholder":"详细描述款式、尺寸、年份、配件、瑕疵等信息，使鉴定估价结构更精确。","select_goods_category":"请选择商品分类","input.goods_code":"请输入独立编码","i_agree":"我已阅读并同意","appraisal_notice":"《鉴定估价买家须知》","appraisal_expense":"鉴定估价费","form.original_cost":"原价","immediate_payment":"立即支付","years":"年","saler_tools.pages.identify.detail.goods_category":"分类","saler_tools.pages.identify.detail.goods_category.tips":"请选择分类","saler_tools.pages.identify.add.goods_category":"分类","saler_tools.pages.identify.add.goods_category.tips":"请选择分类","fold":"收起","unfold":"展开","appraisal_appraiser":"鉴定估价师","appraisal_result":"鉴定结果","appraisal_remark":"鉴定估价师留言","appraisal_explain":"此次鉴定结果根据用户提供的图片可见部分为准。","icon.home":"首页","icon.my":"我的","look_true":"看真","look_false":"看假","look_unclear":"看不清","issue_appraisal":"发布鉴定估价","in_appraisal":"鉴定估价中","end_appraisal":"鉴定估价截止","order_info":"订单信息","order_no":"订单编号","appraisal_money":"鉴定估价金额","payer":"支付人","pay_time":"支付时间","form.before_select_brand":"请先选择品牌","i_want_identification":"我要鉴定估价","goods_detail":"商品详情","form.shop_name":"店铺名称","input.shop_name.tips":"请输入店铺名称","shop_address":"店铺地址","input.shop_address.tips":"请输入店铺详情地址","register_immediately":"立即注册","share_img":"分享封面","share_img.tips0":"用于对外销售和分享商品小程序时显示，","share_img.tips1":"可上传代表店铺形象的图片。","share_img.tips3":"建议图片长度比为8:3","input.share_img":"上传小程序封面","wechat_friend":"微信好友","facebook":"facebook","goods_link":"复制链接","share_product":"分享商品","share_img.tips2":"点击左侧上传封面","batch_share":"批量分享","batch_print":"批量打印","batch_delete":"批量删除","batch_edit":"批量编辑","search_placeholder":"搜索商品名称\/描述\/备注\/独立编码","item_show":"显示","item_hide":"隐藏","all_info":"全部信息","uploaded_today":"今日上传","listed_today":"今日上架","total_goods_count":"商品总数","total_cost":"总成本","look_warehouse":"查看仓库资产","form.count":"数量","form.take_home_price":"到手价","form.peer_price":"同行价","form.agent_price":"代理价","form.sale_price":"销售价","form.location":"商品位置","form.update_time":"更新时间","pack_up_more":"收起更多","see_more":"查看更多","form.initial_cost":"原始成本","form.plus_total_cost":"附加总成本","add":"添加","form.inbound_time":"入库时间","form.system_code":"系统编码","alter":"更改","form.recycling_name":"回收人员","form.appraiser_name":"鉴定人员","add_public_price_information":"补充公价信息","look_log":"查看操作日志","no_goods":"暂无商品","not_filled":"未填写","form.recycling_time":"回收时间","OK":"确定","goods_total_initial_cost":"商品总成本","goods_plus_total_cost":"商品附加总成本","explain.own_goods":"自有商品仓库","explain.consignment_goods":"寄卖商品仓库","explain.pawned_goods":"质押商品仓库","explain.others":"其他商品仓库","by_latest_update":"按最近更新","by_longest_update":"按最久更新","by_latest_storage":"按入库最新","by_longest_storage":"按入库最久","by_highest_price":"按价格最高","by_lowest_price":"按价格最低","available":"已上架","select_all":"全选","reverse":"反选","select.appraiser_name":"请选择鉴定人员","continuous_storage":"连续入库","public_price_info.tips":"选择公价图填充基础参数","upload_ai":"（可支持上传或AI识图）","NEW":"NEW","add_quality_pictures":"添加优质图片","more_attractive":"更吸引人哦！","ai_result":"AI识别结果","public_price_info.tips1":"选择公价图会自动为您填充商品基本信息","public_price":"公价","more_public_price_img":"查看更多公价图","goods_video":"商品视频","goods_video.tips":"（小于60秒）","add_goods_video":"添加商品视频","detail_drawing":"细节图","including_defect_drawing":"（瑕疵图等）","look_sample_graph":"示例图","max_img_count25":"最多25张图片","goods_description":"商品描述","goods_description.tips":"详细的描述让用户更好的了解您的产品","goods_description.placeholder":"例如：劳力士潜航者 黑水鬼 1160 16年全套 热门硬货，欢迎品鉴","intelligent_filling":"智能填充","intelligent_filling.tips":"系统通过识别商品描述的内容，对商品基础参数的品牌参数的品牌系列型号进行填充","diy.goods_tips":"自定义贴士","form.goods_name":"商品名称","goods_description.placeholder1":"若不填写，自动截取商品描述前50字","form.guide_price":"官方指导价","input.guide_price":"官方指导价","basic_parameter":"基础参数","form.stock_count":"库存数量","input.stock_count":"请输入库存数量","form.stock_count.tips":"修改库存后，锁单记录将被清除","input.total_cost":"请输入总成本","form.additional_cost.tips":"添加\/修改附加成本","add_plus_total_cost":"添加附加成本","select.goods_location":"请选择商品位置","form.recycle_type":"回收类型","diy_edit":"自定义(编辑)","select.recycling_name":"请选择回收人员","form.recycling_image":"回收备注图","form.recycling_image.tips":"（仓库管理权限-仓库-查看回收备注图）","form.target_audience":"适用人群","form.goods_guarantee_card":"商品保卡","guarantee_card_or_code":"保卡图片或独立编码照片留底","privacy":"（不对外展示）","form.goods_tag":"标签","form.goods_attachment":"商品附件","max_add_img_count25":"（最多添加25张图片）","synchronization.tips":"商品将会同步到对外销售","synchronization.tips1":"注：同行价格会展示到对外销售中","save_and_up":"保存并上架","save_and_down":"保存并下架","inbound_and_up":"入库并上架","only_inbound":"仅入库","add_location":"添加商品位置","form.inbound":"入库","switch_grids":"切换宫格","intelligent_screenshots":"截图","forwarding":"转发","one_click_download_graphics":"一键下载图文","show_or_hide":"显示\/隐藏","form.extended_info":"扩展信息","form.category":"分类","goods_operation_record":"商品操作记录","look":"查看","form.system_code.tips":"该编码为系统自动生成，具有唯一性","look_custodial_customer":"查看托管客户","warranty_card_year":"保卡年份","last_update":"最后更新","form.uptate_name":"更新人员","form.shelf_time":"上架时间","form.inbound_name":"入库人员","form.inbound_source":"入库来源","iOS":"iOS","edit":"编辑","lock":"锁单","toggle_location":"更改位置","goods_down":"下架","goods_up":"上架","order_billing":"开单","remove":"移除","absence":"缺失","existence":"存在","redemption":"赎回","total_take_home_price":"总到手价","look_cost_changes":"查看成本变化","is_remove_goods":" 确定移除商品？","is_goods_existence":" 确定商品存在？","is_goods_absence":" 确定商品缺失？","absence_count":"缺失数量","take_stock_remark":"盘点备注","optional":"（选填）","input.take_stock_remark":"请输入盘点备注。例如：被借走参观等","existence_count":"存在数量","input.existence_count":"请输入存在数量","form.stock_count.tips1":"当前已无可用库存，请去锁单中开单","lock_bill":"锁单开单","is_redemption_pledge":"确认赎回质押商品","input.is_redemption_pledge":"请输入赎回成交价(元)","definite_redemption":"确定赎回","no_copy":"暂无复制内容","redemption_and_error":"存在（但商品位置错误）","form.stock_count.tips2":"库存不能少于0","inbound_success":"商品上架成功","is_goods_down":"确定下架商品？","goods_down_success":"商品下架成功","added":"已添加","long_press_data":"（长按数据可调节排序）","max_character6":"最多输入6个字符","editParam":"附加成本类型设置","search_brand_name":"搜索品牌名称","search_series_name":"搜索系列名称","share_mini_program":"分享小程序店铺","share_optional_goods":"分享（选择）商品","puzzle_making":"拼图制作","text_marking":"文本制作","print_labels":"一键打印标签","location_inform1":"1、【商品位置】数据和【仓库】数据保持实时同步","location_inform2":"2、当商品【开单】和【删除】后将不会在商品位置显示","no_distribution_location":"未分配位置商品","aggregate":"合计","goods_pieces":"件商品","location.tips0":"商品位置会显示在仓库列表，在售列表，可实时追踪修改商品的所在位置","location.tips1":"1.系统默认通用商品位置:在途、在店、维修养护。","location.tips2":"2.依据商户实际需求创建，如:腕表直播间、西湖分店等。","location.tips3":" 3.商品位置创建后名称不可修改，商品所在位置具有唯一性。4.商品位置快速编辑:支持扫码添加、批量转移等操作。","max_character10":"最多输入10个字符","confirm_delete_shipments":"确定删除已选中的商品发货信息？","sampleGraph":"示例图","batch_shift":"批量转移","shift.tips0":"将该商品在列表中移除，不影响真实库存","add_goods":"添加商品","scan_add":"扫码添加","h5_nonsupport":"H5暂不支持此功能","agreement_not_exist":"协议不存在","add_personnel":"添加人员","add_time":"添加时间","temporary":"临时仓","search_temporary":"搜索临时仓编号\/临时仓名称","create_temporary":"创建临时仓","goods_sold":"售出商品","serial_number":"编号","founder":"创建人","new_create_temporary":"新建临时仓","confirm_delete_temporary":"确定删除临时仓","temporary.tips0":"临时创建的仓库，便于商品临时性分组","temporary.tips1":"1.商品分享应用","temporary.tips2":"1.1例如:直播供货临时仓、维修养护临时仓。","temporary.tips3":"1.2 支持临时仓微信小程序分享","temporary.tips4":"2.临时仓特点","temporary.tips5":"2.1一个商品支持同时存在多个临时仓。","temporary.tips6":"2.2加入临时仓，仓库列表仍然可见。","temporary.tips7":"2.3商品更改不影响原库存商品信息。","temporary.tips8":"3.临时仓开单","temporary.tips9":"3.1在订单管理界面有临时仓开单特殊标识。","form.certificate_name":"真实姓名","input.currency_code.tips":"请选择系统展示货币类型","input.currency_code.tips1":"使用的货币类型，选择后不可修改","currency_code":"货币类型","today":"今日","yesterday":"昨日","this_week":"本周","this_month":"本月","last_month":"上月","months":"月","days":"日","order_billing_count":"开单数量","order_code":"订单编码","order_status":"订单状态","settlement_status":"结款状态","sales_time":"销售时间","billing_personnel":"开单人员","billing_time":"开单时间","order_remark":"订单备注","sales_return":"退货","alter_order":"修改订单","confirm_sales_return":"确认进行退货操作？","sales_return.tips0":"退货后，商品将恢复库存","input.sales_return_reason":"请输入退货原因（选填）","confirm_delete_operation":"确认进行删除操作？","delete.tips0":"删除订单后，可进行回收站查看","input.delete_remark":"请输入删除备注（选填）","sales_returnsales_return":"退货","status":"状态","delivery":"发货","not_shipped":"未发货","shipped":"已发货","returned_goods":"已退货","start_time":"开始时间","end_time":"结束时间","quantity_sold":"销售","sales_volume":"销售额","gross_profit":"毛利润","gross_margin":"毛利率","look_sales_volume":"查看销售分析","salesman":"销售","form.order_type":"订单类型","balance_paid":"已结款","refunded":"已退款","form.annual_rate":"年化","form.transaction_price":"成交价","confirm_delete_select_order":"确定删除已选中的订单？","select_time":"选择时间","by_lowest_annual":"按年化最低","by_highest_annual":"按年化最高","by_latest_sales":"按最近销售","by_longest_sales":"按最久销售","by_latest_delivery":"按最近发货","by_longest_delivery":"按最久发货","delivery_name":"发货人员","delivery_time":"发货时间","explain.delivery":"发货管理","explain.delivery.tips0":"锁单订单、开单订单会进入发货管理-待发货界面","explain.delivery.tips1":"1.提高店铺效率，店铺可设定规则，例如:填写发货地址,默认平台销售需发货。","explain.delivery.tips2":"2.便捷发货，已打通顺丰AP1，支持顺丰面单扫码、手动录入。","explain.delivery.tips3":"3.快速查询，已发货订单实时同步顺丰物流信息，并支持微信一键分享客户。","explain.delivery.tips4":"4.记录清晰，支持发货人员、发货留底图、顺丰单号等信息查询。","immediate_delivery":"立即发货","form.delivery_remark":"发货备注","input.delivery_remark":"请输入发货备注","search_delivery":"搜索备注\/商品名称\/订单编号","employee_auth":"员工权限","input.employee_auth.search":"请输入员工姓名\/邮箱","operator":"经营者","add_employee":"添加员工","employee_auth.tips0":"店铺销售完成开单动作，订单可在订单管理功能中查看。","employee_auth.tips1":"1.身份模版:系统推荐三种模版，商家可自行编辑修改。","employee_auth.tips2":"2.敏感权限均为红色字体，谨慎开通。","employee_auth.tips3":"3.敏感权限说明","employee_auth.tips4":"3.1成本价:无权限入库后不可查看，如库管有查看需求，谨慎开通。","employee_auth.tips5":"3.2同行价:依据店铺实际分工，合理分配权限。","employee_auth.tips6":"3.3查看托管客户:寄卖商品客户信息查看。","employee_auth.tips7":"3.4永久删除:回收站内功能，建议经营者独有。","employee_auth.tips8":"3.5修改成本价:如无权限不可修改，部分库管有需求，谨慎开通(商品成本变动可通过附加成本实现，如养护费)。","employee_auth.tips9":"3.6删除商品:店铺商品删除，敏感权限谨慎开通。","employee_auth.tips10":"3.7修改订单:可对订单成交价格售后保障等信息进行编辑，谨慎开通。","employee_auth.tips11":"3.8删除订单:建议经营者独有","employee_auth.tips12":"3.9员工权限:拥有此权限可增减自己及其他人员的权限设置，谨慎开通。","employee_auth.tips13":"3.10清除店铺数据:设置中心-店铺参数设置-一键清除，包括订单、消息、账单、薪资等，不可恢复。","enabled":"已启用","disabled":"已停用","edit_employee":"修改员工权限","form.account":"账号","input.employee_auth":"请输入员工手机号\/电子邮箱","form.name":"姓名","input.name":"请输入姓名","form.role":"身份","select.role":"请选择身份","create_salary":"创建薪资","create_salary.tips0":"开启按钮后创建该员工薪资，可在薪资管理查看","enabling_accounts":"启用账号","enabling_accounts.tips":"如果员工离职建议关闭此选项","set_auth":"设置权限","set_auth.tips0":"开启按钮可对权限进行设置","update_and_save":"更新此身份模块仅影响到新赋予用户身份时的默认权限，不会影响历史使用此身份的用户权限","left_slide_delete_role":"向左滑动可删除身份","add_role":"添加身份","input.role_name":"请输入身份名称","unable_edit_super_admin":"无法编辑超级管理员","add_success":"添加成功","add_error":"添加失败","delete_success":"删除成功","delete_error":"删除失败","save_timeout":"保存超时","save_success":"保存成功","save_auth_set_success":"保存权限设置成功","save_auth_set_error":"保存权限设置失败","update":"更新","shop_manager":"店长","auth_and_save":"权限并保存","appc.ALL":"全部","appc.BW":"表腕","appc.ZB":"珠宝","appc.XB":"箱包","appc.PS":"配饰","appc.XX":"鞋靴","appc.FS":"服饰","appc.QT":"其他","switch_stores_success":"切换店铺成功","new_shop_register":"新店铺注册","immediate_switch":"立即切换","immediate_register":"立即注册","immediate_new_shop":"立即开店","expiration":"到期","today_billing":"我的开单","online_expo":"对外销售","peer_group":"同行圈","goods_sold_out":"商品已下架","peer_price":"同行价","online_exhibition":"本地商品","online_exhibition.tips1":"商品：80万件同行明价实时库存，实时率95%。","online_exhibition.tips2":"首页商品：最新上架商品，降价100元以上商品(45天最低价)。","online_exhibition.tips3":"文字搜索：搜索关键词越详细，结果越精准，结果较少时可使用模糊搜索。","online_exhibition.tips4":"图片搜索：图片搜索仅展示部分关联公价商品，结果较少时，可尝试文字搜索。","online_exhibition.tips5":"一键转发：支持一键下载图片复制文案转发朋友圈。","online_exhibition.tips6":"商品收藏：方便买手批量采购。","online_exhibition.tips7":"购买：同行贸易可小刀，砍价请温柔。","online_exhibition.tips8":"卖家：84000look for进销存会员商家，入驻均经平台审核。","online_exhibition.tips9":"线下付：支持查看店铺联系方式，线下交易有风险贸易前自行求信誉。","online_exhibition.tips10":"线上付：银联监管，物流签收24h到账，贸易更安全。","online_exhibition.tips11":"服务费：交易手续费0.6%，由买家承担。","online_exhibition.tips12":"钱包开通：我的-平台认证，用于线上付、鉴定估价查码等业务。","online_exhibition.tips13":"钱包：提现0.6%手续费，单笔限额十万月不封顶。","online_exhibition.tips14":"24h\/72h：商品支持全款操作，请与卖家二次确认。","online_exhibition.tips15":"出价：出价后，卖家可直接联系买家。","online_exhibition.tips16":"消息推送：联系84000look for客服","online_exhibition.tips17":"温馨提示：贸易过好成色细节，保留交易、物流细节;遇问题友好协商解决，非线上付订单平台不做担保，平台仅依据同行贸易逻辑进行协调。","tabbar.bid":"出价","tabbar.collect":"收藏","tabbar.product":"商品","agreed":"已同意","not_responded":"未回应","rejected":"已拒绝","each_other_agreed":"对方已同意","each_other_not_responded":"对方尚未回应","each_other_rejected":"对方已拒绝","you_have_agreed":"你已同意","you_have_not_responded":"你尚未回应","you_have_rejected":"你已拒绝","bid_search_placeholder":"搜索商品名称","give_you_offer":"给您出价","your_bid":"您的出价","bidder":"出价人","counteroffer":"还价人","contact_TA":"联系TA","i_received_bid":"我收到的出价","my_bid":"我的出价","input.bid_price":"请输入出价价格","his_bid":"他的出价","i_want_to":"我想要","input.bid_price.tips":"出价价格不能小于等于0","immediate_dicker":"立即还价","agree":"同意","reject":"拒绝","pages.collect.lists.on_sale":"有效商品","pages.collect.lists.sold_out":"失效商品","form.real_name":"真实姓名","input.real_name.tips":"请输入真实姓名","hot_search_price":"热门查价","explore_now":"立即探索","historical_check":"历史查价","popular_brand":"人气品牌","public_price_inquiry":"公价查询","public_price_detail":"公价详情","counter_price":"专柜价","market_data":"行情数据","market_average_price":"行情均价","market_near_90day_price":"近90天行情价","public_price_detail.tips0":"数据源为对外销售商品展示价格，价格受成色年限等因素影响，仅供参考","info":"信息","error_feedback":"有误反馈","public_price_inquiry_feedback":"公价查询反馈","input.model":"请输入型号","input.counter_price":"请输入专柜价","content_supplement":"内容补充","input.content":"请输入补充内容","public_price_inquiry_feedback.tips0":"上传【有效截图】可以让问题优先被发现哦~","send":"发送","maintenance_search":"搜索保单名称\/独立编码\/关键字","repair":"维修","service_cost":"服务成本","charge_amount":"收费金额","perfect_singular":"完成单数","actual_cost":"实际成本","actual_charge":"实际收费","diamond_setting":"镶钻","maintenance.tips0":"店铺承接维修保养业务订单","maintenance.tips1":"1.支持创建服务订单，包括服务金额、成本、维修人员、接单人员、服务项目等。","maintenance.tips2":"2.支持进行中、已完成、已取消的维修服务，支持编辑、查看、筛选、分享等操作。","confirm_delete_select_receipt":" 确定删除已选中的受理单?","in_progress":"进行中","completed":"已完成","by_latest_complete":"按最近完成","by_longest_complete":"按最久完成","by_latest_cancel":"按最近取消","by_longest_cancel":"按最久取消","maintenance_receipt_details":"维修受理单详情","share":"分享","maintenance_details":"维修详情","extended_info":"扩展信息","service_type":"服务类型","estimated_charge":"预计收费金额","one_click_download":"一键下载","service_personnel":"服务人员","order_taker":"接单人员","estimated_service_cost":"预计服务成本","creation_time":"创建时间","creator":"创建人员","customer_info":"客户信息","store_sharing":"店铺分享","store_sharing.tips1":"允许查看店铺全部在售商品","is_show_detail_drawing":"是否展示细节图","prices_shown_sharing":"分享时展示的价格","set_applet_cover":"设置小程序封面","add_maintenance_receipt.tips1":"以下标*信息是必填项","add_maintenance_receipt.tips2":"【维修保养人员类型管理】","add_maintenance_receipt.tips3":"中添加","input.goods_name50":"请输入商品名称（50字内）","service_type_multiple_choice":"服务类型（可多选）","input.estimated_charge0":"请输入服务所需的费用，不填默认为0","service_personnel_select":"请选择服务人员","order_taker_select":"请选择接单人员","remark_placeholder":"例如：机芯损坏，需要返厂维修，时长半个月...","confirm_creation_service":"确认创建服务","show_all_employees":"显示全部员工","add_costom_service_type":"添加自定义服务类型","input.add_costom_service_type10":"请输入自定义服务类型（限10个字）","add_service_cost":"新增服务成本","maintenance_content":"维修内容","input.maintenance_content":"请输入维修内容","input.service_cost":"请输入服务成本","buying":"买入","uploading":"上传中","edit.repair":"编辑维修保养受理单","add.repair":"新增维修保养受理单","my_big_brand":"我的大牌","peers_looking_for_goods1000":"1000+个同行正在找货","all_brand":"全部品牌","latest_release":"最新上架","unit":"件","release_style_requirements":"发布款式需求","new_recommendations_daily":"每日上新推荐","one_click_inbound":"一键入库","my_container":"我的货柜","goods_on_sale":"已售货品","goods_being_sold":"在售商品","share_log":"分享记录","share_log.tip0":"左滑可删除，删除分享记录后，该分享链接将失效","share_choice":"分享选择","show_prices":"显示价格","sharer":"分享人","contact_information":"联系方式","shop_card":"店铺名片","by_latest_repair":"按最近维修","by_longest_repair":"按最久维修","cancael_reason":"取消原因","input.cancel_order":"请输入取消原因","input.actual_amount":"请输入实际金额","complete_service":"完成服务","actual_amount":"实际金额","input.actual_charge":"请输入实际收费金额","input.actual_cost":"请输入实际成本","product.edit":"商品编辑","open_vip":"开通会员","online_exhibition_vip":"对外销售VIP（买货）","open_vip.tip0":"开通会员，畅享专属VIP服务。","open_vip.tip1":"1w+用户已开通VIP","open_vip.tip2":"开通对外销售VIP","vip":"会员","vip_exclusive_privilege":"VIP专享超级特权","more_privileges":"更多特权","pay_after_discount":"优惠后实付","open_immediately":"立即开通","member_service_agreement":"《会员服务协议》","sales_and_inventory":"进销存","data_analysis":"数据分析","pc_back_end":"PC端后台","online_exhibition_sellers":"对外销售卖家","small_program_store":"小程序店铺","multi_platform_synchronization":"多平台同步","appraisal_and_valuation":"鉴定估价","not_available":"未上架","identify_order":"鉴定估价订单","deleting":"删除中","logout":"退出登录","loading":"加载中","confirm_to_agree":"确认同意?","confirm_to_reject":"确认拒绝?","saler_tools.pages.base.share.shop.total_cost":"成本价","saler_tools.pages.base.share.shop.peer_price":"同行价","saler_tools.pages.base.share.shop.agent_price":"代理价","saler_tools.pages.base.share.shop.price":"销售价","share_goods":"分享商品","share_shop":"分享店铺","saler_tools.pages.base.share.lists.total_cost":"成本价","saler_tools.pages.base.share.lists.peer_price":"同行价","saler_tools.pages.base.share.lists.agent_price":"代理价","saler_tools.pages.base.share.lists.price":"销售价","pages.message":"消息","pages.my":"我的","pages.collect":"收藏","pages.work":"工作台","pages.home":"首页","version":"当前版本","user_agreement":"用户协议","service_agreement":"服务协议","privacy_policy":"隐私协议","operate":"操作","settlement_price":"结算价","selected_goods":"已选商品","goods_transferred_out":"转出商品","one_click_clear":"一键清空","confirm_one_click_clear":"确认一键清空?","confirm_delete_select_goods":"确认删除所选商品?","add_to":"添加到","commodity_inventory":"商品盘点","commodity_inventory.tip0":"如果盘点结束，记得点击【完成】哦~","inventory_code":"盘点编号","requested_goods":"应盘商品","ordered_goods":"已盘商品","existing_goods":"存在商品","missing_goods":"缺失商品","inventory_checker":"盘点人","create_inventory":"创建商品盘点","commodity_inventory.top0":"商品支持多种方式的盘点","commodity_inventory.top1":"1.仓库盘点","commodity_inventory.top2":"2.临时仓盘点","commodity_inventory.top3":"3.质押商品盘点","commodity_inventory.top4":"4.商品位置盘点","commodity_inventory.top5":"5.支持扫码盘点:需商品提前挂好二维码标签","you_will_delete":"您将删除","you_will_complete":"您将完成","select_inventory_type":"选择盘点类型","inventory_store":"仓库盘点","inventory_temp_store":"临时仓盘点","inventory_pawned_goods":"质押商品盘点","inventory_watch_location":"商品位置盘点","own_goods":"自有商品","select.inventory_name":"请选择盘点人员","form.inventory_name":"盘点人员","createSuccess":"创建成功","create":"创建","inventory.tip1":"选择需要盘点的商品属性","inventory.tip2":"请选择需要盘点的商品分类","inventory_name":"盘点名称","input.inventory_name":"请输入盘点名称","select.temp_inventory":"选择临时仓盘点","select.watch_location":"选择商品位置盘点","inventory":"盘点","inventory_lists_completed":"盘点列表-已完成","inventory_lists_underway":"盘点列表-进行中","modify_inventory_status":"修改盘点状态","not_counted":"未盘点","counted":"已盘点","check_form":"请检查表单","not_found":"找不到数据","form.work_name":"职责","input.work_name.tips":"请输入职责","select.principal":"请选择负责人","form.principal":"负责人","form.weacht":"微信号","input.weacht.tips":"请输入微信号","form.whats_up":"whats up","input.whats_up.tips":"请输入whats up","form.mobile":"手机号","input.mobile.tips":"请输入手机号","add.contact":"新增联系人","edit.contact":"编辑联系人","contact_way":"联系方式","confirm_delete_contact":"确认删除该联系人?","select_type":"选择类型","add_type":"添加类型","selected_type":"已选择类型","amount":"金额","input.amount":"请输入金额","image":"图片","max_img_count3":"最多3张图片","original_total_cost":"原始总成本","parameter_error":"参数错误","form.additional_total_cost":"总成本价","input.order_billing_count":"请输入开单数量","transaction_price":"成交价格","input.final_selling_price":"请输入最终售价","select_sales_time":"选择销售时间","order_type_setting":"订单类型设置","wait_deliver_goods":"待发货","BW":"腕表","XB":"箱包","ZB":"珠宝","XX":"鞋靴","FS":"服饰","QT":"其他","PS":"配饰","input.search":"请输入搜索内容","please_select":"请选择","price":"价格","cost_price":"成本价","condition":"成色","idle":"闲置未使用","no_lock":"未锁单","select_employee":"请选择员工","form.shop_name2":"店铺名称2","please_setting_authority":"请开启【设置权限】按钮再进行权限设置","input.authority":"请输入权限名称进行搜索","marketing_poster":"营销海报","multiple_graphs_share":"多图分享","product_share":"商品分享","consignment_delivery":"寄卖传送","consignment_delivery_lists":"寄卖传送列表","switch_default_price.tip":"切换默认价格后，修改的结算价将被所选的原商品价覆盖，是否确定此操作？","settlement_price_default":"结算价默认为","consignment_delivery.tip1":"货主在仓库挑货，挑选完成后等待接收方提取","claim_code":"提取码","gross_merchandise_inventory":"商品总库存","gross_merchandise_valuation":"商品总估价","to_be_withdrawn":"待提取","create_consignment_delivery":"创建寄卖传送","consignment_delivery.tip2":"输入传送列表中的取件码进行提货","claim_code_transfer_order":"请输入八位传送单取件码","extract":"提取","consignment_delivery.tip3":"进行寄卖传输单的创建，可实现商品从A店铺到B店铺的图片和详情传输","consignment_delivery.tip4":"1.发送方:创建传输列表，可快速从仓库中选择商品，并支持结算价一键使用销售价、同行价、代理价、成本价结算。","consignment_delivery.tip5":"2.接收方:输入8位发送方提取码，可一键提取商品，只需在仓库完成定价即可上架销售。","consignment_delivery.tip6":"删除寄卖传送列表会导致接收方的寄卖传送商品被清空，请谨慎删除！","receive":"接收","shop_logo":"店铺LOGO","shop_logo.tips":"用于对外销售展示","shop_qr_code":"店铺二维码","shop_registration_time":"店铺注册时间","certificate_name":"认证名称","telephone":"固定电话","input.telephone":"请输入固定电话","detailed_address":"详细地址","phone_number":"电话号码","input.phone_number":"请输入电话号码","shop_profile":"店铺简介","input.shop_profile":"请输入店铺简介","unedited_state.tips":"当前处于非编辑状态，请按下方按钮切换状态","shop_info":"我的小店","setup_center":"设置中心","personal_settings":"个人设置","personal_data":"个人资料","avatar":"头像","shop_info.tips":"店铺（LOGO、名称、地区、地址）、上传小程序封面","message_notification":"消息通知","message_notification.tips":"店铺消息、好友通知、系统消息等","address_administration":"地址管理","account_association":"账号关联","wechat_binding":"微信绑定","bound":"已绑定","cell_phone_number":"手机号码","email_address":"电子邮箱","not_bound":"未绑定","shop_parameter_setting":"店铺参数设置","lock_invoice_voucher_must_be_set":"锁单开单凭证必填设置","online_exhibition_default_parameter_settings":"对外销售默认参数设置","maintenance_personnel_type_management":"维修保养人员类型管理","additional_cost_type_settings":"附加成本类型设置","shop_classification_management":"店铺分类管理","order_type_management":"订单类型管理","exhibition_location_management":"对外销售管理","joint_venture_and_online_exhibition_setup":"对外销售设置","the_selling_price_is_visible_to_fans":"销售价对粉丝可见","peer_price_is_visible_to_fans":"同行价对粉丝可见","blacklist":"黑名单","contact_way.tips":"修改\/添加（店铺联系人、店铺员工）","upload_the_cover_of_affiliate_and_online_exhibition_shop":"上传对外销售店铺封面","other_settings":"其他设置","about_us":"关于我们","check_version":"检查版本","current_version":"当前版本","personal_information_and_permissions":"个人信息与权限","third_party_information_sharing_list":"第三方信息共享列表","clear_cache":"清除缓存","register_shop":"注册店铺","storage_age_warning":"库龄预警","early_warning_record":"预警提示记录","storage_age_is_more_than":"库龄超过","storage_age_warning.tips1":"1.依据商家需求可针对商品属性、商品分类选择预警提醒周期。","storage_age_warning.tips2":"2.可快速检索长库龄商品，进行价格调整、库存分析、销售动作等。","storage_age_warning.tips3":"3.支持按库龄周期筛选商品，进行分享转发促进销售。","reminded_goods_count":"已提醒商品总数","reminded_goods_value":"已提醒商品总价值","expired_reminder":"已过提醒","email_login":"邮箱登录","bind_mailbox":"绑定邮箱","email":"电子邮箱","please_wait_a_minute":"请等待一分钟后重试","email_already_bind":"邮箱已被绑定过了","is_email_login":"是否开启邮箱登录","personal_password":"本人密码","input.personal_password":"请输入本人密码","modify_success":"修改成功","image_type_error":"只允许jpeg、png格式图片","image_size_error":"图像大小不能超过2m","change_login_type":"切换登录方式","wechatLogin":"微信登录","phoneLogin":"手机号码登录","account":"账号","emailLogin":"邮箱登录","input.phone":"请输入手机号码","input.email":"请输入电子邮箱","input.wechat":"请输入微信号","email_login_is_not_enabled":"邮箱登录尚未开启","logging_in":"正在登录...","invalid_goods":"失效商品","on_sale_goods":"在售商品","detail_picture":"细节图片","synthesis":"综合","daily":"日报","monthly":"月报","sales_analysis":"销售分析","recovery_analysis":"回收分析","asset_analysis":"资产分析","additional_cost_analysis":"附加成本分析","pledged_goods_analysis":"质押商品分析","data_analysis.tips":"实时查看店铺经营数据","current_shop":"当前店铺","order":"订单","total_sales_volume":"销售总量","total_sales":"销售总额","profit":"利润","total_returned_goods_units":"退货总量(件)","total_returned_goods_money":"退货总额(元)","return_profit":"退货利润","total_amount_inbound":"入库总量","total":"总计","total_cost_inbound":"入库总成本","money":"元","total_shelf_volume":"上架总量","total_amount_lock":"锁单总量额","product":"商品","settlement_total":"结算总量","settlement_total_sales":"结算销售总额","settlement_total_cost":"结算总成本","settlement_profit":"结算利润","only_additional_cost_goods_in_warehouse":"仅统计仓库内的商品附加成本（不包含已开单和已删除商品）","quantity_goods":"商品数量","total_money":"总金额","proportion":"占比","unit_a":"个","agent_commission":"代理提成","strap_or_accessories":"表带\/配件","courier_fee":"快递费","Maintenance_and_washing":"保养洗护","type_of_additional_cost":"附加成本类型","click_landscape_to_view":"点击横屏查看","attribute":"属性","particulars":"明细","cost":"成本","gross_amount_cost":"成本总额","attribute_analysis":"属性分析","category_analysis":"品类分析","to":"至","quantity_pledged":"质押数量","total_amount_pledged":"质押总金额","redemption_quantity":"赎回数量","pledge_leaderboard":"质押排行榜","total_cost_recovery":"总回收成本","total_quantity_recovered":"回收总数量","entry_details":"进入详情","sales_leaderboard":"销售排行榜","tips":"提示","single_sales":"单人销售","single_sales_tips":"当一笔订单存在多个人销售人员时，只统计第一个销售人员","multiple_sales":"多人销售","multiple_sales.tips":"当一笔订单存在多个人销售人员时，会统计到多人名下","cost_recovery":"回收成本","recycle_and_sell":"回收后售出","sales_amount":"销量","payroll_management":"薪资管理","payroll":"薪资","swipe_left_to_delete":"左滑可删除","gross_salaries":"薪资总额","payroll_management.tips":"创建员工薪资方案，根据实际业务统计销售人员的销售提成、回收提成，以及维修保养成本，发放薪资可锁定薪资明细。","other_time":"其他时间","to_be_issued":"待发放","salary_commission_details":"薪资提成明细","select.employee":"选择员工","date_on_board":"入职日期","selective_need_statistics":"选择需要统计业绩的商品属性","other_orders":"其他订单","customer_orders":"客户订单","friend_orders":"友商订单","agent_orders":"代理订单","test_control":"测试对照","total_gross_profit":"毛利润总额","total_cost_recovered_by_TA":"TA回收的成本总额","online":"线上","other":"其他","peer":"同行","store":"门店","general":"通用","the_profits_generated_by_TA_recycling":"TA回收产生的利润","profit_on_maintenance":"维修保养利润","basic_salary":"底薪","other_money":"其他款项","sales_commission":"销售提成","set_default_commission":"设置默认提成","sales_points":"销售额提点","option":"方案","gross_profit_points":"毛利润提点","commission_on_sales":"销售件数提成","recovery_commission":"回收提成","cost_recovery_points":"回收成本提点","commission_on_unit_recovered_pieces":"回收件数提成","TA_recycling_generated_profit_points":"TA回收产生的利润提点","maintenance_commission":"维修保养提成","maintenance_profit_commission":"维修保养利润提成","click_fold":"点击收起","click_unfold":"点击展开","issued":"已发送","await_issue":"待发放","issued_payroll":"发放薪资","total_original_cost_of_recovered_goods":"回收商品原始总成本","total_additional_cost_of_recovered_goods":"回收商品附加总成本","sales_points.tips1":"1、销售额提点 = 订单销售金额 * 提成比例","sales_points.tips2":"2、不同订单类型可设置不同的提成比例","gross_profit_points.tips1":"1、毛利润提点 = ( 订单销售金额-订单成本金额 ) * 提成比例","gross_profit_points.tips2":"2、不同订单类型可设置不同的提成比例","commission_on_sales.tip1":"1、销售件数提点 = 订单销售金额 * 提成比例","commission_on_sales.tip2":"2、不同订单类型可设置不同的提成比例","cost_recovery_points.tips1":"1、回收成本 = 当月回收的商品成本总额 * 提成比例","cost_recovery_points.tips2":"2、不同回收类型可设置不同的提成比例","commission_on_unit_recovered_pieces.tips1":"1、回收件数提成 = 当月回收的商品件数 * 提成比例","commission_on_unit_recovered_pieces.tips2":"2、不同回收类型可设置不同的提成比例","TA_recycling_generated_profit_points.tips1":"1、TA回收生产的利润提点 = TA回收的商品被售出后的利润 * 提成比例","TA_recycling_generated_profit_points.tips2":"2、不同回收类型可设置不同的提成比例","maintenance_profit_points":"维修保养利润提点","maintenance_profit_points.tips1":"1、维修保养利润利润提点 = 维修保养利润 * 提成比例","sales_commission_default_setting":"销售提成默认设置","reclaim_commission_default_setting":"回收提成默认设置","reclaim_profits_from_production":"回收生产的利润提点","comfirm_save_payroll_particulars":"确认保存该员工当月薪资明细？","confirm_save":"确认保存","comfirm_issue_payroll":"确认发放该员工当月薪资？","confirm_issue":"确认发放","general_percentage_of_commission":"未选择回收类型的商品和订单，默认使用【通用】的提成比例","issued_payroll_not_editable":"薪资已发放,不可编辑","other_keep_accounts":"其他记账","all_categories":"全部分类","expenditure":"支出","income":"收入","write_down":"记一笔","other_keep_accounts.tips1":"记录非回收类业务的支出，方便查看当月或历史的额外支出和收入，例如：房租、水电等。","all_staff":"全部员工","billing_details":"账单详情","type":"类型","manual_creation":"人工创建","serial_numbers":"流水号","associated_order_number":"关联订单号","occurrence_date":"发生日期","amount_of_expenditure":"支出金额","fill_amount":"填写金额","selective_classification":"选择分类","select_date":"选择日期","input.remark50":"请输入备注信息（限50个字）","add_costom_classification":"添加自定义分类","input.costom_classification10":"请输入自定义分类（限10个字）","maintenance_fees":"维修费","exhibition_fees":"营销费","total_deposit":"定金总额","exp_trans_price":"预计成交总额","earnest_money":"定金","expected_transaction":"预计成交","total_original_cost_of_goods":"商品原始总成本","additional_cost_of_goods":"商品附加成本","by_latest_lock":"按最近锁单","by_longest_lock":"按最久锁单","by_highest_earnest_money":"按定金最高","by_lowest_earnest_money":"按定金最低","lock_details":"锁单详情","lock_record":"锁单记录","view_product_details":"查看商品详情","deposit_payment":"定金支付","last_updated_time":"最近更新时间","lock_remark":"锁单备注","ticket_holder":"锁单人员","lockout_time":"锁单时间","quantity_of_ticket":"锁单数量","unlock_success":"解锁成功","operation_log":"操作日志","operating_personnel":"操作人员","operation_module":"操作模块","operating_time":"操作时间","operation_content":"操作内容","operation_log.tips0":"可回溯员工相关操作、查看操作的完整链路","all_modules":"全部模块","order_modification_record":"订单修改记录","before_modification":"修改前","after_modification":"修改后","statement_of_account":"对账单","create_statement":"创建对账单","selected_product_attributes":"已选商品属性","total_cost_of_statement":"账单总额","statement_of_account.tips1":"创建需对账单的货品成本和现金金额，方便财务人员查看当月或历史的货品和资金周转情况。","comfirm_delete_statement":"确认删除该对账单？","have_deleted":"已删除","select_statement_type":"请勾选对账类型","total_cost_of_goods":"商品总成本合计","cash":"现金","total_assets":"总资产","cost_of_goods":"商品成本","due_funds":"应有资金","sales_profit":"销售利润","service_profit":"服务利润","other_income_and_expenditure":"其他收支","payroll_expenses":"薪资支出","commodity_consignor":"商品委托方","pledged_price":"质押价","call_price":"赎回成交价","redemption_time":"赎回时间","total_inventory":"总库存","sold_count":"已售","usable":"可用","warehouse_billing":"仓库开单","temporary_invoice":"临时仓开单","customerServiceTitle":"欢迎您联系我们，提供您宝贵的意见！","quick_navigation":"快捷导航","sign_out":"注销","pages.member.sign_out":"注销","comfirm_sign_out":"确定注销","is_comfirm_sign_out":"是否确定注销？","sign_out_success":"注销成功","logouting":"正在注销...","captcha_error":"验证码错误","captcha_expired":"验证码已失效","system_center":"系统设置","pages.product.add":"发布","shop_apply_already_exist":"店铺已存在","search":"搜索","not_yet_open":"暂未开放","ADD_ORDER":"待发货","RETURN_ORDER":"退货","LOCK_ORDER":"锁单","FINISH_ORDER":"订单完成","CANCEL_ORDER":"订单取消","select_show_price":"选择需要展示的价格","diy_price":"自定义价格","input.diy_price":"请输入自定义价格","select_goods_share":"选择商品分享","online_exhibition_cover":"对外销售封面","cur_new_version":"当前已是最新版本","mini_program_cover":"小程序封面","suggested_aspect_ratio_of_5:4":"建议长宽比为8:3","recycle_type_settings":"回收类型设置","tag_settings":"标签设置","download_images":"下载图片","copy_text":"复制文字","switch":"切换","convenient_operation":"便捷操作","download":"下载","copy_success":"复制成功","save_loading":"保存中","noChat":"温馨提示：您现在还没有任何聊天消息，快跟您的好友发起聊天吧~","reconnecting":"连接已断开，尝试重新连接...","delete_chat":"删除该聊天","top_chat":"置顶该聊天","appc.totol_cost":"成本价","appc.customer_service":"联系客服","appc.bid_search_placeholder":"搜索商品名称","appc.condition_used":"二手","appc.condition_new":"全新未使用","appc.sale_price":"销售价","appc.price":"销售价","appc.agent_price":"代理价","appc.total_cost":"成本价","appc.peer_price":"同行价","appc.copy_text":"复制文字","appc.download_images":"下载图片","appc.switch_grids":"切换宫格","appc.switch_swiper":"切换轮播","appc.product_detail":"商品详情","appc.product_info":"商品信息","appc.goods_description":"商品描述","appc.brand":"品牌","appc.series":"系列","appc.model":"型号","appc.copy":"复制","appc.copy_success":"复制成功","appc.cancel":"取消","appc.OK":"确定","appc.tips":"提示","appc.download_tips":"是否确定下载图片到手机相册中？","appc.download_success":"下载成功","unable_to_contact_oneself":"不能联系自己","goods_no_stock":"商品库存不足","my_shop":"我的店铺","goods_image_be_empty":"商品图片不能为空","selected":"已选","query_price_max":"最高价格","query_price_min":"最低价格","goods_lock_num_not_del":"商品存在锁单无法删除","transfer_to_temp_warehouse":"转入临时仓","QRCode":"二维码","service_type_setting":"服务类型设置","product_position_setting":"商品位置设置","product_tips":"商品贴士","select_at_least_one":"请至少选择一个商品","transaction_price_cannot_empty":"成交价格不能为空","cannot_bid_on_myself":"不能对自己的商品出价","order_is_returneed":"订单已退货","please_select_order":"请选择订单","please_input_price":"请选择订单","please_input_money":"请填写金额","pledge_time":"质押到期时间","select_pledge_time":"请选择质押到期时间","contact_info_of_client":"委托方联系方式","select_goods_attribute":"请选择商品属性","goods_name_require":"商品名称不能为空","select_recycle_type":"请选择回收类型","select_expire_time":"请选择质押到期时间","redeemed":"已赎回","expired":"已到期","not_redeemed":"未赎回","delivery_status":"发货状态","category_ids_not_empty":"商品分类不能为空","bill_name":"账单名称","input.bill_name":"请输入账单名称","total_revenue":"总收益","my_qrcode":"我的二维码","shop_not_available_im":"商家未开通即时通讯服务","im.group":"群聊","im.loading_message":"正在初始化页面,请稍后...","im.at_me":"[有人@我]","im.at_all":"[@全体成员]","im.read":"已读","im.unread":"未读","im.read_count":"人已读","im.just_now":"刚刚","im.minute_ago":"分钟前","im.yesterday":"昨天","im.online":"用户当前在线","im.send":"发送","im.send_failed":"发送失败","im.empty_message":"不能发送空白信息","im.text":"文本","im.image":"图片","im.voice":"语音","im.video":"视频","im.voice_call":"语音通话","im.video_call":"视频通话","im.push_off_line":"'您已在其他地方登录，将被强制下线'","appc.goods_video":"商品视频","appc.nothing":"无","network_error":"网络错误","appc.network_error":"网络错误","retrieve_password":"找回密码","email_code":"邮箱验证码","image_code":"图片验证码","input.image_code":"请输入图片验证码","error_email_not_exist":"邮箱不存在","reset":"重置","wait_pay":"待支付","wait_supply":"待补充","finish":"已完成","cancelled":"已取消","identifying":"估价中","local_products, ":"本地商品","international_products":"国际商品","local_products":"本地商品","shop":"店铺","appraiser_application":"估价师申请","apply_for":"申请","apply_success":"申请成功","to_be_valued":"待估价","to_be_continued":"未完成","abandon_valuation":"放弃估价","view_details":"查看详情","shop_already_exist":"该店铺已存在","estimate_immediately":"立即估价","suggest_recycling_price":"建议回收价","input.suggest_recycling_price":"请输入建议回收价","select.appraisal_result":"请选择鉴定结果","input.appraisal_remark":"请输入您的鉴定留言","identify_user_error":"鉴定师身份异常","submit":"提交","abandoned":"已放弃","to_be_appraised":"待鉴定","abandon_appraisal":"放弃鉴定","confirm_abandon":"确定放弃估价吗？","apply_for2":"很抱歉，您已被拉黑","apply_for1":"您已完成鉴定师，立即开始鉴定吧！","apply_for0":"您的申请尚在审核中，请耐心等候","download_success":"下载成功","your_appraisal":"您给出的鉴定","you_abandon_appraisal":"您已放弃对该商品进行鉴定","appc.goods_not_found":"商品找不到","store_closed":"店铺已关闭","appc.store_closed":"店铺已关闭","input.country_code.tips":"请选择国家","store_country":"所属国家","public_price_inquiry_list":"公价查询列表","store_data":"店铺数据","visitor_num":"店铺访客量","product_views_num":"商品浏览量","contact_info_num":"联系方式点击量","user_not_exist":"用户不存在","country_or_region":"国家\/地区","model_no":"型号编号"}