{"storeID":"가게 번호","expire":"만기","warehousing":"금일 입고","billing":"오늘 장부를 결산하다.","storeWallet":"가게 지갑","saveQRCode":"qr 코드를 저장하다","joinMember":"회원 개설","noviceGuide":"초보자 가이드","inviteFriends":"친한 친구를 초대하다.","inviter":"내가 초대한 사람","securityDeposit":"보증금","withdraw":"현금 인출","commissionDetail":"수수료 내역","topUpDetails":"충전 내역","punishDetails":"처벌 명세","quickService":"신속한 서비스","personalReputation":"개인 신용도","transfer":"나의 양도","auction":"내 경매","deal":"나의 거래","complaint":"저의 불만은","like":"좋아요","collect":"나의 수집품","bid":"내 입찰 가격","aboutPlatform":"플랫폼에 관하여","personalData":"개인 정보","switchLanguage":"언어 전환","experienceStoreVIP":"매장 vip 체험","CNY":"인민폐","USD":"달러","HKD":"홍콩 달러","EUR":"유로","JPY":"엔","GBP":"파운드","AUD":"호주달러","RUB":"러시아 루블","CAD":"캐나다 달러","CHF":"스위스 프랑","DKK":"덴마크크로네","NOK":"노르웨이 크로네","SEK":"스웨덴 크로나","NZD":"뉴질랜드 달러","SGD":"싱가포르 달러","THB":"바트","BRL":"브라질 레알","MXN":"멕시코 달러","saler_tools.pages.index.index":"luxur cener","saler_tools.pages.member.index":"회원 센터","saler_tools.pages.inbound.index":"입고","saler_tools.pages.outbound.index":"출고","saler_tools.pages.warehouse.inStockInvoice":"재고 상품 출고 증명서","saler_tools.pages.warehouse.notInStockInvoice":"재고 외 상품에 대한 출고 증명서","saler_tools.pages.warehouse.sampleGraph":"예시도","pages.auth.login.logining":"로그인 중","pages.auth.login.usernamePlaceholder":"계좌 번호를 입력해 주십시오","pages.auth.login.passwordPlaceholder":"비밀번호를 입력하십시오.","pages.auth.login.resetpwd":"비밀번호를 잊어버리다","pages.auth.login.noAccount":"아직 계좌번호가 없습니다.","pages.auth.login.toRegister":"등록하러 가다","pages.auth.login.agreeTips":"등록은 동의를 의미합니다","pages.auth.login.isAgreeTips":"먼저 읽으시고 합의서에 동의하세요","pages.auth.login.mobilePlaceholder":"핸드폰 번호를 입력하세요","pages.auth.login.oneClicklogin":"바로 로그인","pages.auth.login.accountLogin":"계정 비밀번호 로그인","pages.auth.login.accountLoginTip":"계좌 번호 비밀번호를 입력하여 로그인하다","pages.auth.login.accountLoginError":"업체에서 계좌 번호 비밀번호를 아직 열어 로그인하지 않았다","pages.auth.login.mobileLogin":"핸드폰 번호 등록","pages.auth.login.mobileLoginTip":"핸드폰 번호 인증 번호를 입력하여 등록하다","pages.auth.login.mobileLoginError":"가게에서 아직 휴대전화 번호 등록을 하지 않았다","pages.index.close":"사이트 닫음","pages.index.nosite":"사이트가 존재하지 않습니다.","pages.index.develop":"개발 환경 설정","pages.article.list":"정보 센터","pages.article.detail":"문장의 자세한 상황","pages.auth.index":"로그인","pages.auth.agreement":"협의","pages.auth.bind":"핸드폰 번호 바인딩","pages.auth.login":"로그인","pages.auth.register":"등록","pages.auth.resetpwd":"비밀번호 찾기","pages.member.account":"회원 계정","pages.member.address":"배송 주소","pages.member.address_edit":"받을 주소를 편집합니다","pages.member.apply_cash_out":"현금 인출을 신청하다","pages.member.balance":"내 잔고","pages.member.point":"제 점수","pages.member.point_detail":"적분 내역","pages.member.level":"회원 등급","pages.member.sign_in":"나의 체크 마크","pages.member.cash_out":"현금 인출 기록","pages.member.cash_out_detail":"현금 인출 상황","pages.member.commission":"나의 커미션","pages.member.detailed_account":"납입 내역","pages.member.personal":"개인 정보","pages.member.contact":"콜","pages.pay.browser":"지불","pages.setting.index":"설정","pages.verify.index":"체크 아웃대","pages.verify.verify":"말소","pages.verify.detail":"상세한 상황을 심사하여 삭제하다.","pages.verify.record":"기록을 대조 폐기하다.","pages.index.index":"luxur cener","pages.member.index":"회원 센터","pages.product.inbound.list":"입고","pages.goodsForSale.list":"판매 중 상품","pages.product.notInStockInvoice.list":"재고 외 상품에 대한 출고 증명서","pages.goodsForSale.sampleGraph":"예시도","pages.product.editParam":"추가 비용 유형 설정","pages.product.detail":"상품상세정보","pages.product.billing":"상품 전표","pages.order.detail":"주문서 상세정보","pages.log.order":"주문서 수정 기록","pages.order.list":"주문서 관리","pages.auth.list":"직원 권한","pages.product.brand":"브랜드","pages.product.position":"저장소 위치","pages.temporary.list":"임시창고","pages.temporary.select":"이월할 임시실을 선택하다","pages.repair.lists":"보수하고 정비하다","pages.repair.detail":"수리 및 정비 주문서 상세 사항","pages.repair.edit":"편집 수리 및 정비 접수표","pages.consignmentDelivery.list":"위탁 판매 전송","pages.consignmentDelivery.item":"위탁 판매 전송 상품 리스트","pages.lockingList.list":"자물쇠 상품","pages.lockingList.detail":"잠금 목록 자세한 정보","pages.delivery.list":"출하관리","pages.inventory.list":"상품을 실사하다","pages.inventory.underway":"재고 조사 목록-진행 중","pages.inventory.detail":"상세한 상황을 조사하다.","pages.storageAge.list":"창고 연령 경보","pages.payroll.lis":"급여 관리","pages.payroll.detail":"급여 공제 명세서","pages.inventory.temporaryWarehouse":"이월할 임시실을 선택하다","pages.inventory.warehouse":"창고 만들기 재고 조사","pages.inventory.pledge":"저당상품 재고조사를 만들다","pages.inventory.position":"상품의 위치를 선택하여 실사하다","pages.keepAccounts.list":"기타 기장","pages.keepAccounts.edit":"한 획 쓰다","pages.keepAccounts.detail":"명세서 상세","pages.shopBill.lists":"계산서","pages.shopBill.edit":"명세서 편집","pages.log.list":"작업 로그","pages.pledge.list":"저당 잡힌 상품","pages.employeeAuthority.edit":"직원 권한","pages.dataAnalysis.list":"데이터 분석","pages.dataAnalysis.salesVolume":"판매 분석","pages.dataAnalysis.recycle":"재활용 분석","pages.dataAnalysis.assets":"자산 분석","pages.dataAnalysis.additionalCost":"부가원가분석","pages.dataAnalysis.pledgedGoods":"저당품 분석","requestFail":"요청 실패","notInDomainList":"유효한 request 도메인 목록에 없습니다","baseUrlError":"인터페이스 요청이 잘못되었습니다. vite_app_base_url 설정 또는 유사 정적 설정을 확인하십시오","currency":"￥","getSmsCode":"인증 코드 가져오기","smsCodeChangeText":"초 후 다시 가져오기","captchaTitle":"확인을 완료하십시오.","confirm":"확인","cancel":"취소","save":"저장","delete":"삭제","captchaPlaceholder":"인증번호를 입력해주세요","mobilePlaceholder":"핸드폰 번호를 입력해 주세요","mobileError":"정확한 휴대전화 번호를 입력해 주세요","codePlaceholder":"핸드폰 인증번호를 입력해주세요","memberCenter":"개인 센터","userAgreement":"사용자 협의","and":"와","privacyAgreement":"프라이버시 규약","isAgreeTips":"먼저 읽으시고 합의서에 동의하세요","nickname":"닉네임","nicknamePlaceholder":"닉네임을 입력해 주세요","headimg":"얼굴을","headimgPlaceholder":"얼굴 사진을 설정해 주세요","getAvatarNickname":"닉네임 얼굴을 가져옵니다","getAvatarNicknameTips":"사용자 아바타, 닉네임 완벽한 개인 정보 획득은 주로 사용자에게 식별도가 있는 사용자 중심 인터페이스를 제공하는 데 쓰인다","mobile":"핸드폰 번호","getMobile":"핸드폰 번호 찾기","mobileTips":"핸드폰 번호 받으십시오","point":"포인트","balance":"잔고","login":"로그인","bind":"바인딩","binding":"바인딩 중","bindMobile":"핸드폰 번호 바인딩","agreeTips":"읽어보시고 동의해주세요","pleaseAgree":"읽은 내용을 체크하고 동의하십시오","weixinUserAuth":"원키 바인딩","mobileQuickLogin":"핸드폰 번호 단축 로그인","register":"등록","complete":"완료","close":"닫기","pay.orderInfo":"주문서 정보","pay.confirmPay":"지불을 확인하다","pay.payTitle":"지불을 확인하다","pay.notHavePayType":"이용가능한 지불 방식이 없습니다","pay.notObtainedInfo":"지불 정보가 없습니다","pay.paymentDocuments":"지불 서류","pay.paySuccess":"성공적으로 지불되었습니다.","pay.payFail":"지불 실패","pay.completePay":"지불이 완료되다","pay.incompletePay":"미지급","pay.getting":"지불 결과를 얻는 중","myBalance":"내 잔고","myPoint":"제 점수","customerService":"고객 서비스 연결","siteClose":"사이트 닫음","noSite":"사이트가 존재하지 않습니다.","scenic":"관광 명소","seeMore":"더 보기","way":"노선","hotel":"호텔","rise":"부터","cardReserve":"프로젝트 예약","card":"승차권 발급 카드","memberName":"회원 이름","memberCode":"회원 번호","reserve":"예약","reserveSuccess":"예약 성공","cardLink":"차 카","myLink":"나의","reserveBtn":"앞다투어 사다","cardBtn":"처리","soldOut":"이미 판매","unpaidOrder":"지불을 기다리다","waitingOrder":"사용을 기다리다","remainOrder":"완료","allOrder":"전체 주문서","myOrder":"나의 주문서","orderNo":"주문서 번호","actualPayment":"실제 지불","orderClose":"주문서 닫기","orderFinish":"수령을 확인하다","orderDetail":"자세 한 정보","wxPrivacyPopup.title":"사용자 프라이버시 보호 팁","wxPrivacyPopup.descBefore":"이 애플릿을 사용해 주셔서 감사드리며, 사용하시기 전에 먼저 읽어보고 동의하셔야 합니다","wxPrivacyPopup.descAfter":"동의하고 계속하기 클릭을 하면 귀하는 본 조항의 내용을 이해하고 동의함을 표시하며 본 조항은 귀하에게 법적구속력을 가집니다.동의하지 않을 경우 애플릿 기능을 더 이상 사용할 수 없습니다.","wxPrivacyPopup.disagree":"동의하지 않다","wxPrivacyPopup.agree":"동의하고 계속하다","wxPrivacyPopup.contractName":"사용자 프라이버시 보호 안내","wxPrivacyPopup.disagreeDesc":"개인정보 보호규약에 동의하지 않았으므로 관련 기능을 사용할 수 없습니다","starLevel":"별","star":"별","emptyAddress":"지금 받을 주소가 없습니다. 주소를 먼저 만들어주세요","addAddress":"상품 수령 주소 추가","selectAddress":"주소 선택","coupon":"쿠폰","warehousingOfGoods":"상품을 입고하다","ownGoods":"자사상품","consignmentGoods":"위탁 판매 상품.","pledgedGoods":"저당 잡힌 상품","otherGoods":"기타 상품","maintenance":"보수하고 정비하다","merchandiseBilling":"상품 전표","inStockInvoice":"재고 상품 출고 증명서","notInStockInvoice":"재고 외 상품에 대한 출고 증명서","slogan":"물건을 팔 수 있는 럭셔리한 매장 관리 소프트웨어","pages.language.title":"언어 전환","form.require_tips_log":"아래 첨자 *의 정보는 상품 입고의 필수항목입니다","goods_category":"상품 분류","goods_condition":"상품 순도","goods_image":"상품 이미지","form.goods_image_tips_log":"온라인 전시회에서 더 많은 트래픽을 얻는 데 도움이 또렷한 상품 사진을 업로드!건선, 로고, 그림자 등 없음.유효 픽셀의 70% 이상 가로 또는 세로, 최대 9개의 사진을 업로드할 수 있습니다","goods_attribute":"상품 속성","goods_attribute_tips_log":"상품의 속성은 상품정보를 보충하는 역할을 하며 상품의 검색과 선별에 도움을 준다","consignment_goods":"위탁 판매 상품.","pawned_goods":"저당 잡힌 상품","others":"다른","tips_i_see":"알겠어요.","form.goods_sku_tips_log":"공급자 또는 제조업체에 의해 제공되며, 각 제품의 생산 또는 공급 측면의 표시이다","form.goods_sku_placeholder":"상품 번호를 입력하십시오","form.goods_code_tips_log":"재고와 판매 기록을 내부적으로 관리하기 위해 판매자가 스스로 정의한 것입니다","goods_sku":"상품 코드","goods_code":"독립 인코딩","form.text_clear":"단추에 한 번 지우기","brand":"브랜드","form.brand_select_placeholder":"초딩 브랜드 입력해주세요","series":"시리즈","form.series_select_placeholder":"시리즈를 선택하세요","model":"모델","form.model_select_placeholder":"사이즈를 선택하십시오","condition_new":"새 미사용","condition_used":"중고","form.check_data":"폼을 확인하십시오.","error.find_goods_empty":"수선이 필요한 상품을 찾을 수 없습니다","error.goods_id_require":"수선이 필요한 상품으로 골라주세요","error.picture_cannot_be_empty":"제품 사진은 비어 있으면 안 됩니다","error.select_edit_data":"수정된 데이터를 선택하십시오","check_form_data":"폼을 확인하십시오.","base.data.add":"신규 데이터","base.data.edit":"데이터 편집","success":"작업 성공","sex.male":"남자","sex.female":"여자","sex.secret":"비밀","sex.other":"기타","sex.unknow":"gm","product_warranty_card.have":"가","product_warranty_card.nothing":"무","form.recycling_time_placeholder":"수거 기간을 선택해주세요","form.goods_tips.repetition":"현재 팁이 이미 있습니다","form.goods_tips.required":"팁 내용을 입력해주세요","form.goods_tips.tips":"이 팁은 창고 상품 정보 페이지에만 표시됩니다","form.input_clear":"단추에 한 번 지우기","goods_attribute.no_attachment":"첨부 파일 없음","goods_attribute.packaging_box":"포장 케이스","goods_attribute.invoice":"영수증","goods_attribute.receipt":"영수증","goods_attribute.warranty_card":"보증 카드","goods_attribute.certificate":"증서","goods_cost.form.cost_name_required":"원가 유형을 선택하십시오","goods_cost.form.money_required":"원가를 기재하십시오","mvmt_type":"무브먼트 타입","case_matl":"케이스 소재","dial_dia":"문자판 직경","matl":"재 질","sz":"척","fit_sz":"척 야드","form.placeholder_case_matl":"케이스 소재를 입력해주세요","form.placeholder_dial_dia":"문자판 지름을 입력하십시오","form.placeholder_matl":"소재를 입력하십시오.","form.placeholder_sz":"사이즈를 입력하십시오","form.placeholder_fit_sz":"사이즈를 입력해주세요","form.placeholder_mvmt_type":"무브먼트 타입 입력해주세요","nothing":"무","ALL":"전부","BW":"손목시계","ZB":"보석","XX":"신발","FS":"의류","QT":"기타","PS":"액세서리","form.goods_unlock.tips":"잠금 해제 후, 사용 가능한 인벤토리로 해제됩니다","add_tips":"팁을 덧붙이다","unlock":"잠금 해제","form.goods_unlock.reason":"잠금 해제 이유를 입력하십시오.","input.add_tips.name":"팁 이름을 입력해주세요","all.employees.online":"온라인 전체 직원","explain.on.sale":"판매 중 상품","explain.warehouse":"창고","explain.warehouse6":"2. 상품 확장 정보 (모두) 보기 지원:독립 코드, 카드 연도, 설명 정보, 회수 시간, 회수 직원.","explain.warehouse0":"상품 입고 작업을 완료했습니다:","explain.warehouse1":"1. 입고만:상품 회수 과정 또는 회수 완료 그러나 판매 할 수 없다, 예를 들어:상품이 가게에 도착하지 않았다, 상품이 검사하지 않았다, 상품 유지 보수가 필요합니다","explain.warehouse2":"2. 입고및선반:상품은 검사, 사진, 유지보수등과정이완료되어판매가능한상태입니다. 선반에올라가는상품은판매판에서-판매상품전시, 동시적판매를진행할수있는멀티플랫폼동기화스위치.","explain.warehouse3":"간편한 저장소 작업:","explain.warehouse4":"1. 홈페이지는 추가원가 추가, 상품위치 변경, 감정인원 변경, 조작로그 보기 등 빠른 조작을 지원한다.","explain.warehouse5":"2. 창고 상품 선택 지원, 예를 들어:회수 유형, 회수 인원, 회수 시간, 상품 위치, 라벨 등.","explain.warehouse7":"3. 창고 데이터 통계 지원:오늘 선반, 오늘 업로드, 상품 총수, 비용 등.","explain.warehouse8":"4. 일괄 공유, 일괄 인쇄, 일괄 삭제, 일괄 편집과 같은 일괄 작업 지원.","explain.warehouse9":"상품 작동:","explain.warehouse10":"1. 편집, 리스트 잠금, 인쇄, 선반 상하와 같은 모든 상품 작동을 지원합니다.","explain.warehouse11":"2. 상품 확장 정보 (모두) 보기 지원:독립 코드, 카드 연도, 설명 정보, 회수 시간, 회수 직원.","explain.on.sale0":"1. 입고되여 진열대에 올려진 상품을 오프라인이라고 한다. 해당 상품이 팔릴 수 있는 상태임을 나타낸다.","explain.order0":"매장 판매는 주문 실행 완료, 주문서 관리 기능에서 볼 수 있습니다.","explain.order1":"1. 점포의 모든 판매데이터를 보기 점포 이전매출액, 총이익률, 판매수량, 연화수익률 등을 보기.","explain.order2":"선별을 통해 회수유형, 주문유형 등에 의거하여 점포의 거래상황을 분석할 수 있다.","explain.order3":"주문서 편집을 통해서 주문서 수정, 반품, 공유, 배송 등의 기능이 가능합니다.","explain.order4":"2. 위탁판매대금","explain.order5":"결제 옵션을 통해 위탁 주문, 고객 결제 상황을 관리합니다.","explain.order6":"3. 이미 반품한 경우","explain.order7":"모든 반품 주문, 반품 이유 등을 볼 수 있습니다.","explain.order":"주문서 관리","explain.lock":"자물쇠 상품","form.payment_receipt_log":"업로드한 세부 그래픽은 항상 95점, 저음 등 제3자 플랫폼에서 동기화할 수 있으며 동료 간의 프레젠테이션에도 사용할 수 있다","form.payment_receipt_log0":"발송\/잠금 인증서가 필요합니까","form.payment_receipt_log1":"센터\/매장 파라미터 설정-잠금 송장 인증서 필수 설정에서 설정할 수 있습니다.","form.payment_receipt_log2":"다음을 설정하면, 다음 송장 발송 또는 잠금시 [인증서] 업로드가 필요합니다.","go_to_settings":"설정으로 가기","form.salesman.select":"판매원을 선택해 주세요","add.after_sales_service":"사용자 정의 사후 관리 기능을 추가합니다","input.after_sales_service":"사용자 정의 판매 후 보증 (10 글자 한도)을 입력하십시오.","tips.after_sales_service":"현재 판매 후 보증이 이미 존재한다","max_img_count9":"최대 9개의 그림을 추가할 수 있습니다","form.receipt_voucher":"수금 증명서","form.remark":"비고","input.remark":"비고 정보 (250자 제한)를 입력하십시오.","form.delivery_address":"배송 주소","form.after_sales_service":"애프터서비스 보장","custom":"사용자 정의","input.delivery_address":"례를 들면 장삼 13077584114 절강성 항주시 서호구 여항당로 866호 절강대학 (250자 제한)","form.in_total":"합계","tips.order_type":"주문서 종류","form.order_type.select":"주문서 종류를 선택해주세요","error":"작업 실패","out_of_stock":"잠시 재고없음","form.custodial_customer":"위탁관리 고객","form.settlement":"결제","form.settlement.no":"미지급금","form.settlement.tips":"결제 조작을 확실히 진행하다","copy":"복사","form.original_take_home_price":"최초 입수가격","upload.settlement":"결제 인증서를 업로드하십시오 (선택)","form.settlement.remark":"결제 비고","input.settlement.remark":"결제 비고 정보를 입력하십시오","no_data":"불충분한 증거","error.transaction_time_is_incorrect":"조회 시간 형식이 올바르지 않습니다","register_account":"가입 계정","input.certificate_name.tips":"실명을 입력해 주십시오","form.email":"메일 박스","input.email.tips":"편지함을 입력하십시오","form.password":"암호","input.password.tips":"비밀번호를 입력하십시오.","form.confirm_password":"비밀번호 확인","input.confirm_password.tips":"비밀번호를 다시 입력하십시오","input.confirm_password.tips2":"비밀번호가 일치하지 않습니다","form.code":"인증 코드","input.code.tips":"편지함 인증 코드를 입력하십시오","get.code":"인증 코드 가져오기","try_again_in_seconds":"초 후에 다시 시도하십시오","form.invitation_code":"추천인 (선택)","input.invitation_code.tips":"추천인 id나 가게 번호를 입력해 주세요","register_btn":"등록","go_login":"로그인하기","input.effective_email.tips":"유효한 전자 우편 주소를 입력하십시오","code_success":"인증 코드가 성공적으로 전송되었습니다","code_error":"인증 코드 전송에 실패했습니다","account_exist":"계좌번호가 있습니다.","reset_password":"비밀번호 변경","form.old_password":"이전 비밀번호","input.old_password.tips":"이전 비밀번호를 입력하십시오","confirm_edit":"수정 확인","explain.inStock":"재고 상품 출고 증명서","explain.onSale":"판매 중 상품","pages.lockOrder.list":"자물쇠 상품","pages.lockOrder.detail":"잠금 목록 자세한 정보","explain.lock1":"1. 하나의 상품을 두가지 방식으로 판매하는것을 방지한다. 례를 들면 위챗에서 계약금을 받고 상품을 남겨둠으로써 기타 인원이 재차 판매하는것을 방지한다.","explain.lock2":"2. 자금장부의 불통일을 방지한다. 예를 들면, 생방송, 한어 등 플랫폼 판매, 자금입금주기가 있어, 먼저 전표를 묶어두고, 돈이 입금된 다음에 전표를 발행할 것을 건의한다.","explain.lock0":"모노클레이 기능은 판매 또는 사전 주문 상품을 통해 귀하의 모노클레이 작업을 제안하는 것입니다.","screen":"압축","form.lock":"자물쇠 상품 확인","form.lock.tips":"명세서 이후, 명세서의 일부 재고를 다른 사람이 판매해서는 안 된다","form.salesman":"판매 사원","form.earnest":"계약금 (선택)","default0":"기본값은 0입니다","form.voucher":"증빙서류","form.expected_transaction":"예상거래성사 (선택)","input.address":"받을 주소를 입력해주세요","form.lock_remark":"자물쇠명세서 설명 (선택)","input.lock_remark":"잠금 명세서를 입력하십시오","form.delivery_address.optional":"상품수령주소 (선택)","form.lock_num":"잠금 시트 갯수","default1":"기본값은 1입니다","saler_tools.pages.identify.lists.wait_pay":"지불을 기다리다","saler_tools.pages.identify.lists.wait_supply":"보충을 기다리다","saler_tools.pages.identify.lists.finish":"완료","saler_tools.pages.identify.lists.cancel":"취소됨","saler_tools.pages.identify.lists.identifying":"평가 중","appraisal":"감정 가격","appraisal0":"1. 감정가격","appraisal1":"기간:10:00부터 22:00까지 3~5분 동안 결과가 나와요.","appraisal2":"2. 주기:72시간내에 300명의 감정평가사가 지속적으로 결과를 준다.","appraisal3":"3. 비용:사용자당 세번 무료, 매점회원은 19.9원\/회, 비회원은 39.9\/회.","appraisal4":"감정평가사","appraisal5":"(1) 감정평가사는 플랫폼의 초청을 거쳐 심사 (세분분야의 전문가) 해야 한다.","appraisal6":"2. 감정평가사 수익:\"가장 빠른 감정결과를 얻은\"감정사와\"가장 높은 가격을 가진\"감정평가사에게 주문의 50% 수익이 배분된다.","appraisal7":"3, 주문 결과","appraisal8":"1. 그림 감정 및 평가:정보가 전면적일수록 결과가 더욱 정확하다.사진-진위 감정점, 색 상세, 부속품 (영수증, 카드, 전포장)을 찍을수있습니다.","appraisal9":"2) 사진감정:정확도는 99.4%(사진에 보이는 판단부분을 기준으로 함.) 이며 의혹이 있으면 감정센터에서 실물감정을 진행한다.","appraisal10":"3. 그림 견적:건의회수가격 큰 확률은 바닥가격 (72h 유효)","appraisal11":"주:만약 1위와 2위, 3위의 차이가 크게 나타날 경우, 건의는 먼저 고객 서비스에 오류 가격 여부를 물어 불필요한 손실을 피면합니다.","appraisal12":"4. 최상급서비스","appraisal13":"1. 비용:최저 구매자에게서 2.5% 수수료 (3000 최고)를 받으며, 판매자는 무료이다.","appraisal14":"2. 거래 방법:럭셔리당자 고객 서비스-순풍-럭셔리당자 품질 검사 센터에 연락하기-품질 검사 통과-바닥 구매자 돈을 때운다.","appraisal15":"3. 중개거래의 성격:매매쌍방의 권익을 보장하기 위하여\"진위분쟁\",\"손도끼질\"등 상황을 피면한다.","identify0":"정말 보","identify1":"귀하께서 찍으신 사진과 제출한 감정점에서 기본적으로 브랜드 공예를 통해 얻은\"진짜를 본다\"는 결론을 내렸습니다.","identify2":"거짓 보고","identify3":"당신이 찍은 사진과 제출한 감정서를 통해 개별 부위의 브랜드 공정이 차이가 있다고 판단해'가짜를 봤다'는 결론을 내렸습니다.","identify4":"똑똑히 보이지 않는다.","identify5":"당신이 촬영한 사진이나 제출한 감정점 등이 촬영각도, 광선 등으로 인해 판정할 수 없어 잘 보이지 않는다는 결론이다.","identify6":"이 결론은 참고로 제공할뿐 법적효력을 갖지 않는다.이의가 있다면'사치가정감정센터'를 선택해 실물 감정을 진행할 수 있습니다.","identify":"주문서 상세정보","order_details":"주문서 상세정보","my_order":"나의 주문서","place_order":"주문서를 발행하다","appraisal_photo":"감정 상품의 사진을 감정하다","appraisal_tips":"명확한 상품 사진을 업로드하면 더욱 정확한 감정 가격을 내릴 수 있습니다","upload_photos":"그림 업로드","max_img_count50":"(최대 50개 업로드)","is_have_attachment":"첨부 파일 여부","multiple_choice":"선","form.year":"연도","select_year":"연도를 선택하십시오","form.product_info":"상품 정보","form.product_info.tips":"상품의 원색과 하자를 정확하게 묘사해 주십시오. 가격은 더욱 정확하게 제시할 것입니다.","form.product_info.placeholder":"모델, 크기, 연도, 부품, 하자 등을 자세히 설명해 감정 견적 구조를 정밀하게 할 수 있다.","select_goods_category":"상품 분류 선택해주세요","input.goods_code":"독립 인코딩을 입력하십시오","i_agree":"나는 이미 읽었고 동의했다","appraisal_notice":"「 감정평가구매자 주의사항 」","appraisal_expense":"감정평가비","form.original_cost":"원가","immediate_payment":"즉시 지불하다","years":"년","saler_tools.pages.identify.detail.goods_category":"분류","saler_tools.pages.identify.detail.goods_category.tips":"분류를 선택하십시오.","saler_tools.pages.identify.add.goods_category":"분류","saler_tools.pages.identify.add.goods_category.tips":"분류를 선택하십시오.","fold":"접","unfold":"벌","appraisal_appraiser":"감정 감정사","appraisal_result":"감정 결과","appraisal_remark":"감정감정사가 메모를 남기다","appraisal_explain":"이번 감정결과는 사용자가 제공한 사진에서 보이는 부분을 기준으로 한다.","icon.home":"첫 페이지","icon.my":"나의","look_true":"정말 보","look_false":"거짓 보고","look_unclear":"똑똑히 보이지 않는다.","issue_appraisal":"감정 견적서를 공포하다.","in_appraisal":"감정가격","end_appraisal":"감정평가 마감","order_info":"주문서 정보","order_no":"주문서 번호","appraisal_money":"예상 가격을 감정하다","payer":"지불인","pay_time":"지불 시간","form.before_select_brand":"브랜드부터 고르세요","i_want_identification":"나는 감정 가격을 원한다","goods_detail":"상품상세정보","form.shop_name":"가게 이름","input.shop_name.tips":"점포 이름을 입력해 주세요","shop_address":"매장 주소","input.shop_address.tips":"가게 상세한 주소를 입력하세요","register_immediately":"지금 등록","share_img":"표지 공유","share_img.tips0":"상품 애플릿을 공유할 때","share_img.tips1":"코드로 가게 이미지를 올릴 수 있습니다.","share_img.tips3":"그림 길이 비율은 5:4가 권장됩니다","input.share_img":"애플릿 커버 업로드하기","wechat_friend":"위챗 친구","facebook":"페이스 북","goods_link":"링크 복사","share_product":"상품을 나누다","share_img.tips2":"표지를 업로드하려면 왼쪽을 누르십시오","batch_share":"볼륨 공유","batch_print":"일괄 인쇄","batch_delete":"일괄 삭제","batch_edit":"일괄 편집","search_placeholder":"상품명\/설명\/설명\/독립 인코딩을 검색합니다","item_show":"보이기","item_hide":"숨기기","all_info":"모든 정보","uploaded_today":"오늘 업로드","listed_today":"오늘 판매대에 오른다.","total_goods_count":"상품 총수","total_cost":"총원가","look_warehouse":"창고 자산 보기","form.count":"수량","form.take_home_price":"구입 가격","form.peer_price":"동업자 가격","form.agent_price":"대리 가격","form.sale_price":"판매가격","form.location":"상품 위치","form.update_time":"업데이트 시간","pack_up_more":"더 많이 걷습니다.","see_more":"더 보기","form.initial_cost":"오리지널 코스트","form.plus_total_cost":"부가총원가","add":"추가","form.inbound_time":"입고 시간","form.system_code":"시스템 인코딩","alter":"변경","form.recycling_name":"재활용 요원","form.appraiser_name":"감정원","add_public_price_information":"공시가격 정보를 보충하다","look_log":"작업 로그 보기","no_goods":"잠시 상품이 없다.","not_filled":"채워지지 않음","form.recycling_time":"회수 시간","OK":"확정","goods_total_initial_cost":"상품의 총원가","goods_plus_total_cost":"상품에 총원가가 부가되다","explain.own_goods":"개인소유상품창고","explain.consignment_goods":"위탁 판매 상품 창고","explain.pawned_goods":"저당품 창고","explain.others":"기타 상품창고","by_latest_update":"최근에 업데이트하기","by_longest_update":"최신 업데이트를 누릅니다","by_latest_storage":"입고 맞춤 최신","by_longest_storage":"입고된지 가장 오래되었습니다","by_highest_price":"가격으로는 최고다","by_lowest_price":"가격에 의하면 제일 낮다","available":"이미 진열대에 올랐다","select_all":"모두 선택","reverse":"반 선택","select.appraiser_name":"감정인을 선택하십시오","continuous_storage":"연속 입고","public_price_info.tips":"기본 인자를 채울 공표 그래프를 선택하십시오","upload_ai":"(업로드 또는 ai 이미지 인식)","NEW":"new","add_quality_pictures":"고품질 그림 추가","more_attractive":"더 멋져요!","ai_result":"ai 식별 결과","public_price_info.tips1":"가격 그래프를 선택하면 상품에 대한 기본 정보가 자동으로 채워집니다","public_price":"GongJia","more_public_price_img":"더 많은 공시가격 도표 보기","goods_video":"상품 동영상","goods_video.tips":"(영상은 60초 이상 지속되지 않는다.)","add_goods_video":"상품 동영상 추가","detail_drawing":"자세한 그림","including_defect_drawing":"(하자도 등 포함.)","look_sample_graph":"예도 보기","max_img_count25":"최대 25개의 이미지","goods_description":"상품 설명","goods_description.tips":"(제품에 대한 자세한 설명을 통해 제품에 대해 더 잘 알 수 있음)","goods_description.placeholder":"예를 들어, 롤렉스 데커 블랙 워터 1160 16 패키지 인기 경화물, 감상을 환영합니다","intelligent_filling":"인자 스마트 채우기","intelligent_filling.tips":"시스템 상품 설명 내용을 식별하는 것을 통해 상품 기본 파라메터의 브랜드 파라메터의 브랜드 시리즈 모델 채움","diy.goods_tips":"사용자 정의 팁","form.goods_name":"상품명","goods_description.placeholder1":"만약 기입하지 않을 경우, 상품설명 앞의 50자를 자동으로 뽑는다","form.guide_price":"정부지도가격","input.guide_price":"정부 지도 가격을 입력하십시오","basic_parameter":"기본 인자","form.stock_count":"재고 수량","input.stock_count":"재고 수량을 입력해주세요","form.stock_count.tips":"재고 변경 후 잠금 리스트 기록이 삭제됩니다","input.total_cost":"총 원가를 입력하십시오","form.additional_cost.tips":"원가를 추가하다","add_plus_total_cost":"부가비를 붙이다","select.goods_location":"상품 위치 선택해주세요","form.recycle_type":"회수 종류","diy_edit":"사용자 정의 (편집)","select.recycling_name":"수거 인원을 선택하십시오","form.recycling_image":"회수 비고도","form.recycling_image.tips":"(저장소 관리 권한-저장소-재활용 설명 그림 보기)","form.target_audience":"군체에 적용하다.","form.goods_guarantee_card":"상품보험카드","guarantee_card_or_code":"카드 사진 또는 독립 인코딩 사진","privacy":"(전시하지 않음)","form.goods_tag":"태그","form.goods_attachment":"상품 부속품","max_add_img_count25":"(최대 사진 25개 추가)","synchronization.tips":"상품이 연합 경영하는 점포와 온라인 전시회에 동시에 전시되다","synchronization.tips1":"힌트:동업자 가격은 연합 운영 점포와 온라인 전시회에 나타난다","save_and_up":"저장해서 선반에 올릴 수 있습니다","save_and_down":"저장하고 내려라","inbound_and_up":"입고 론칭되었습니다","only_inbound":"입고만 됨","add_location":"상품 위치 추가","form.inbound":"입고","switch_grids":"궁전 바꾸기","intelligent_screenshots":"스마트 스크린샷","forwarding":"전송","one_click_download_graphics":"한 번에 그림과 글을 다운로드합니다","show_or_hide":"보이기\/숨기기","form.extended_info":"확장 정보","form.category":"분류","goods_operation_record":"상품취급기록","look":"보기","form.system_code.tips":"이 인코딩은 시스템에 의해 자동으로 생성되며, 독특하다","look_custodial_customer":"관리된 고객 보기","warranty_card_year":"카드 연율","last_update":"마지막 업데이트","form.uptate_name":"인원을 갱신하다.","form.shelf_time":"출시 시간","form.inbound_name":"입고 인원","form.inbound_source":"입고 출처","iOS":"ios","edit":"편집","lock":"자물쇠만","toggle_location":"위치 변경","goods_down":"다음 대","goods_up":"시렁","order_billing":"KaiChan","remove":"제거","absence":"결핍","existence":"존재하는","redemption":"환매","total_take_home_price":"총 착수 가격","look_cost_changes":"비용 변동 보기","is_remove_goods":"제거 상품 확정인가요?","is_goods_existence":"상품의 존재를 확인합니까?","is_goods_absence":"상품 부재 확인?","absence_count":"결점 수","take_stock_remark":"재고 비고","optional":"(선택)","input.take_stock_remark":"재고 비고를 입력하세요.예를 들면, 빌려가서 구경시키거나, 전시회에 가져가거나 하는 것","existence_count":"존재 수량","input.existence_count":"존재하는 개수를 입력하십시오","form.stock_count.tips1":"현재 재고를 사용할 수 없습니다. 송장으로 발행하십시오","lock_bill":"전표를 떼다","is_redemption_pledge":"저당 잡힌 상품의 환매를 확인하다","input.is_redemption_pledge":"환매 거래가격 (위안)을 입력하십시오","definite_redemption":"상환을 확정하다","no_copy":"현재 복사한 내용이 없습니다","redemption_and_error":"존재합니다 (하지만 상품 위치가 틀립니다)","form.stock_count.tips2":"재고가 0보다 적으면 안 됩니다","inbound_success":"상품 런치에 성공하다","is_goods_down":"철수 상품 확정인가요?","goods_down_success":"상품이 성공적으로 출고되었다","added":"추가됨","long_press_data":"(긴 순서로 정렬 가능)","max_character6":"입력은 최대 6 글자입니다","editParam":"추가 비용 유형 설정","search_brand_name":"브랜드명 검색","search_series_name":"시리즈 이름 검색","share_mini_program":"작은 앱 가게 나누기","share_optional_goods":"상품을 공유 (선택)하다","puzzle_making":"퍼즐 만들기","text_marking":"텍스트 작성","print_labels":"라벨을 한 번에 인쇄합니다","location_inform1":"1. [상품 위치] 데이터와 [창고] 데이터 동기화 유지","location_inform2":"2. 상품 [송장]과 [삭제]이 완료된 후 상품 위치에 나타나지 않습니다","no_distribution_location":"미배치 위치 상품","aggregate":"합계","goods_pieces":"하나의 상품","location.tips0":"상품의 위치는 창고의 목록이나 매상 목록에 표시되며, 상품의 위치를 실시간으로 추적할 수 있다","location.tips1":"1. 시스템 기본 일반 상품 위치:도로, 매장, 유지보수.","location.tips2":"2. 상인의 실제 수요에 따라 만든다. 예를 들면 손목시계중계실, 서호지점 등이다.","location.tips3":"3. 상품의 위치가 생성된후 명칭은 변경할수 없으며 상품의 위치는 유일성을 가진다.4. 상품 위치 빠른 편집:스캔 코드 추가, 일괄 이동 등 조작을 지원합니다.","max_character10":"입력은 최대 10 글자","confirm_delete_shipments":"선택한 상품의 발송 정보를 삭제하시겠습니까?","sampleGraph":"예시도","batch_shift":"로트 트랜스포트","shift.tips0":"이 상품을 목록에서 삭제해도 실제 재고에 영향을 미치지 않습니다","add_goods":"상품을 추가하다","scan_add":"스캔 코드 추가","h5_nonsupport":"이 기능은 h5에서 지원되지 않는다","agreement_not_exist":"프로토콜이 존재하지 않습니다.","add_personnel":"인원을 늘리다","add_time":"시간 추가","temporary":"임시창고","search_temporary":"임시 창고 번호를 검색합니다","create_temporary":"임시 저장소 만들기","goods_sold":"상품을 팔다","serial_number":"번호","founder":"창립자","new_create_temporary":"새 임시 창고","confirm_delete_temporary":"임시 저장소를 삭제합니다","temporary.tips0":"임시로 만든 창고는 상품을 임시적으로 조를 짜는데 편리하다","temporary.tips1":"(1) 상품공유응용","temporary.tips2":"1.1 예를 들어:전시회 임시 창고, 생방송 공급 임시 창고, 유지 보수 임시 창고.","temporary.tips3":"1.2 임시 창고 위챗 애플릿 공유 지원","temporary.tips4":"2. 림시창고 특점","temporary.tips5":"2.1 상품 지원이 여러 개의 임시 저장소에 동시에 존재할 수 있다.","temporary.tips6":"2.2 임시 저장소에 추가한다. 저장소 목록은 계속 보인다.","temporary.tips7":"2.3 상품변경은 원재고상품정보에 영향주지 않는다.","temporary.tips8":"3. 림시창고개설","temporary.tips9":"3.1주문 관리 인터페이스에 임시 입출금 특수 표시를 제공합니다.","form.certificate_name":"실명","input.currency_code.tips":"시스템 표시 화폐의 종류를 선택하십시오","input.currency_code.tips1":"사용하는 화폐의 유형은 선택 후 변경하지 않습니다","currency_code":"통화 유형","today":"오늘","yesterday":"어제","this_week":"이번 주","this_month":"지난","last_month":"지난달","months":"월","days":"일","order_billing_count":"어음 발주 수량","order_code":"주문서 인코딩","order_status":"오더 상태","settlement_status":"결제 상태","sales_time":"판매 시간","billing_personnel":"영수증 작성 인원","billing_time":"어음 발주 시간","order_remark":"주문서 설명","sales_return":"반품","alter_order":"주문서 수정","confirm_sales_return":"반품 조작 확인?","sales_return.tips0":"반품 후, 상품은 진열되지 않은 재고로 회복되며, 판매 분석에서 차감됩니다","input.sales_return_reason":"반품 이유를 입력하십시오.","confirm_delete_operation":"삭제 작업을 진행하시겠습니까?","delete.tips0":"주문서를 지운 후 휴지통에 넣어 볼 수 있습니다","input.delete_remark":"설명 삭제 (선택)를 입력하십시오","sales_returnsales_return":"반품","status":"상태","delivery":"발송인","not_shipped":"발송 미달","shipped":"발송이 완료되다","returned_goods":"반품됨","start_time":"시작 시간","end_time":"종료 시간","quantity_sold":"판매","sales_volume":"매출액","gross_profit":"총이윤","gross_margin":"총이익률","look_sales_volume":"매출 분석 보기","salesman":"판매","form.order_type":"주문서 종류","balance_paid":"기불금","refunded":"환불 완료","form.annual_rate":"년 화","form.transaction_price":"거래가격","confirm_delete_select_order":"선택한 주문서를 삭제하시겠습니까?","select_time":"시간을 선택하다","by_lowest_annual":"년도별 최저","by_highest_annual":"연간 기준으로 가장 높다","by_latest_sales":"최근 판매","by_longest_sales":"중고품으로 판매합니다","by_latest_delivery":"최근 배송","by_longest_delivery":"가장 오래된 날짜로 보내주세요","delivery_name":"화물 발송인","delivery_time":"발송 시간","explain.delivery":"출하관리","explain.delivery.tips0":"잠금 주문서, 발송 주문서는 발송 관리-발송 대기 인터페이스로 이동합니다","explain.delivery.tips1":"1. 매장의 효률을 제고한다. 매장은 규칙을 설정할수 있다. 례하면 발송주소를 기입하고 기본플랫폼 판매에서 발송을 요구한다.","explain.delivery.tips2":"간편한 배송, 순풍 ap1 연결, 순풍면 단일 스캔 코드, 수동 입력 지원.","explain.delivery.tips3":"3. 신속하게 조회하고 이미 발송한 주문서는 순풍물류정보와 실시간으로 동기화하며 위챗 버튼 하나로 고객을 공유할수 있다.","explain.delivery.tips4":"4. 기록이 명확합니다. 발송인원, 발송기록표, 순풍송장번호 등 정보조회를 지원합니다.","immediate_delivery":"바로 발송하다","form.delivery_remark":"발송비고","input.delivery_remark":"발송비고를 입력해주세요","search_delivery":"설명\/상품명\/주문번호를 검색합니다","employee_auth":"직원 권한","input.employee_auth.search":"직원 이름\/우편함을 입력해 주세요","operator":"경영자","add_employee":"직원을 늘리다","employee_auth.tips0":"매장 판매는 주문 실행 완료, 주문서 관리 기능에서 볼 수 있습니다.","employee_auth.tips1":"1. 정체성 형판:시스템에서 세 종류의 형판을 추천, 상인이 스스로 편집하고 수정할 수 있습니다.","employee_auth.tips2":"2. 빨간색 글꼴의 민감한 권한, 주의 열려 있습니다.","employee_auth.tips3":"3) 민감한 권한에 대한 설명","employee_auth.tips4":"3.1원가:무권한입고후, 볼수없다. 만약 창고관리가볼필요가있으면, 신중히개방한다.","employee_auth.tips5":"3.2 동행가격:점포의 실제 분업에 따라 권한을 합리적으로 분배한다.","employee_auth.tips6":"3.3위탁고객 보기:위탁판매 고객 정보 보기.","employee_auth.tips7":"3.4 영구제거:휴지통에 있는 기능, 제안 운영자 고유.","employee_auth.tips8":"3.5 수정원가:권한이 없으면 수정할수 없고 부분적창고 관리수요가 있어 신중하게 개방한다 (상품원가의 변동은 유지비 등 추가원가를 통해 실현할수 있다).","employee_auth.tips9":"3.6 상품 삭제:점포 상품 삭제, 민감한 권한의 신중한 개방.","employee_auth.tips10":"3.7 수정 주문:주문 거래 가격 판매 후 보장 등 정보를 편집할 수 있으며, 신중하게 개방합니다.","employee_auth.tips11":"3.8주문서 삭제:제안 운영자 고유","employee_auth.tips12":"3.9 직원 권한:이 권한의 소유자는 자신과 다른 직원의 권한 설정을 증가하거나 줄일 수 있습니다. 신중하게 열려 있습니다.","employee_auth.tips13":"3.10 매장 데이터 지우기:설정 센터-매장 파라미터 설정-한 키 지우기, 주문서, 메시지, 청구서, 급여 등, 복구할 수 없습니다.","enabled":"활성화됨","disabled":"사용이 중지되다","edit_employee":"직원 권한 수정","form.account":"계정","input.employee_auth":"직원 핸드폰 번호\/이메일을 입력해 주세요","form.name":"이름","input.name":"이름을 입력하십시오","form.role":"신분","select.role":"신분을 선택하십시오.","create_salary":"창립급여","create_salary.tips0":"이 직원 급여를 만들기 단추를 열면 급여 관리에서 볼 수 있습니다","enabling_accounts":"계정 사용","enabling_accounts.tips":"근로자가 퇴직할 경우이 옵션을 해제할 것을 권장합니다","set_auth":"권한 설정","set_auth.tips0":"시작하기 단추는 권한을 설정할 수 있습니다","update_and_save":"이 아이덴티티 모듈을 업데이트하는 것은 새 사용자의 아이덴티티를 사용할 때의 기본 권한에만 영향을 주며, 과거 사용자의 권한에는 영향을 주지 않습니다","left_slide_delete_role":"왼쪽으로 미끄러지면 신원을 지울 수 있습니다","add_role":"신분 추가","input.role_name":"id를 입력하십시오","unable_edit_super_admin":"슈퍼 관리자를 편집할 수 없습니다","add_success":"추가 성공","add_error":"추가 실패","delete_success":"성공적으로 삭제했습니다.","delete_error":"삭제 실패","save_timeout":"저장 시간 초과","save_success":"성공적으로 저장했습니다","save_auth_set_success":"권한 설정을 성공적으로 저장했습니다","save_auth_set_error":"권한 설정을 저장하는 데 실패했습니다","update":"업 데이트","shop_manager":"지점장","auth_and_save":"권한 및 저장","appc.ALL":"전부","appc.BW":"표 완","appc.ZB":"보석","appc.XB":"가방","appc.PS":"액세서리","appc.XX":"신발","appc.FS":"의류","appc.QT":"기타","switch_stores_success":"성공적인 매장 전환","new_shop_register":"신규점포 등록","immediate_switch":"지금 바꾸기","immediate_register":"지금 등록","immediate_new_shop":"즉시 가게를 열다.","expiration":"만기","today_billing":"금일 어음 발행","online_expo":"온라인 전시회","peer_group":"동업 서클","goods_sold_out":"상품은 이미 진열대에서 내렸다","peer_price":"동업자 가격","online_exhibition":"온라인 전시회","online_exhibition.tips1":"상품:80만 동종가격 실시간 재고, 실시간 비율 95%.","online_exhibition.tips2":"홈페이지 상품:최신 오픈상품, 100원 이상 세일 상품 (45일 최저가).","online_exhibition.tips3":"텍스트 검색:검색 키워드가 상세할수록 결과가 정확하며, 결과가 적으면 퍼지성 검색을 사용할 수 있다.","online_exhibition.tips4":"그림 검색:그림 검색은 관련 공가격 상품의 일부만을 보여주며, 결과가 적다면 텍스트 검색을 시도해 볼 수 있다.","online_exhibition.tips5":"한 키 전달:지원 한 키 다운로드 그림 복사 카피 친구 동그라미 전달.","online_exhibition.tips6":"수집품:수량구매의 편리.","online_exhibition.tips7":"구매:동료 무역 칼, 할인 온화하십시오.","online_exhibition.tips8":"판매자:사치가정매입판매재고회원상가이며 입점은 모두 플랫폼의 심사를 거칩니다.","online_exhibition.tips9":"오프라인결제:점포련락방식을 확인하는것을 지원하고 오프라인거래는 위험무역전에 스스로 신용을 구한다.","online_exhibition.tips10":"온라인결제:은행련합감독관리, 물류수령은 24시간내에 접수하므로 무역이 더욱 안전하다.","online_exhibition.tips11":"서비스 요금:거래 수수료 0.6%, 구매자 부담.","online_exhibition.tips12":"지갑이 열립니다:나-플랫폼 인증, 온라인 결제, 감정평가코드 검사 등 업무에 사용합니다.","online_exhibition.tips13":"지갑:현금 인출 0.6% 수수료, 단액 한도액 10만 월 상한선 없음.","online_exhibition.tips14":"24h\/72h:상품지원전체모델조작, 판매자와재확인해주세요.","online_exhibition.tips15":"입찰 가격:입찰 후 매도인이 직접 구매자와 연락할 수 있다.","online_exhibition.tips16":"뉴스푸시:사치집공중계정으로 위챗실시 푸시된다.","online_exhibition.tips17":"따뜻한 제시:무역 좋은 색 세부, 거래, 물류 세부 보존합니다;문제가 발생할 경우 우호적인 협상을 통해 해결한다. 비온라인 주문결제 플랫폼은 보증을 하지 않으며 플랫폼은 동종업계의 무역 논리에 따라 조정한다.","XB":"가방","tabbar.bid":"제시","tabbar.collect":"소장","tabbar.product":"상품","agreed":"이미 동의하다","not_responded":"응답이 없다","rejected":"거부됨","each_other_agreed":"상대방은 이미 동의했다.","each_other_not_responded":"상대방은 아직 반응이 없다.","each_other_rejected":"상대방이 이미 거절하다","you_have_agreed":"당신은 이미 동의하셨습니다.","you_have_not_responded":"너는 아직 대답하지 않았다","you_have_rejected":"당신은 이미 거절했습니다","bid_search_placeholder":"상품명 검색","give_you_offer":"값을 쳐 드리겠습니다","your_bid":"귀하의 입찰 가격","bidder":"입찰자","counteroffer":"에누리꾼","contact_TA":"연락하다","i_received_bid":"제가 받은 가격표","my_bid":"내 입찰 가격","input.bid_price":"입찰 가격을 입력하십시오","his_bid":"그의 입찰 가격","i_want_to":"나는 원한다","input.bid_price.tips":"입찰 가격은 0보다 작거나 같을 수 없다","immediate_dicker":"즉시 에누리하다.","agree":"동의","reject":"거부","pages.collect.lists.on_sale":"유효 상품","pages.collect.lists.sold_out":"실효 상품","form.real_name":"실명","input.real_name.tips":"실명을 입력해 주십시오","hot_search_price":"인기가격조사","explore_now":"지금 찾기","historical_check":"역사적 가격조사","popular_brand":"인기 브랜드","public_price_inquiry":"공가 조회","public_price_detail":"공정가격상세","counter_price":"카운터 가격","market_data":"시세 데이터","market_average_price":"시세 평균 가격","market_near_90day_price":"근 90일 시세","public_price_detail.tips0":"데이터 소스는 온라인 전시회의 상품전시가격이며 가격은 순도 연한 등 요소의 영향을 받는다. 참고로 제공할뿐이다","info":"정보","error_feedback":"잘못된 피드백","public_price_inquiry_feedback":"공가 조회 피드백","input.model":"모델을 입력하십시오","input.counter_price":"매장 가격을 입력해 주세요","content_supplement":"내용 보충","input.content":"보충 내용을 입력하십시오","public_price_inquiry_feedback.tips0":"먼저문제를발견할수있습니다~","send":"보내기","maintenance_search":"보험 이름\/독립 인코딩\/키워드를 찾습니다","repair":"보수","service_cost":"서비스 코스트","charge_amount":"요금 금액","perfect_singular":"단수를 이루다","actual_cost":"실제 원가","actual_charge":"실제 수금","diamond_setting":"다이아몬드를","maintenance.tips0":"점포가 유지보수 업무 주문을 맡다","maintenance.tips1":"1. 서비스 주문 생성 지원, 서비스 금액, 비용, 수리 인력, 주문 인력, 서비스 항목 등을 포함합니다.","maintenance.tips2":"2. 진행 중, 완료 또는 취소된 수리 서비스를 지원합니다. 편집, 보기, 필터링, 공유 등을 지원합니다.","confirm_delete_select_receipt":"선택한 수신 목록을 삭제하시겠습니까?","in_progress":"진행 중","completed":"완료","cancelled":"취소됨","by_latest_complete":"최근에 완료하기","by_longest_complete":"가장 오래된 순서대로 완성하다","by_latest_cancel":"최근에 취소하기","by_longest_cancel":"취소하기 가장 오래된 버튼을 누르십시오","maintenance_receipt_details":"수리 주문서 상세 사항","share":"나누기","maintenance_details":"보수상세정보","extended_info":"확장 정보","service_type":"서비스 종류","estimated_charge":"예상요금금액","one_click_download":"단추 다운로드","service_personnel":"서비스 요원","order_taker":"주문 접수 인원","estimated_service_cost":"예상서비스원가","creation_time":"만든 시간","creator":"만드는 사람","customer_info":"고객 정보","store_sharing":"스토어 셰어링","store_sharing.tips1":"매장에서 판매하는 모든 상품을 살펴볼 수 있도록하다","is_show_detail_drawing":"디테일 컷 표시 여부입니다","prices_shown_sharing":"나눌 때 보여주는 가격","set_applet_cover":"애플릿 커버를 설정합니다","add_maintenance_receipt.tips1":"* 아래의 정보는 필수입니다. 만약 현재 주문에 있는 사람이 업무상의 요구를 만족시킬 수 없다면, 다음에서 가능합니다","add_maintenance_receipt.tips2":"【 보수정비인원 류형관리 】","add_maintenance_receipt.tips3":"추가 중","input.goods_name50":"상품명 (50자 이내)을 입력하십시오","service_type_multiple_choice":"서비스 종류 (복수 선택)","input.estimated_charge0":"서비스 요금을 입력하십시오. 기본값은 0입니다","service_personnel_select":"안내원을 선택해 주세요","order_taker_select":"접수인원을 선택해 주세요","remark_placeholder":"예를 들어:기계 부품이 손상되어, 공장으로 돌아가 수리해야 하는데, 시간이 반달...","confirm_creation_service":"서비스 생성 확인","show_all_employees":"모든 직원 보이기","add_costom_service_type":"사용자 정의 서비스 형식을 추가합니다","input.add_costom_service_type10":"사용자 정의 서비스 형식 (10 글자 한도)을 입력하십시오.","add_service_cost":"신규서비스원가","maintenance_content":"수리 내용","input.maintenance_content":"수리 내용을 입력하세요","input.service_cost":"서비스 원가를 입력하십시오","buying":"매입","uploading":"위로 센터링하다","edit.repair":"편집 수리 및 정비 접수표","add.repair":"신규 유지보수 접수서","my_big_brand":"나의 거물급","peers_looking_for_goods1000":"1000명 이상의 동료들이 지금 상품을 찾고 있다","all_brand":"모든 브랜드","latest_release":"최신 출시","unit":"건","release_style_requirements":"스타일 요구 발표","new_recommendations_daily":"매일 새로 추천합니다","one_click_inbound":"원버튼 입고","my_container":"나의 컨테이너","goods_on_sale":"기매품","goods_being_sold":"판매 중 상품","share_log":"기록 공유","share_log.tip0":"왼쪽 슬라이더를 사용하여 삭제합니다. 공유 기록을 지운 후, 공유 링크는 삭제되지 않습니다","share_choice":"공유 선택","show_prices":"가격 표시","sharer":"나눔인","contact_information":"연락처","shop_card":"가게 명함","by_latest_repair":"최신 수리","by_longest_repair":"가장 오래된 것으로 수리하다","cancel_order":"주문 취소","cancael_reason":"취소 사유","input.cancel_order":"취소 이유를 입력하십시오","input.actual_amount":"실액을 입력하십시오","complete_service":"서비스를 마치다","actual_amount":"실제 금액","input.actual_charge":"실제 요금을 입력하십시오","input.actual_cost":"실비를 입력하십시오","product.edit":"상품 편집","open_vip":"회원 개설","online_exhibition_vip":"온라인전시회 vip (바이어)","open_vip.tip0":"회원을 개설하여 전속적인 vip 서비스를 마음껏 누리다.","open_vip.tip1":"1w+ 가입자 vip 개통되었습니다","open_vip.tip2":"온라인 전시회 vip를 개통하다","vip":"회원","vip_exclusive_privilege":"vip들이 특별히 엄청난 특권을 누리다","more_privileges":"더 많은 특권","pay_after_discount":"우대 후 실제 지불하다","open_immediately":"즉시 개통하다","member_service_agreement":"「 회원서비스협의서 」","sales_and_inventory":"구입 · 판매 · 재고품","data_analysis":"데이터 분석","pc_back_end":"pc 배경","online_exhibition_sellers":"온라인 전시회 판매자","small_program_store":"작은 프로그램 가게","multi_platform_synchronization":"다중 플랫폼 동기화","appraisal_and_valuation":"감정 가격","not_available":"아직 진열대에 오르지 않았다","identify_order":"감정평가주문서","deleting":"삭제 중","logout":"로그아웃","loading":"불러오는 중","confirm_to_agree":"동의확인이요?","confirm_to_reject":"거절 확인?","saler_tools.pages.base.share.shop.total_cost":"원가","saler_tools.pages.base.share.shop.peer_price":"동업자 가격","saler_tools.pages.base.share.shop.agent_price":"대리 가격","saler_tools.pages.base.share.shop.price":"판매가격","share_goods":"상품을 나누다","share_shop":"나눔스토어","saler_tools.pages.base.share.lists.total_cost":"원가","saler_tools.pages.base.share.lists.peer_price":"동업자 가격","saler_tools.pages.base.share.lists.agent_price":"대리 가격","saler_tools.pages.base.share.lists.price":"판매가격","pages.message":"소식","pages.my":"나의","pages.collect":"소장","pages.work":"관제탑","pages.home":"첫 페이지","version":"현재 버전","user_agreement":"사용자 협의","service_agreement":"서비스 프로토콜","privacy_policy":"프라이버시 규약","operate":"조작","settlement_price":"결산가격","selected_goods":"선택한 상품","goods_transferred_out":"전출 상품","one_click_clear":"한 번 누르면 비웁니다","confirm_one_click_clear":"비우기 확인을 하시겠습니까?","confirm_delete_select_goods":"선택한 상품을 삭제하시겠습니까?","add_to":"추가하기","commodity_inventory":"상품을 실사하다","commodity_inventory.tip0":"재고 조사가 끝나면,\"완료\"를 클릭하세요","inventory_code":"재고 조사 번호","requested_goods":"주문 상품","ordered_goods":"공시상품","existing_goods":"재고 상품","missing_goods":"결핍 상품","inventory_checker":"실사인","create_inventory":"상품 재고 조사를 만듭니다","commodity_inventory.top0":"상품은 여러 가지 방식의 재고 조사를 지원한다","commodity_inventory.top1":"1. 창고를 실사한다","commodity_inventory.top2":"2) 림시재고조사","commodity_inventory.top3":"3) 질권상품의 실사","commodity_inventory.top4":"4. 상품위치조사","commodity_inventory.top5":"5. 코드 재고 지원:필요한 상품은 미리 2차원 코드 라벨을 걸어놓는다","you_will_delete":"삭제하려고 합니다","you_will_complete":"완료됩니다.","select_inventory_type":"재고 조사 유형을 선택하다","inventory_store":"창고를 실사하다","inventory_temp_store":"임시 재고조사","inventory_pawned_goods":"저당 잡힌 상품의 재고 조사","inventory_watch_location":"상품의 위치를 실사하다","own_goods":"자사상품","select.inventory_name":"재고 조사 인원을 선택하세요","form.inventory_name":"재고 조사 인원","createSuccess":"성공적으로 만들었습니다","create":"생성","inventory.tip1":"재고 조사를 할 상품의 속성을 선택하십시오","inventory.tip2":"재고할 상품 분류를 선택하십시오. 기입하지 않으면 모두 기본값입니다","inventory_name":"재고조사명칭","input.inventory_name":"재고 조사명을 입력하세요","select.temp_inventory":"임시창고를 선택하여 실사하다","select.watch_location":"상품의 위치를 선택하여 실사하다","inventory":"재고 목록","inventory_lists_completed":"재고 조사 목록-완료되었습니다","inventory_lists_underway":"재고 조사 목록-진행 중","modify_inventory_status":"재고 조사 상태를 수정합니다","not_counted":"재고조사하지 않음","counted":"이미 실사하다","check_form":"폼을 확인하십시오.","not_found":"데이터를 찾을 수 없습니다.","form.work_name":"직책","input.work_name.tips":"직책을 입력하십시오","select.principal":"책임자를 선택하시오","form.principal":"책임자","form.weacht":"마이크로 시그널","input.weacht.tips":"마이크로신호를 입력하세요","form.whats_up":"whats up","input.whats_up.tips":"whats up 이라고 입력해 주세요","form.mobile":"핸드폰 번호","input.mobile.tips":"핸드폰 번호를 입력하세요","add.contact":"새 연락처","edit.contact":"연락처 편집","contact_way":"연락처","confirm_delete_contact":"이 연락처를 삭제하시겠습니까?","select_type":"형식 선택","add_type":"형식 추가","selected_type":"선택한 형식","amount":"금액","input.amount":"금액을 입력하십시오","image":"사진","max_img_count3":"최대 3개의 이미지","original_total_cost":"총생산비","parameter_error":"인자 오류","form.additional_total_cost":"총원가","input.order_billing_count":"발행장 수량을 입력해 주십시오","transaction_price":"거래 가격","input.final_selling_price":"최종 판매 가격을 입력해 주세요","select_sales_time":"판매 시간을 선택하다","order_type_setting":"오더 형식 설정","wait_deliver_goods":"발송 대기 화물","input.search":"검색 내용을 입력하십시오","please_select":"선택하십시오","price":"가격","cost_price":"원가","condition":"품질","idle":"사용하지 않고 놀리다","no_lock":"잠기지 않은 카드","select_employee":"직원을 선택하십시오.","form.shop_name2":"매장 이름 2","please_setting_authority":"권한 설정 단추를 클릭하여 권한을 설정하십시오","input.authority":"검색할 권한 이름을 입력하십시오","marketing_poster":"마케팅 포스터","multiple_graphs_share":"다중 사진 공유","product_share":"상품 공유","consignment_delivery":"위탁 판매 전송","consignment_delivery_lists":"위탁 판매 전송 목록","switch_default_price.tip":"기본가격 전환 후 수정된 결산가격은 선택한 원 상품가격에 적용됩니다.이 조작을 결정합니까?","settlement_price_default":"결제가격은 기본적으로 다음과 같다","consignment_delivery.tip1":"화주는 창고에서 화물을 고르고다 고른 후 받는 사람이 찾아오기를 기다린다","claim_code":"추출 코드","gross_merchandise_inventory":"총상품재고","gross_merchandise_valuation":"총상품평가가격","to_be_withdrawn":"추출대기","create_consignment_delivery":"위탁 전송을 만듭니다","consignment_delivery.tip2":"전송 목록에 있는 픽업 코드를 입력하여 픽업하다","claim_code_transfer_order":"8 비트 전송 코드를 입력하십시오","extract":"추출","consignment_delivery.tip3":"a 매장에서 b 매장으로 상품의 사진과 상세한 상황을 전송할 수 있는 위탁판매 송출서를 만든다","consignment_delivery.tip4":"1. 송신자:전송목록을 생성하여 창고에서 신속하게 상품을 선택할수 있습니다. 또한 결제가격버튼에서 판매가격, 동업가격, 대리가격, 원가결제를 사용할수 있습니다.","consignment_delivery.tip5":"2. 접수자:8자리의 발송자추출코드를 입력하면 한번의 클릭으로 상품을 추출할수 있으며 창고에서 가격을 정하기만 하면 선반에서 판매할수 있다.","consignment_delivery.tip6":"위탁 전송 목록을 삭제하면 수신자의 위탁 전송 상품이 비게 됩니다. 주의하여 삭제하십시오!","receive":"접수","shop_logo":"가게 로고","shop_logo.tips":"(공동 매장 및 온라인 전시회에 사용)","shop_qr_code":"가게 qr 코드","shop_registration_time":"점포 등록기간","certificate_name":"인증 이름","telephone":"고정 전화","input.telephone":"고정 전화를 입력해 주세요","detailed_address":"자세한 주소","phone_number":"전화 번호","input.phone_number":"전화번호를 입력해 주세요","shop_profile":"가게 소개","input.shop_profile":"가게 안내문을 입력해주세요","unedited_state.tips":"현재 편집하지 않은 상태입니다. 상태를 바꾸려면 아래 단추를 누르십시오","shop_info":"점포 정보","setup_center":"센터 설정","personal_settings":"개인 설정","personal_data":"개인 정보","avatar":"얼굴을","shop_info.tips":"점포 (logo, 이름, 지역, 주소), 업로드 애플릿 커버","message_notification":"메시지 알림","message_notification.tips":"가게 소식, 친구 알림, 시스템 소식 등등","address_administration":"주소 관리","account_association":"계정 연결","wechat_binding":"위챗 바인딩","bound":"바인딩됨","cell_phone_number":"핸드폰 번호","email_address":"전자 사서함","not_bound":"바인딩되지 않음","shop_parameter_setting":"매장 파라미터 설정","lock_invoice_voucher_must_be_set":"잠금 송장 인증서의 필수 설정","online_exhibition_default_parameter_settings":"온라인 전시회의 기본 설정 파라미터","maintenance_personnel_type_management":"유지보수 인력 유형 관리","additional_cost_type_settings":"추가 비용 유형 설정","shop_classification_management":"점포 분류 관리","order_type_management":"주문서 형식 관리","exhibition_location_management":"전시회 위치 관리","joint_venture_and_online_exhibition_setup":"연합 경영 및 온라인 전시회 설치","the_selling_price_is_visible_to_fans":"판매 가격은 팬들에 대해 볼 수 있다","peer_price_is_visible_to_fans":"동반 가격으로 만나볼 수 있다","blacklist":"블랙리스트","contact_way.tips":"수정\/추가 (매장 연락처, 매장 직원), 온라인 전시회 판매자로 신청","upload_the_cover_of_affiliate_and_online_exhibition_shop":"연합 경영 및 온라인 전시회의 점포 표지를 올리다","other_settings":"기타 설정","about_us":"우리 자신에 대해","check_version":"버전 검토","current_version":"현재 버전","personal_information_and_permissions":"개인 정보 및 권한","third_party_information_sharing_list":"제3자 공유 목록입니다","clear_cache":"캐시 지우기","register_shop":"점포 등록","storage_age_warning":"창고 연령 경보","early_warning_record":"경고 기록","storage_age_is_more_than":"창고 수명이 초과되다.","storage_age_warning.tips1":"1. 상가의 수요에 근거하여 상품속성, 상품분류에 대하여 조기경보주기를 선택할수 있다.","storage_age_warning.tips2":"2. 장수상품의 빠른 검색, 가격조정, 재고분석, 판매동작 등을 진행할수 있습니다.","storage_age_warning.tips3":"3. 재고연령주기에 따라 상품을 선별하고 공유 및 전달하여 판매를 촉진함을 지원합니다.","reminded_goods_count":"총 물건의 수를 알렸습니다","reminded_goods_value":"상품의 총가치를 이미 알렸습니다","expired_reminder":"이미 일깨웠다","email_login":"메일박스 로그인","bind_mailbox":"편지함 바인딩","email":"전자 사서함","please_wait_a_minute":"1분 정도 기다렸다가 다시 시도해 주세요","email_already_bind":"메일함이 이미 바인딩되었습니다","is_email_login":"메일 로그인 열기 여부입니다","personal_password":"본인 비밀번호","input.personal_password":"본인 비밀번호를 입력하십시오","modify_success":"성공적으로 수정했습니다","image_type_error":"jpeg, png 파일 파일만 가능","image_size_error":"그림 크기가 2m를 초과해서는 안 됩니다","change_login_type":"로그인 방법 토글","wechatLogin":"위챗 로그인","phoneLogin":"핸드폰 번호 로그인","account":"계정","emailLogin":"메일박스 로그인","input.phone":"핸드폰 번호를 입력해 주세요","input.email":"이메일을 입력해 주세요","input.wechat":"마이크로신호를 입력하세요","email_login_is_not_enabled":"메일박스 로그인이 아직 열리지 않았습니다","logging_in":"로그인 중...","invalid_goods":"실효 상품","on_sale_goods":"판매 중 상품","detail_picture":"자세한 그림","synthesis":"종합","daily":"일보","monthly":"월례 보고","sales_analysis":"판매 분석","recovery_analysis":"재활용 분석","asset_analysis":"자산 분석","additional_cost_analysis":"부가원가분석","pledged_goods_analysis":"저당품 분석","data_analysis.tips":"점포 경영 데이터를 실시간으로 살펴보다","current_shop":"커런트 스토어","order":"주문서","total_sales_volume":"판매 총량","total_sales":"판매 총액","profit":"이윤","total_returned_goods_units":"반품 물량 (건)","total_returned_goods_money":"반품 총액 (위안)","return_profit":"반품 이익","total_amount_inbound":"입고 총량","total":"총계","total_cost_inbound":"입고 총원가","money":"위안","total_shelf_volume":"판매대 총량","total_amount_lock":"자물쇠 수량","product":"상품","settlement_total":"총결산","settlement_total_sales":"판매 총액을 결산하다.","settlement_total_cost":"총원가를 결산하다","settlement_profit":"이익을 결산하다","only_additional_cost_goods_in_warehouse":"창고 내 상품에 대한 추가 비용만 통계 (청구된 상품과 삭제된 상품은 제외)","quantity_goods":"상품 수량","total_money":"총금액","proportion":"차지하는 비","unit_a":"개","agent_commission":"대리 공제","strap_or_accessories":"시계줄","courier_fee":"속달비","Maintenance_and_washing":"관리 세탁 보호","type_of_additional_cost":"추가비용 유형","click_landscape_to_view":"가로화면을 눌러서보다","attribute":"속성","particulars":"명세","cost":"원가","gross_amount_cost":"원가 총액","attribute_analysis":"속성 분석","category_analysis":"품목별 분석","to":"~","quantity_pledged":"담보물 수량","total_amount_pledged":"질권 총액","redemption_quantity":"상환 수량","pledge_leaderboard":"담보물 순위표","total_cost_recovery":"총회수비용","total_quantity_recovered":"총 회수 수량","entry_details":"상세한 상황에 들어가다.","sales_leaderboard":"판매 순위","tips":"제시","single_sales":"1인 판매","single_sales_tips":"여러 영업사원의 주문이 있을 때는 첫 번째 영업사원만 집계합니다","multiple_sales":"멀티 마케팅","multiple_sales.tips":"하나의 주문이 여러 명의 판매원에게 존재할 경우, 이는 여러 명의 판매원 명의로 집계된다","cost_recovery":"원가를 회수하다","recycle_and_sell":"회수하여 팔다","sales_amount":"판매량","payroll_management":"급여 관리","payroll":"임금","swipe_left_to_delete":"왼쪽으로 미끄러지면 삭제할 수 있다","gross_salaries":"임금 총액","payroll_management.tips":"직원급여계획작성실제업무통계에근거하여판매직원의판매공제금, 회수공제금, 유지보수비용등급여를지급하며급여명세를고정할수있습니다.","other_time":"그 외 시간","to_be_issued":"발급을 기다리다","salary_commission_details":"급여 공제 명세서","select.employee":"직원을 뽑다","date_on_board":"입사 날짜","selective_need_statistics":"실적 통계가 필요한 상품 속성을 선택하십시오","other_orders":"기타 주문서","customer_orders":"고객 주문서","friend_orders":"유상오더","agent_orders":"에이전트 오더","test_control":"테스트 대조","total_gross_profit":"총이윤 총액","total_cost_recovered_by_TA":"ta 가 회수하는 총 비용","online":"온라인","other":"기타","peer":"동업자","store":"가게","general":"gm","the_profits_generated_by_TA_recycling":"생산된 이윤을 회수하다","profit_on_maintenance":"수리정비마진","basic_salary":"기본급은","other_money":"기타 비용","sales_commission":"판매공제금","set_default_commission":"기본 공제금을 설정합니다","sales_points":"판매액을 끌어올리다.","option":"방안을","gross_profit_points":"총이윤을 좀 늘리다","commission_on_sales":"판매 건수 공제금","recovery_commission":"공제금을 회수하다.","cost_recovery_points":"원가를 회수하여 인출하다","commission_on_unit_recovered_pieces":"수거 건수 공제","TA_recycling_generated_profit_points":"ta를 회수하여 생기는 이윤을 공제하다","maintenance_commission":"유지보수 수수료","maintenance_profit_commission":"수리 · 정비의 이윤을 공제하다","click_fold":"취소하려면 누르십시오","click_unfold":"펴려면 누르십시오","issued":"보냈음","await_issue":"발급을 기다리다","issued_payroll":"임금을 지급하다.","total_original_cost_of_recovered_goods":"상품의 총오리지널 비용을 회수하다","total_additional_cost_of_recovered_goods":"회수된 상품에는 총비용이 부가된다","sales_points.tips1":"1. 판매액 포인트 = 주문판매금액 * 공제비율","sales_points.tips2":"2, 다른 주문 유형은 다른 비율을 설정할 수 있습니다","gross_profit_points.tips1":"1. 총이익 포인트 = (주문판매금액-주문원가금액) * 공제비율","gross_profit_points.tips2":"2, 다른 주문 유형은 다른 비율을 설정할 수 있습니다","commission_on_sales.tip1":"1. 판매건수 포인트 = 주문판매금액 * 공제비율","commission_on_sales.tip2":"2, 다른 주문 유형은 다른 비율을 설정할 수 있습니다","cost_recovery_points.tips1":"1, 회수 원가 = 해당 월 회수 상품 원가 총액 * 공제 비율","cost_recovery_points.tips2":"2, 다른 유형의 회수 다른 비율을 설정할 수 있습니다","commission_on_unit_recovered_pieces.tips1":"1, 회수 건수 공제 = 당월 회수 상품 건수 * 공제 비율","commission_on_unit_recovered_pieces.tips2":"2, 다른 유형의 회수 다른 비율을 설정할 수 있습니다","TA_recycling_generated_profit_points.tips1":"1. ta 회수생산이윤 가산점 = ta 회수하는 상품이 판매된후의 이윤 * 공제비율","TA_recycling_generated_profit_points.tips2":"2, 다른 유형의 회수 다른 비율을 설정할 수 있습니다","maintenance_profit_points":"수리 및 정비 이윤을 조금 올리다","maintenance_profit_points.tips1":"1, 유지 보수 이윤 증가 = 유지 보수 이윤 * 공제 비율","sales_commission_default_setting":"판매 수수료 기본 설정","reclaim_commission_default_setting":"회수 수수료 기본 설정","reclaim_profits_from_production":"생산한 이윤을 회수하여 조금 인상하다","comfirm_save_payroll_particulars":"해당 직원의 당월 월급 명세 보관 확인?","confirm_save":"저장 확인","comfirm_issue_payroll":"그 직원의 당월 월급 지급을 확인하다?","confirm_issue":"발급을 확인하다","general_percentage_of_commission":"주문 및 상품의 회수 유형을 선택하지 않음, 기본 사용 [일반] 수수료 비율","issued_payroll_not_editable":"임금은 이미 지급하였으므로 편집할 수 없다","other_keep_accounts":"기타 기장","all_categories":"모든 분류","expenditure":"지출","income":"소득","write_down":"한 획 쓰다","other_keep_accounts.tips1":"관리비, 공과금, 전시회 점검 등 그 달 또는 과거 기간의 추가 지출이나 수입을 쉽게 확인할 수 있도록 비재활용 사업에 대한 기록물.","all_staff":"전체 직원","billing_details":"명세서 상세","type":"유형","manual_creation":"인위적으로 만들다","serial_numbers":"일련번호","associated_order_number":"관련 주문서 번호","occurrence_date":"발생 날짜","amount_of_expenditure":"지출 금액","fill_amount":"금액을 기재하다","selective_classification":"분류 선택","select_date":"날짜를 선택하다","input.remark50":"비고 정보 (50자 한도)를 입력하십시오.","add_costom_classification":"사용자 정의 분류를 추가합니다","input.costom_classification10":"사용자 정의 분류를 입력하십시오 (10자 한도).","maintenance_fees":"수리비","exhibition_fees":"회비를 전시하다","total_deposit":"계약금 총액","exp_trans_price":"예상거래총액","earnest_money":"계약금을","expected_transaction":"거래를 예상하다","total_original_cost_of_goods":"상품의 총 시차 원가","additional_cost_of_goods":"상품부가원가","by_latest_lock":"최근 잠금 목록을 누르십시오","by_longest_lock":"가장 오래된 자물쇠를 채우다","by_highest_earnest_money":"계약금상 가장 높다","by_lowest_earnest_money":"계약금에 의하면 제일 낮다","lock_details":"잠금 목록 자세한 정보","lock_record":"잠금장치 기록","view_product_details":"상품의 상세한 상황을 조사하다","deposit_payment":"계약금 지불","last_updated_time":"최근 업데이트 시간","lock_remark":"자물쇠 비고","ticket_holder":"영수증보관원","lockout_time":"시트 잠금 시간","quantity_of_ticket":"잠금 시트 갯수","unlock_success":"성공적으로 잠금을 풀었습니다.","operation_log":"작업 로그","operating_personnel":"오퍼레이터","operation_module":"조작 모듈","operating_time":"작업 시간","operation_content":"조작 내용","operation_log.tips0":"작업자의 작업을 추적하여 작업의 전체 링크를 볼 수 있습니다","all_modules":"모든 모듈","order_modification_record":"주문서 수정 기록","before_modification":"수정하기 전","after_modification":"수정 후","statement_of_account":"계산서","create_statement":"계정 생성","selected_product_attributes":"선택된 물품 등록정보","total_cost_of_statement":"총비용을 계산하다","statement_of_account.tips1":"상품 원가와 현금 금액을 장부에 맞춰 작성하여 재무 직원이 그 달 또는 과거 상품과 자금 회전 상황을 편리하게 확인할 수 있도록 한다.","comfirm_delete_statement":"이 청구서를 삭제하시겠습니까?","have_deleted":"삭제됨","select_statement_type":"정산 유형을 선택하십시오","total_cost_of_goods":"상품의 총원가의 합계","cash":"현금","total_assets":"총 자산","cost_of_goods":"상품 원가","due_funds":"있어야 할 자금","sales_profit":"판매 이윤","service_profit":"서비스 이윤","other_income_and_expenditure":"기타 수지","payroll_expenses":"임금 지출","commodity_consignor":"상품 위탁자","pledged_price":"저당 가격","call_price":"환매가격을 되찾다","redemption_time":"상환기간","total_inventory":"총재고","sold_count":"이미 판매","usable":"사용 가능 한","warehouse_billing":"창고 어음","temporary_invoice":"임시 출고 어음","customerServiceTitle":"당신이 저희에게 연락하는 것을 환영하고, 당신의 귀중한 의견을 제공합니다!","quick_navigation":"빠른 네비게이션","sign_out":"로그 아웃","pages.member.sign_out":"로그 아웃","comfirm_sign_out":"로그아웃 확정하기","is_comfirm_sign_out":"로그아웃 하시겠습니까?","sign_out_success":"로그아웃 성공","logouting":"로그아웃 중..."}