{"storeID":"가게 번호","expire":"만기","warehousing":"금일 입고","billing":"오늘 장부를 결산하다.","storeWallet":"가게 지갑","saveQRCode":"qr 코드를 저장하다","transfer":"나의 양도","auction":"내 경매","deal":"나의 거래","complaint":"저의 불만은","like":"좋아요","GBP":"파운드","AUD":"호주달러","RUB":"러시아 루블","CAD":"캐나다 달러","CHF":"스위스 프랑","saler_tools.pages.warehouse.inStockInvoice":"재고 상품 출고 증명서","saler_tools.pages.warehouse.notInStockInvoice":"재고 외 상품에 대한 출고 증명서","saler_tools.pages.warehouse.sampleGraph":"예시도","pages.auth.login.logining":"로그인 중","pages.auth.login.usernamePlaceholder":"계좌 번호를 입력해 주십시오","pages.auth.login.mobileLoginTip":"핸드폰 번호 인증 번호를 입력하여 등록하다","pages.auth.login.mobileLoginError":"가게에서 아직 휴대전화 번호 등록을 하지 않았다","form.require_tips_log":"아래 첨자 *의 정보는 상품 입고의 필수항목입니다","form.goods_image_tips_log":"온라인 전시회에서 더 많은 트래픽을 얻는 데 도움이 또렷한 상품 사진을 업로드!건선, 로고, 그림자 등 없음.유효 픽셀의 70% 이상 가로 또는 세로, 최대 9개의 사진을 업로드할 수 있습니다","form.text_clear":"단추에 한 번 지우기","pages.auth.resetpwd":"비밀번호 찾기","pages.member.account":"회원 계정","pages.member.address":"배송 주소","pages.member.address_edit":"받을 주소를 편집합니다","pages.member.apply_cash_out":"현금 인출을 신청하다","pages.pay.browser":"지불","pages.setting.index":"설정","pages.verify.index":"체크 아웃대","pages.verify.verify":"말소","pages.verify.detail":"상세한 상황을 심사하여 삭제하다.","pages.order.detail":"주문서 상세정보","pages.log.order":"주문서 수정 기록","pages.order.list":"주문서 관리","pages.auth.list":"직원 권한","pages.product.brand":"브랜드","pages.lockingList.detail":"잠금 목록 자세한 정보","pages.delivery.list":"출하관리","pages.commodityInventory.list":"상품을 실사하다","pages.commodityInventory.underway":"재고 조사 목록-진행 중","pages.commodityInventory.detail":"상세한 상황을 조사하다.","pages.shopBill.edit":"명세서 편집","pages.log.list":"작업 로그","pages.pledge.list":"저당 잡힌 상품","pages.employeeAuthority.edit":"직원 권한","pages.dataAnalysis.list":"데이터 분석","getSmsCode":"인증 코드 가져오기","smsCodeChangeText":"초 후 다시 가져오기","captchaTitle":"확인을 완료하십시오.","confirm":"확인","cancel":"취소","nicknamePlaceholder":"닉네임을 입력해 주세요","headimg":"얼굴을","headimgPlaceholder":"얼굴 사진을 설정해 주세요","getAvatarNickname":"닉네임 얼굴을 가져옵니다","getAvatarNicknameTips":"사용자 아바타, 닉네임 완벽한 개인 정보 획득은 주로 사용자에게 식별도가 있는 사용자 중심 인터페이스를 제공하는 데 쓰인다","weixinUserAuth":"원키 바인딩","mobileQuickLogin":"핸드폰 번호 단축 로그인","register":"등록","complete":"완료","close":"닫기","myBalance":"내 잔고","myPoint":"제 점수","customerService":"고객 서비스 연결","siteClose":"사이트 닫음","noSite":"사이트가 존재하지 않습니다.","cardLink":"차 카","myLink":"나의","reserveBtn":"앞다투어 사다","cardBtn":"처리","soldOut":"이미 판매","wxPrivacyPopup.descBefore":"이 애플릿을 사용해 주셔서 감사드리며, 사용하시기 전에 먼저 읽어보고 동의하셔야 합니다","wxPrivacyPopup.descAfter":"동의하고 계속하기 클릭을 하면 귀하는 본 조항의 내용을 이해하고 동의함을 표시하며 본 조항은 귀하에게 법적구속력을 가집니다.동의하지 않을 경우 애플릿 기능을 더 이상 사용할 수 없습니다.","wxPrivacyPopup.disagree":"동의하지 않다","wxPrivacyPopup.agree":"동의하고 계속하다","wxPrivacyPopup.contractName":"사용자 프라이버시 보호 안내","otherGoods":"기타 상품","maintenance":"보수하고 정비하다","merchandiseBilling":"상품 전표","inStockInvoice":"재고 상품 출고 증명서","notInStockInvoice":"재고 외 상품에 대한 출고 증명서","others":"다른","tips_i_see":"알겠어요.","form.goods_sku_tips_log":"공급자 또는 제조업체에 의해 제공되며, 각 제품의 생산 또는 공급 측면의 표시이다","form.goods_sku_placeholder":"상품 번호를 입력하십시오","form.goods_code_tips_log":"재고와 판매 기록을 내부적으로 관리하기 위해 판매자가 스스로 정의한 것입니다","form.check_data":"폼을 확인하십시오.","error.find_goods_empty":"수선이 필요한 상품을 찾을 수 없습니다","error.goods_id_require":"수선이 필요한 상품으로 골라주세요","error.picture_cannot_be_empty":"제품 사진은 비어 있으면 안 됩니다","error.select_edit_data":"수정된 데이터를 선택하십시오","form.goods_tips.repetition":"현재 팁이 이미 있습니다","form.goods_tips.required":"팁 내용을 입력해주세요","form.goods_tips.tips":"이 팁은 창고 상품 정보 페이지에만 표시됩니다","form.input_clear":"단추에 한 번 지우기","goods_attribute.no_attachment":"첨부 파일 없음","fit_sz":"척 야드","form.placeholder_case_matl":"케이스 소재를 입력해주세요","form.placeholder_dial_dia":"문자판 지름을 입력하십시오","form.placeholder_matl":"소재를 입력하십시오.","form.placeholder_sz":"사이즈를 입력하십시오","unlock":"잠금 해제","form.goods_unlock.reason":"잠금 해제 이유를 입력하십시오.","input.add_tips.name":"팁 이름을 입력해주세요","all.employees.online":"온라인 전체 직원","explain.on.sale":"판매 중 상품","explain.warehouse11":"2. 상품 확장 정보 (모두) 보기 지원:독립 코드, 카드 연도, 설명 정보, 회수 시간, 회수 직원.","explain.on.sale0":"1. 입고되여 진열대에 올려진 상품을 오프라인이라고 한다. 해당 상품이 팔릴 수 있는 상태임을 나타낸다.","explain.order0":"매장 판매는 주문 실행 완료, 주문서 관리 기능에서 볼 수 있습니다.","explain.order1":"1. 점포의 모든 판매데이터를 보기 점포 이전매출액, 총이익률, 판매수량, 연화수익률 등을 보기.","explain.order2":"선별을 통해 회수유형, 주문유형 등에 의거하여 점포의 거래상황을 분석할 수 있다.","go_to_settings":"설정으로 가기","form.salesman.select":"판매원을 선택해 주세요","add.after_sales_service":"사용자 정의 사후 관리 기능을 추가합니다","input.after_sales_service":"사용자 정의 판매 후 보증 (10 글자 한도)을 입력하십시오.","tips.after_sales_service":"현재 판매 후 보증이 이미 존재한다","out_of_stock":"잠시 재고없음","form.custodial_customer":"위탁관리 고객","form.settlement":"결제","form.settlement.no":"미지급금","form.settlement.tips":"결제 조작을 확실히 진행하다","input.password.tips":"비밀번호를 입력하십시오.","form.confirm_password":"비밀번호 확인","input.confirm_password.tips":"비밀번호를 다시 입력하십시오","input.confirm_password.tips2":"비밀번호가 일치하지 않습니다","form.code":"인증 코드","reset_password":"비밀번호 변경","form.old_password":"이전 비밀번호","input.old_password.tips":"이전 비밀번호를 입력하십시오","confirm_edit":"수정 확인","explain.inStock":"재고 상품 출고 증명서","form.voucher":"증빙서류","form.expected_transaction":"예상거래성사 (선택)","input.address":"받을 주소를 입력해주세요","form.lock_remark":"자물쇠명세서 설명 (선택)","input.lock_remark":"잠금 명세서를 입력하십시오","appraisal3":"3. 비용:사용자당 세번 무료, 매점회원은 19.9원\/회, 비회원은 39.9\/회.","appraisal4":"감정평가사","appraisal5":"(1) 감정평가사는 플랫폼의 초청을 거쳐 심사 (세분분야의 전문가) 해야 한다.","appraisal6":"2. 감정평가사 수익:\"가장 빠른 감정결과를 얻은\"감정사와\"가장 높은 가격을 가진\"감정평가사에게 주문의 50% 수익이 배분된다.","appraisal7":"3, 주문 결과","identify3":"당신이 찍은 사진과 제출한 감정서를 통해 개별 부위의 브랜드 공정이 차이가 있다고 판단해'가짜를 봤다'는 결론을 내렸습니다.","identify4":"똑똑히 보이지 않는다.","identify5":"당신이 촬영한 사진이나 제출한 감정점 등이 촬영각도, 광선 등으로 인해 판정할 수 없어 잘 보이지 않는다는 결론이다.","identify6":"이 결론은 참고로 제공할뿐 법적효력을 갖지 않는다.이의가 있다면'사치가정감정센터'를 선택해 실물 감정을 진행할 수 있습니다.","identify":"주문서 상세정보","form.product_info":"상품 정보","form.product_info.tips":"상품의 원색과 하자를 정확하게 묘사해 주십시오. 가격은 더욱 정확하게 제시할 것입니다.","form.product_info.placeholder":"모델, 크기, 연도, 부품, 하자 등을 자세히 설명해 감정 견적 구조를 정밀하게 할 수 있다.","select_goods_category":"상품 분류 선택해주세요","input.goods_code":"독립 인코딩을 입력하십시오","appraisal_appraiser":"감정 감정사","appraisal_result":"감정 결과","appraisal_remark":"감정감정사가 메모를 남기다","appraisal_explain":"이번 감정결과는 사용자가 제공한 사진에서 보이는 부분을 기준으로 한다.","icon.home":"첫 페이지","form.before_select_brand":"브랜드부터 고르세요","i_want_identification":"나는 감정 가격을 원한다","goods_detail":"상품상세정보","form.shop_name":"가게 이름","input.shop_name.tips":"점포 이름을 입력해 주세요","share_product":"상품을 나누다","share_img.tips2":"표지를 업로드하려면 왼쪽을 누르십시오","batch_share":"볼륨 공유","batch_print":"일괄 인쇄","batch_delete":"일괄 삭제","form.peer_price":"동업자 가격","form.agent_price":"대리 가격","form.sale_price":"판매가격","form.location":"상품 위치","form.update_time":"업데이트 시간","look_log":"작업 로그 보기","no_goods":"잠시 상품이 없다.","not_filled":"채워지지 않음","form.recycling_time":"회수 시간","OK":"확정","available":"이미 진열대에 올랐다","not_available":"이미 진열대에 올랐다","select_all":"모두 선택","reverse":"반 선택","select.appraiser_name":"감정인을 선택하십시오","goods_video.tips":"(영상은 60초 이상 지속되지 않는다.)","add_goods_video":"상품 동영상 추가","detail_drawing":"자세한 그림","including_defect_drawing":"(하자도 등 포함.)","look_sample_graph":"예도 보기","form.stock_count":"재고 수량","input.stock_count":"재고 수량을 입력해주세요","form.stock_count.tips":"재고 변경 후 잠금 리스트 기록이 삭제됩니다","input.total_cost":"총 원가를 입력하십시오","form.additional_cost.tips":"원가를 추가하다","form.goods_attachment":"상품 부속품","max_add_img_count25":"(최대 사진 25개 추가)","synchronization.tips":"상품이 연합 경영하는 점포와 온라인 전시회에 동시에 전시되다","synchronization.tips1":"힌트:동업자 가격은 연합 운영 점포와 온라인 전시회에 나타난다","save_and_up":"저장해서 선반에 올릴 수 있습니다","goods_operation_record":"상품취급기록","look":"보기","form.system_code.tips":"이 인코딩은 시스템에 의해 자동으로 생성되며, 독특하다","look_custodial_customer":"관리된 고객 보기","warranty_card_year":"카드 연율","remove":"제거","absence":"결핍","existence":"존재하는","redemption":"환매","total_take_home_price":"총 착수 가격","is_redemption_pledge":"저당 잡힌 상품의 환매를 확인하다","input.is_redemption_pledge":"환매 거래가격 (위안)을 입력하십시오","definite_redemption":"상환을 확정하다","no_copy":"현재 복사한 내용이 없습니다","redemption_and_error":"존재합니다 (하지만 상품 위치가 틀립니다)","share_optional_goods":"상품을 공유 (선택)하다","puzzle_making":"퍼즐 만들기","text_marking":"텍스트 작성","print_labels":"라벨을 한 번에 인쇄합니다","location_inform1":"1. [상품 위치] 데이터와 [창고] 데이터 동기화 유지","batch_shift":"로트 트랜스포트","shift.tips0":"이 상품을 목록에서 삭제해도 실제 재고에 영향을 미치지 않습니다","add_goods":"상품을 추가하다","scan_add":"스캔 코드 추가","h5_nonsupport":"이 기능은 h5에서 지원되지 않는다","temporary.tips0":"임시로 만든 창고는 상품을 임시적으로 조를 짜는데 편리하다","temporary.tips1":"(1) 상품공유응용","temporary.tips2":"1.1 예를 들어:전시회 임시 창고, 생방송 공급 임시 창고, 유지 보수 임시 창고.","temporary.tips3":"1.2 임시 창고 위챗 애플릿 공유 지원","temporary.tips4":"2. 림시창고 특점","this_week":"이번 주","this_month":"지난","last_month":"지난달","months":"월","days":"일","input.sales_return_reason":"반품 이유를 입력하십시오.","confirm_delete_operation":"삭제 작업을 진행하시겠습니까?","delete.tips0":"주문서를 지운 후 휴지통에 넣어 볼 수 있습니다","input.delete_remark":"설명 삭제 (선택)를 입력하십시오","sales_returnsales_return":"반품","salesman":"판매","form.order_type":"주문서 종류","balance_paid":"기불금","refunded":"환불 완료","form.annual_rate":"년 화","explain.delivery.tips0":"잠금 주문서, 발송 주문서는 발송 관리-발송 대기 인터페이스로 이동합니다","explain.delivery.tips1":"1. 매장의 효률을 제고한다. 매장은 규칙을 설정할수 있다. 례하면 발송주소를 기입하고 기본플랫폼 판매에서 발송을 요구한다.","explain.delivery.tips2":"간편한 배송, 순풍 ap1 연결, 순풍면 단일 스캔 코드, 수동 입력 지원.","explain.delivery.tips3":"3. 신속하게 조회하고 이미 발송한 주문서는 순풍물류정보와 실시간으로 동기화하며 위챗 버튼 하나로 고객을 공유할수 있다.","explain.delivery.tips4":"4. 기록이 명확합니다. 발송인원, 발송기록표, 순풍송장번호 등 정보조회를 지원합니다.","employee_auth.tips3":"3) 민감한 권한에 대한 설명","employee_auth.tips4":"3.1원가:무권한입고후, 볼수없다. 만약 창고관리가볼필요가있으면, 신중히개방한다.","employee_auth.tips5":"3.2 동행가격:점포의 실제 분업에 따라 권한을 합리적으로 분배한다.","employee_auth.tips6":"3.3위탁고객 보기:위탁판매 고객 정보 보기.","employee_auth.tips7":"3.4 영구제거:휴지통에 있는 기능, 제안 운영자 고유.","form.name":"이름","input.name":"이름을 입력하십시오","form.role":"신분","select.role":"신분을 선택하십시오.","create_salary":"창립급여","delete_success":"성공적으로 삭제했습니다.","delete_error":"삭제 실패","save_timeout":"저장 시간 초과","save_success":"성공적으로 저장했습니다","save_auth_set_success":"권한 설정을 성공적으로 저장했습니다","appc.QT":"기타","switch_stores_success":"성공적인 매장 전환","new_shop_register":"신규점포 등록","immediate_switch":"지금 바꾸기","immediate_register":"지금 등록","joinMember":"회원 개설","noviceGuide":"초보자 가이드","inviteFriends":"친한 친구를 초대하다.","inviter":"내가 초대한 사람","securityDeposit":"보증금","logout":"로그아웃 끝내기","experienceStoreVIP":"매장 vip 체험","CNY":"인민폐","USD":"달러","HKD":"홍콩 달러","saler_tools.pages.inbound.index":"입고","saler_tools.pages.outbound.index":"출고","pages.auth.login.passwordPlaceholder":"비밀번호를 입력하십시오.","pages.auth.login.resetpwd":"비밀번호를 잊어버리다","pages.auth.login.noAccount":"아직 계좌번호가 없습니다.","pages.index.develop":"개발 환경 설정","pages.article.list":"정보 센터","pages.article.detail":"문장의 자세한 상황","pages.auth.index":"로그인","pages.auth.agreement":"협의","pages.member.commission":"나의 커미션","pages.member.detailed_account":"납입 내역","pages.member.personal":"개인 정보","pages.member.contact":"콜","pages.verify.record":"기록을 대조 폐기하다.","pages.product.position":"저장소 위치","pages.temporary.list":"임시창고","pages.temporary.select":"이월할 임시실을 선택하다","pages.repair.lists":"보수하고 정비하다","pages.repair.detail":"수리 및 정비 주문서 상세 사항","pages.commodityInventory.pledge":"저당상품 재고조사를 만들다","pages.commodityInventory.position":"상품의 위치를 선택하여 실사하다","pages.keepAccounts.list":"기타 기장","pages.keepAccounts.edit":"한 획 쓰다","pages.keepAccounts.detail":"명세서 상세","currency":"￥","save":"저장","delete":"삭제","captchaPlaceholder":"인증번호를 입력해주세요","mobilePlaceholder":"핸드폰 번호를 입력해 주세요","balance":"잔고","login":"로그인","bind":"바인딩","binding":"바인딩 중","bindMobile":"핸드폰 번호 바인딩","pay.getting":"지불 결과를 얻는 중","scenic":"관광 명소","seeMore":"더 보기","way":"노선","hotel":"호텔","myOrder":"나의 주문서","orderNo":"주문서 번호","actualPayment":"실제 지불","orderClose":"주문서 닫기","orderFinish":"수령을 확인하다","pledgedGoods":"저당 잡힌 상품","slogan":"물건을 팔 수 있는 럭셔리한 매장 관리 소프트웨어","pages.language.title":"언어 전환","goods_category":"상품 분류","goods_condition":"상품 순도","model":"모델","form.model_select_placeholder":"사이즈를 선택하십시오","condition_new":"새 미사용","condition_used":"중고","check_form_data":"폼을 확인하십시오.","goods_attribute.invoice":"영수증","goods_attribute.receipt":"영수증","goods_attribute.warranty_card":"보증 카드","goods_attribute.certificate":"증서","goods_cost.form.cost_name_required":"원가 유형을 선택하십시오","XX":"신발","FS":"의류","QT":"기타","PS":"액세서리","form.goods_unlock.tips":"잠금 해제 후, 사용 가능한 인벤토리로 해제됩니다","explain.warehouse10":"1. 편집, 리스트 잠금, 인쇄, 선반 상하와 같은 모든 상품 작동을 지원합니다.","explain.order3":"주문서 편집을 통해서 주문서 수정, 반품, 공유, 배송 등의 기능이 가능합니다.","explain.order4":"2. 위탁판매대금","explain.order5":"결제 옵션을 통해 위탁 주문, 고객 결제 상황을 관리합니다.","explain.order6":"3. 이미 반품한 경우","form.delivery_address":"배송 주소","form.after_sales_service":"애프터서비스 보장","custom":"사용자 정의","input.delivery_address":"례를 들면 장삼 13077584114 절강성 항주시 서호구 여항당로 866호 절강대학 (250자 제한)","form.in_total":"합계","form.email":"메일 박스","input.email.tips":"편지함을 입력하십시오","form.password":"암호","input.code.tips":"편지함 인증 코드를 입력하십시오","get.code":"인증 코드 가져오기","explain.lock1":"1. 하나의 상품을 두가지 방식으로 판매하는것을 방지한다. 례를 들면 위챗에서 계약금을 받고 상품을 남겨둠으로써 기타 인원이 재차 판매하는것을 방지한다.","explain.lock2":"2. 자금장부의 불통일을 방지한다. 예를 들면, 생방송, 한어 등 플랫폼 판매, 자금입금주기가 있어, 먼저 전표를 묶어두고, 돈이 입금된 다음에 전표를 발행할 것을 건의한다.","explain.lock0":"모노클레이 기능은 판매 또는 사전 주문 상품을 통해 귀하의 모노클레이 작업을 제안하는 것입니다.","screen":"압축","form.lock":"자물쇠 상품 확인","saler_tools.pages.identify.lists.identifying":"평가 중","appraisal":"감정 가격","appraisal0":"1. 감정가격","appraisal1":"기간:10:00부터 22:00까지 3~5분 동안 결과가 나와요.","appraisal2":"2. 주기:72시간내에 300명의 감정평가사가 지속적으로 결과를 준다.","order_details":"주문서 상세정보","my_order":"나의 주문서","place_order":"주문서를 발행하다","appraisal_photo":"감정 상품의 사진을 감정하다","appraisal_tips":"명확한 상품 사진을 업로드하면 더욱 정확한 감정 가격을 내릴 수 있습니다","saler_tools.pages.identify.detail.goods_category":"분류","saler_tools.pages.identify.detail.goods_category.tips":"분류를 선택하십시오.","saler_tools.pages.identify.add.goods_category":"분류","saler_tools.pages.identify.add.goods_category.tips":"분류를 선택하십시오.","fold":"접","payer":"지불인","pay_time":"지불 시간","shop_address":"매장 주소","input.shop_address.tips":"가게 상세한 주소를 입력하세요","register_immediately":"지금 등록","item_hide":"숨기기","all_info":"모든 정보","uploaded_today":"오늘 업로드","listed_today":"오늘 판매대에 오른다.","total_goods_count":"상품 총수","form.recycling_name":"재활용 요원","form.appraiser_name":"감정원","add_public_price_information":"공시가격 정보를 보충하다","goods_total_initial_cost":"상품의 총원가","goods_plus_total_cost":"상품에 총원가가 부가되다","public_price_info.tips":"기본 인자를 채울 공표 그래프를 선택하십시오","upload_ai":"(업로드 또는 ai 이미지 인식)","NEW":"new","add_quality_pictures":"고품질 그림 추가","more_attractive":"더 멋져요!","form.goods_name":"상품명","goods_description.placeholder1":"만약 기입하지 않을 경우, 상품설명 앞의 50자를 자동으로 뽑는다","form.guide_price":"정부지도가격","input.guide_price":"정부 지도 가격을 입력하십시오","basic_parameter":"기본 인자","form.goods_tag":"태그","save_and_down":"저장하고 내려라","inbound_and_up":"입고 론칭되었습니다","only_inbound":"입고만 됨","add_location":"상품 위치 추가","form.inbound_name":"입고 인원","form.inbound_source":"입고 출처","iOS":"ios","edit":"편집","lock":"자물쇠만","existence_count":"존재 수량","input.existence_count":"존재하는 개수를 입력하십시오","form.stock_count.tips1":"현재 재고를 사용할 수 없습니다. 송장으로 발행하십시오","lock_bill":"전표를 떼다","form.stock_count.tips2":"재고가 0보다 적으면 안 됩니다","no_distribution_location":"미배치 위치 상품","aggregate":"합계","goods_pieces":"하나의 상품","location.tips0":"상품의 위치는 창고의 목록이나 매상 목록에 표시되며, 상품의 위치를 실시간으로 추적할 수 있다","location.tips1":"1. 시스템 기본 일반 상품 위치:도로, 매장, 유지보수.","goods_sold":"상품을 팔다","serial_number":"번호","founder":"창립자","new_create_temporary":"새 임시 창고","confirm_delete_temporary":"임시 저장소를 삭제합니다","order_billing_count":"어음 발주 수량","order_code":"주문서 인코딩","order_status":"오더 상태","settlement_status":"결제 상태","sales_time":"판매 시간","start_time":"시작 시간","end_time":"종료 시간","quantity_sold":"판매","sales_volume":"매출액","gross_profit":"총이윤","delivery_name":"화물 발송인","delivery_time":"발송 시간","explain.delivery":"출하관리","immediate_delivery":"바로 발송하다","form.delivery_remark":"발송비고","employee_auth.tips11":"3.8주문서 삭제:제안 운영자 고유","employee_auth.tips12":"3.9 직원 권한:이 권한의 소유자는 자신과 다른 직원의 권한 설정을 증가하거나 줄일 수 있습니다. 신중하게 열려 있습니다.","employee_auth.tips13":"3.10 매장 데이터 지우기:설정 센터-매장 파라미터 설정-한 키 지우기, 주문서, 메시지, 청구서, 급여 등, 복구할 수 없습니다.","enabled":"활성화됨","disabled":"사용이 중지되다","input.role_name":"id를 입력하십시오","unable_edit_super_admin":"슈퍼 관리자를 편집할 수 없습니다","add_success":"추가 성공","add_error":"추가 실패","save_auth_set_error":"권한 설정을 저장하는 데 실패했습니다","withdraw":"현금 인출","commissionDetail":"수수료 내역","topUpDetails":"충전 내역","punishDetails":"처벌 명세","quickService":"신속한 서비스","bid":"내 입찰 가격","aboutPlatform":"플랫폼에 관하여","personalData":"개인 정보","switchLanguage":"언어 전환","EUR":"유로","pages.auth.login.agreeTips":"등록은 동의를 의미합니다","pages.auth.login.isAgreeTips":"먼저 읽으시고 합의서에 동의하세요","pages.auth.login.mobilePlaceholder":"핸드폰 번호를 입력하세요","pages.auth.login.oneClicklogin":"바로 로그인","pages.auth.login.accountLogin":"계정 비밀번호 로그인","pages.member.point":"제 점수","pages.member.point_detail":"적분 내역","pages.member.level":"회원 등급","pages.member.sign_in":"나의 체크 마크","pages.member.cash_out":"현금 인출 기록","pages.repair.edit":"편집 수리 및 정비 접수표","pages.consignmentDelivery.list":"위탁 판매 전송","pages.consignmentDelivery.item":"위탁 판매 전송 상품 리스트","pages.lockingList.list":"자물쇠 상품","pages.storageAge.list":"창고 연령 경보","pages.dataAnalysis.recycle":"재활용 분석","pages.dataAnalysis.assets":"자산 분석","pages.dataAnalysis.additionalCost":"부가원가분석","pages.dataAnalysis.pledgedGoods":"저당품 분석","requestFail":"요청 실패","getMobile":"핸드폰 번호 찾기","mobileTips":"핸드폰 번호 받으십시오","point":"포인트","agreeTips":"읽어보시고 동의해주세요","pleaseAgree":"읽은 내용을 체크하고 동의하십시오","cardReserve":"프로젝트 예약","card":"승차권 발급 카드","memberName":"회원 이름","memberCode":"회원 번호","reserve":"예약","selectAddress":"주소 선택","coupon":"쿠폰","warehousingOfGoods":"상품을 입고하다","ownGoods":"자사상품","consignmentGoods":"위탁 판매 상품.","base.data.add":"신규 데이터","base.data.edit":"데이터 편집","success":"작업 성공","sex.male":"남자","sex.female":"여자","matl":"재 질","sz":"척","form.placeholder_fit_sz":"사이즈를 입력해주세요","form.placeholder_mvmt_type":"무브먼트 타입 입력해주세요","nothing":"무","explain.warehouse7":"3. 창고 데이터 통계 지원:오늘 선반, 오늘 업로드, 상품 총수, 비용 등.","explain.warehouse8":"4. 일괄 공유, 일괄 인쇄, 일괄 삭제, 일괄 편집과 같은 일괄 작업 지원.","explain.warehouse9":"상품 작동:","explain.order7":"모든 반품 주문, 반품 이유 등을 볼 수 있습니다.","explain.order":"주문서 관리","error":"작업 실패","copy":"복사","form.original_take_home_price":"최초 입수가격","upload.settlement":"결제 인증서를 업로드하십시오 (선택)","form.settlement.remark":"결제 비고","code_error":"인증 코드 전송에 실패했습니다","account_exist":"계좌번호가 있습니다.","explain.onSale":"판매 중 상품","pages.lockOrder.list":"자물쇠 상품","pages.lockOrder.detail":"잠금 목록 자세한 정보","appraisal8":"1. 그림 감정 및 평가:정보가 전면적일수록 결과가 더욱 정확하다.사진-진위 감정점, 색 상세, 부속품 (영수증, 카드, 전포장)을 찍을수있습니다.","appraisal9":"2) 사진감정:정확도는 99.4%(사진에 보이는 판단부분을 기준으로 함.) 이며 의혹이 있으면 감정센터에서 실물감정을 진행한다.","appraisal10":"3. 그림 견적:건의회수가격 큰 확률은 바닥가격 (72h 유효)","appraisal11":"주:만약 1위와 2위, 3위의 차이가 크게 나타날 경우, 건의는 먼저 고객 서비스에 오류 가격 여부를 물어 불필요한 손실을 피면합니다.","appraisal12":"4. 최상급서비스","select_year":"연도를 선택하십시오","i_agree":"나는 이미 읽었고 동의했다","appraisal_notice":"「 감정평가구매자 주의사항 」","appraisal_expense":"감정평가비","form.original_cost":"원가","order_no":"주문서 번호","appraisal_money":"예상 가격을 감정하다","share_img":"표지 공유","share_img.tips0":"상품 애플릿을 공유할 때","share_img.tips1":"코드로 가게 이미지를 올릴 수 있습니다.","form.take_home_price":"구입 가격","pack_up_more":"더 많이 걷습니다.","see_more":"더 보기","form.initial_cost":"오리지널 코스트","form.plus_total_cost":"부가총원가","by_longest_storage":"입고된지 가장 오래되었습니다","by_highest_price":"가격으로는 최고다","by_lowest_price":"가격에 의하면 제일 낮다","continuous_storage":"연속 입고","ai_result":"ai 식별 결과","select.goods_location":"상품 위치 선택해주세요","form.recycle_type":"회수 종류","diy_edit":"사용자 정의 (편집)","select.recycling_name":"수거 인원을 선택하십시오","form.recycling_image":"회수 비고도","form.category":"분류","last_update":"마지막 업데이트","form.uptate_name":"인원을 갱신하다.","form.shelf_time":"출시 시간","toggle_location":"위치 변경","is_goods_down":"철수 상품 확정인가요?","goods_down_success":"상품이 성공적으로 출고되었다","added":"추가됨","long_press_data":"(긴 순서로 정렬 가능)","max_character6":"입력은 최대 6 글자입니다","agreement_not_exist":"프로토콜이 존재하지 않습니다.","add_personnel":"인원을 늘리다","add_time":"시간 추가","temporary":"임시창고","search_temporary":"임시 창고 번호를 검색합니다","yesterday":"어제","billing_personnel":"영수증 작성 인원","billing_time":"어음 발주 시간","order_remark":"주문서 설명","sales_return":"반품","confirm_delete_select_order":"선택한 주문서를 삭제하시겠습니까?","select_time":"시간을 선택하다","by_lowest_annual":"년도별 최저","by_highest_annual":"연간 기준으로 가장 높다","by_latest_sales":"최근 판매","employee_auth.tips8":"3.5 수정원가:권한이 없으면 수정할수 없고 부분적창고 관리수요가 있어 신중하게 개방한다 (상품원가의 변동은 유지비 등 추가원가를 통해 실현할수 있다).","employee_auth.tips9":"3.6 상품 삭제:점포 상품 삭제, 민감한 권한의 신중한 개방.","employee_auth.tips10":"3.7 수정 주문:주문 거래 가격 판매 후 보장 등 정보를 편집할 수 있으며, 신중하게 개방합니다.","edit_employee":"직원 권한 수정","form.account":"계정","auth_and_save":"권한 및 저장","appc.ALL":"전부","appc.BW":"표 완","appc.ZB":"보석","appc.XB":"가방","personalReputation":"개인 신용도","collect":"나의 수집품","JPY":"엔","DKK":"덴마크크로네","NOK":"노르웨이 크로네","saler_tools.pages.index.index":"luxur cener","saler_tools.pages.member.index":"회원 센터","pages.auth.login.toRegister":"등록하러 가다","pages.auth.login.accountLoginTip":"계좌 번호 비밀번호를 입력하여 로그인하다","pages.auth.login.accountLoginError":"업체에서 계좌 번호 비밀번호를 아직 열어 로그인하지 않았다","pages.index.index":"luxur cener","pages.member.index":"회원 센터","pages.product.inbound.list":"입고","pages.goodsForSale.list":"판매 중 상품","pages.product.notInStockInvoice.list":"재고 외 상품에 대한 출고 증명서","pages.shopBill.lists":"계산서","pages.dataAnalysis.salesVolume":"판매 분석","notInDomainList":"유효한 request 도메인 목록에 없습니다","baseUrlError":"인터페이스 요청이 잘못되었습니다. vite_app_base_url 설정 또는 유사 정적 설정을 확인하십시오","mobileError":"정확한 휴대전화 번호를 입력해 주세요","pay.payTitle":"지불을 확인하다","pay.notHavePayType":"이용가능한 지불 방식이 없습니다","pay.notObtainedInfo":"지불 정보가 없습니다","pay.paymentDocuments":"지불 서류","pay.paySuccess":"성공적으로 지불되었습니다.","starLevel":"별","star":"별","emptyAddress":"지금 받을 주소가 없습니다. 주소를 먼저 만들어주세요","addAddress":"상품 수령 주소 추가","goods_image":"상품 이미지","sex.other":"기타","sex.unknow":"gm","product_warranty_card.have":"가","product_warranty_card.nothing":"무","form.recycling_time_placeholder":"수거 기간을 선택해주세요","explain.warehouse1":"1. 입고만:상품 회수 과정 또는 회수 완료 그러나 판매 할 수 없다, 예를 들어:상품이 가게에 도착하지 않았다, 상품이 검사하지 않았다, 상품 유지 보수가 필요합니다","explain.warehouse2":"2. 입고및선반:상품은 검사, 사진, 유지보수등과정이완료되어판매가능한상태입니다. 선반에올라가는상품은판매판에서-판매상품전시, 동시적판매를진행할수있는멀티플랫폼동기화스위치.","explain.warehouse3":"간편한 저장소 작업:","explain.warehouse4":"1. 홈페이지는 추가원가 추가, 상품위치 변경, 감정인원 변경, 조작로그 보기 등 빠른 조작을 지원한다.","explain.warehouse5":"2. 창고 상품 선택 지원, 예를 들어:회수 유형, 회수 인원, 회수 시간, 상품 위치, 라벨 등.","input.settlement.remark":"결제 비고 정보를 입력하십시오","no_data":"불충분한 증거","error.transaction_time_is_incorrect":"조회 시간 형식이 올바르지 않습니다","register_account":"가입 계정","input.certificate_name.tips":"실명을 입력해 주십시오","form.lock_num":"잠금 시트 갯수","default1":"기본값은 1입니다","saler_tools.pages.identify.lists.wait_pay":"지불을 기다리다","saler_tools.pages.identify.lists.wait_supply":"보충을 기다리다","saler_tools.pages.identify.lists.finish":"완료","immediate_payment":"즉시 지불하다","years":"년","unfold":"벌","icon.my":"나의","look_true":"정말 보","batch_edit":"일괄 편집","search_placeholder":"상품명\/설명\/설명\/독립 인코딩을 검색합니다","item_show":"보이기","total_cost":"총원가","look_warehouse":"창고 자산 보기","by_latest_storage":"입고 맞춤 최신","public_price_info.tips1":"가격 그래프를 선택하면 상품에 대한 기본 정보가 자동으로 채워집니다","public_price":"GongJia","more_public_price_img":"더 많은 공시가격 도표 보기","goods_video":"상품 동영상","guarantee_card_or_code":"카드 사진 또는 독립 인코딩 사진","privacy":"(전시하지 않음)","form.inbound":"입고","switch_grids":"궁전 바꾸기","intelligent_screenshots":"스마트 스크린샷","take_stock_remark":"재고 비고","optional":"(선택)","input.take_stock_remark":"재고 비고를 입력하세요.예를 들면, 빌려가서 구경시키거나, 전시회에 가져가거나 하는 것","inbound_success":"상품 런치에 성공하다","editParam":"추가 비용 유형 설정","temporary.tips6":"2.2 임시 저장소에 추가한다. 저장소 목록은 계속 보인다.","temporary.tips7":"2.3 상품변경은 원재고상품정보에 영향주지 않는다.","temporary.tips8":"3. 림시창고개설","temporary.tips9":"3.1주문 관리 인터페이스에 임시 입출금 특수 표시를 제공합니다.","form.certificate_name":"실명","gross_margin":"총이익률","look_sales_volume":"매출 분석 보기","form.transaction_price":"거래가격","by_longest_sales":"중고품으로 판매합니다","by_latest_delivery":"최근 배송","enabling_accounts":"계정 사용","enabling_accounts.tips":"근로자가 퇴직할 경우이 옵션을 해제할 것을 권장합니다","set_auth":"권한 설정","set_auth.tips0":"시작하기 단추는 권한을 설정할 수 있습니다","update_and_save":"이 아이덴티티 모듈을 업데이트하는 것은 새 사용자의 아이덴티티를 사용할 때의 기본 권한에만 영향을 주며, 과거 사용자의 권한에는 영향을 주지 않습니다","SEK":"스웨덴 크로나","NZD":"뉴질랜드 달러","SGD":"싱가포르 달러","THB":"바트","BRL":"브라질 레알","pages.auth.bind":"핸드폰 번호 바인딩","pages.auth.login":"로그인","pages.auth.register":"등록","pages.member.balance":"내 잔고","pages.member.cash_out_detail":"현금 인출 상황","pages.payroll.detail":"급여 공제 명세서","pages.commodityInventory.temporaryWarehouse":"이월할 임시실을 선택하다","pages.commodityInventory.warehouse":"창고 만들기 재고 조사","codePlaceholder":"핸드폰 인증번호를 입력해주세요","memberCenter":"개인 센터","pay.incompletePay":"미지급","rise":"부터","reserveSuccess":"예약 성공","unpaidOrder":"지불을 기다리다","waitingOrder":"사용을 기다리다","brand":"브랜드","form.brand_select_placeholder":"초딩 브랜드 입력해주세요","series":"시리즈","form.series_select_placeholder":"시리즈를 선택하세요","sex.secret":"비밀","explain.lock":"자물쇠 상품","form.payment_receipt_log":"업로드한 세부 그래픽은 항상 95점, 저음 등 제3자 플랫폼에서 동기화할 수 있으며 동료 간의 프레젠테이션에도 사용할 수 있다","form.payment_receipt_log0":"발송\/잠금 인증서가 필요합니까","form.payment_receipt_log1":"센터\/매장 파라미터 설정-잠금 송장 인증서 필수 설정에서 설정할 수 있습니다.","form.payment_receipt_log2":"다음을 설정하면, 다음 송장 발송 또는 잠금시 [인증서] 업로드가 필요합니다.","input.effective_email.tips":"유효한 전자 우편 주소를 입력하십시오","code_success":"인증 코드가 성공적으로 전송되었습니다","form.lock.tips":"명세서 이후, 명세서의 일부 재고를 다른 사람이 판매해서는 안 된다","form.salesman":"판매 사원","form.earnest":"계약금 (선택)","multiple_choice":"선","form.year":"연도","look_false":"거짓 보고","look_unclear":"똑똑히 보이지 않는다.","issue_appraisal":"감정 견적서를 공포하다.","alter":"변경","explain.own_goods":"개인소유상품창고","explain.consignment_goods":"위탁 판매 상품 창고","explain.pawned_goods":"저당품 창고","explain.others":"기타 상품창고","form.goods_guarantee_card":"상품보험카드","forwarding":"전송","one_click_download_graphics":"한 번에 그림과 글을 다운로드합니다","show_or_hide":"보이기\/숨기기","form.extended_info":"확장 정보","location.tips2":"2. 상인의 실제 수요에 따라 만든다. 예를 들면 손목시계중계실, 서호지점 등이다.","location.tips3":"3. 상품의 위치가 생성된후 명칭은 변경할수 없으며 상품의 위치는 유일성을 가진다.4. 상품 위치 빠른 편집:스캔 코드 추가, 일괄 이동 등 조작을 지원합니다.","max_character10":"입력은 최대 10 글자","confirm_delete_shipments":"선택한 상품의 발송 정보를 삭제하시겠습니까?","sampleGraph":"예시도","not_shipped":"발송 미달","shipped":"발송이 완료되다","returned_goods":"반품됨","by_longest_delivery":"가장 오래된 날짜로 보내주세요","input.delivery_remark":"발송비고를 입력해주세요","update":"업 데이트","shop_manager":"지점장","appc.PS":"액세서리","appc.XX":"신발","appc.FS":"의류"}