{"storeID":"店舗番号です","expire":"期限が切れます","warehousing":"本日入庫します","billing":"今日会計を出します","storeWallet":"お店の財布です","saveQRCode":"qrコードを保存します","joinMember":"会員を開設する","noviceGuide":"初心者ガイド","inviteFriends":"親友を招く","inviter":"私が招待した人です","securityDeposit":"保証金です","withdraw":"キャッシュバックです","commissionDetail":"口銭明細です","topUpDetails":"チャージ明細です","punishDetails":"処分の内訳です","quickService":"迅速なサービスです","personalReputation":"個人の信用度です","transfer":"私の譲渡です","auction":"私のオークションです","deal":"私の成約です","complaint":"私のクレームです","like":"私の「いいね」です","collect":"私のコレクションです","bid":"私の提示額です","aboutPlatform":"プラットフォームについてです","personalData":"個人情報です","switchLanguage":"言語を切り替えます","logout":"ログアウトします","experienceStoreVIP":"お店のVIPを体験します","CNY":"人民元です","USD":"ドルです","HKD":"香港ドルです","EUR":"ユーロです","JPY":"円です","GBP":"ポンドです","AUD":"豪州ドルです","RUB":"ロシア・ルーブルです","CAD":"カナダドル","CHF":"スイスフランです","DKK":"デンマーク・クローナです","NOK":"ノルウェー・クローネ","SEK":"スウェーデン・クローナ","NZD":"ニュージーランドドルです","SGD":"シンガポールドルです","THB":"バーツです","BRL":"ブラジル・レアル","MXN":"メキシコドルです","saler_tools.pages.index.index":"luxur cenerです","saler_tools.pages.member.index":"会員センターです","saler_tools.pages.inbound.index":"入庫します","saler_tools.pages.outbound.index":"出庫します","saler_tools.pages.warehouse.inStockInvoice":"商品を在庫します","saler_tools.pages.warehouse.notInStockInvoice":"在庫の商品を請求しません。","saler_tools.pages.warehouse.sampleGraph":"例示図です","pages.auth.login.logining":"登録中です","pages.auth.login.usernamePlaceholder":"アカウント入力をお願いします。","pages.auth.login.passwordPlaceholder":"パスワードをお願いします","pages.auth.login.resetpwd":"パスワードを忘れました","pages.auth.login.noAccount":"まだ口座番号がありません","pages.auth.login.toRegister":"登録します","pages.auth.login.agreeTips":"登録はご同意を意味します","pages.auth.login.isAgreeTips":"まずは合意書を読んで同意をお願いします","pages.auth.login.mobilePlaceholder":"携帯番号の入力をお願いします。","pages.auth.login.oneClicklogin":"短縮登録です","pages.auth.login.accountLogin":"パスワードを登録します","pages.auth.login.accountLoginTip":"アカウントのパスワードを入力してログインします","pages.auth.login.accountLoginError":"お店のパスワードが開いていません","pages.auth.login.mobileLogin":"携帯電話番号を登録します","pages.auth.login.mobileLoginTip":"携帯番号認証コードを入力して登録します。","pages.auth.login.mobileLoginError":"業者は携帯電話を開いていません","pages.index.close":"サイトは閉鎖しました","pages.index.nosite":"サイトは存在しません","pages.index.develop":"開発環境の構成です","pages.article.list":"インフォメーションセンターです","pages.article.detail":"記事の詳細です","pages.auth.index":"登録します","pages.auth.agreement":"協議します","pages.auth.bind":"携帯電話のバインディングです","pages.auth.login":"登録します","pages.auth.register":"登録します","pages.auth.resetpwd":"パスワードを取り戻します","pages.member.account":"会員口座です","pages.member.address":"お受取先です","pages.member.address_edit":"受取先を編集します。","pages.member.apply_cash_out":"キャッシュを申請します","pages.member.balance":"私の残額です","pages.member.point":"私のポイントです","pages.member.point_detail":"ポイント明細です","pages.member.level":"会員レベルです。","pages.member.sign_in":"私のサインインです","pages.member.cash_out":"キャッシュバック記録です","pages.member.cash_out_detail":"キャッシュバックの詳細です","pages.member.commission":"私の手数料です","pages.member.detailed_account":"流れの明細です","pages.member.personal":"個人情報です","pages.member.contact":"お客様サービスです","pages.pay.browser":"支払います","pages.setting.index":"設置します","pages.verify.index":"仕入れ台です","pages.verify.verify":"償却します","pages.verify.detail":"売却の詳細です","pages.verify.record":"売却記録です","pages.index.index":"luxur cenerです","pages.member.index":"会員センターです","pages.product.inbound.list":"入庫します","pages.goodsForSale.list":"商品を売っています。","pages.product.notInStockInvoice.list":"在庫の商品を請求しません。","pages.goodsForSale.sampleGraph":"例示図です","pages.product.editParam":"追加コストタイプ設定です","pages.product.detail":"商品詳細です","pages.product.billing":"商品を発注します","pages.order.detail":"ご註文の詳細です","pages.log.order":"註文修正記録です","pages.order.list":"発注管理です","pages.auth.list":"従業員権限です","pages.product.brand":"ブランドです","pages.product.position":"倉庫の位置です","pages.temporary.list":"仮倉です","pages.temporary.select":"転入する仮倉庫を選びます。","pages.repair.lists":"メンテナンス","pages.repair.detail":"メンテナンス受付明細の詳細です","pages.repair.edit":"メンテナンス受付書を編集します","pages.consignmentDelivery.list":"発送します","pages.consignmentDelivery.item":"発送商品の一覧です","pages.lockingList.list":"ロック商品です","pages.lockingList.detail":"領収書の詳細です","pages.delivery.list":"出荷管理です","pages.inventory.list":"商品棚卸しです","pages.inventory.underway":"棚卸しリスト-進行中です","pages.inventory.detail":"棚卸しの詳細です","pages.storageAge.list":"庫齢警報です","pages.payroll.lis":"給与管理です","pages.payroll.detail":"給与手当ての明細です","pages.inventory.temporaryWarehouse":"転入する仮倉庫を選びます。","pages.inventory.warehouse":"倉庫の棚卸しをします","pages.inventory.pledge":"質の高い商品の棚卸しをします","pages.inventory.position":"商品の位置を選んで棚卸しします","pages.keepAccounts.list":"その他記帳です","pages.keepAccounts.edit":"一筆書きます","pages.keepAccounts.detail":"請求書の詳細です","pages.shopBill.lists":"請求書です","pages.shopBill.edit":"編集請求書です","pages.log.list":"操作履歴です","pages.pledge.list":"商品を質に入れる","pages.employeeAuthority.edit":"従業員権限です","pages.dataAnalysis.list":"データ分析です","pages.dataAnalysis.salesVolume":"セールス分析です","pages.dataAnalysis.recycle":"回収分析です","pages.dataAnalysis.assets":"資産分析です","pages.dataAnalysis.additionalCost":"追加コスト分析です","pages.dataAnalysis.pledgedGoods":"質的商品分析です","requestFail":"失敗をお願いします","notInDomainList":"requestの正当なドメイン名のリストにはありません","baseUrlError":"インタフェースがエラーを要求します。vite _ appe _ base _ urlパラメータ構成または擬似静的構成をチェックしてください。","currency":"￥です","getSmsCode":"認証コードを取得します","smsCodeChangeText":"秒後に再取得します","captchaTitle":"検証をお願いします","confirm":"確認します","cancel":"取り消します","save":"保存します","delete":"削除します","captchaPlaceholder":"captcha入力をお願いします。","mobilePlaceholder":"携帯電話の番号をお願いします。","mobileError":"正しい番号をお願いします。","codePlaceholder":"携帯認証コードの入力をお願いします","memberCenter":"個人センターです","userAgreement":"ユーザープロトコルです","and":"とです","privacyAgreement":"プライバシー協定です","isAgreeTips":"まずは合意書を読んで同意をお願いします","nickname":"ニックネームです","nicknamePlaceholder":"ニックネーム入力お願いします。","headimg":"アイコン","headimgPlaceholder":"プロフィール画像の設定をお願いします。","getAvatarNickname":"ハンドルネームの画像を取得します","getAvatarNicknameTips":"プロフィール画像、ハンドルネームを取得し、主にユーザーに認識度のユーザー中心インターフェースを提供するための箇人情報を改善します。","mobile":"携帯電話番号です","getMobile":"携帯電話番号を取得します","mobileTips":"携帯番号の取得をお願いします","point":"積分します","balance":"残額です","login":"登録します","bind":"バインディングです","binding":"バインディング中です","bindMobile":"携帯電話のバインディングです","agreeTips":"読んで同意をお願いします","pleaseAgree":"既読にチェックを入れて同意をお願いします。","weixinUserAuth":"ワンタッチバインディングです","mobileQuickLogin":"携帯電話番号の短縮登録です","register":"登録します","complete":"完成です","close":"閉鎖します","pay.orderInfo":"註文情報です","pay.confirmPay":"支払いを確認します","pay.payTitle":"支払い確認です","pay.notHavePayType":"支払い方法はありません","pay.notObtainedInfo":"支払い情報を取得しておりません。","pay.paymentDocuments":"当該支払伝票","pay.paySuccess":"支払い成功です","pay.payFail":"支払いに失敗します","pay.completePay":"支払い完了です。","pay.incompletePay":"支払い未済です","pay.getting":"支払い結果を取得します。","myBalance":"私の残額です","myPoint":"私のポイントです","customerService":"カスタマーに連絡します","siteClose":"サイトは閉鎖しました","noSite":"サイトは存在しません","scenic":"名所です","seeMore":"もっと調べます","way":"回線です","hotel":"ホテルです","rise":"起きます","cardReserve":"プロジェクトの予約です","card":"回数カードを処理します。","memberName":"会員名です","memberCode":"会員コードです","reserve":"予約します","reserveSuccess":"予約できました","cardLink":"サブカードです","myLink":"私のです","reserveBtn":"買いだめに行きます","cardBtn":"取り扱います","soldOut":"販売済みです","unpaidOrder":"支払い待ちです","waitingOrder":"使います","remainOrder":"完成しました","allOrder":"全部註文します","myOrder":"私の註文です","orderNo":"註文番号です","actualPayment":"実払いです","orderClose":"註文を打ち切ります。","orderFinish":"受け取り確認です","orderDetail":"詳細です","wxPrivacyPopup.title":"プライバシー保護のヒントです","wxPrivacyPopup.descBefore":"このミニプログラムをご利用いただき、ありがとうございます。ご利用前にお読みいただき、ご了承ください。","wxPrivacyPopup.descAfter":"同意をクリックして続行する場合、あなたがこの条項の内容を理解して同意したことを示し、この条項はあなたに法的拘束力が発生します。あなたが同意しない場合、ウィジェット関連機能を使用することができません。","wxPrivacyPopup.disagree":"同意しません","wxPrivacyPopup.agree":"同意し続けます","wxPrivacyPopup.contractName":"プライバシー保護ガイドラインです","wxPrivacyPopup.disagreeDesc":"プライバシープロトコルに同意していない場合、機能を使用できません。","starLevel":"星です","star":"星です","emptyAddress":"受取先がありませんので,先に住所を作成してください","addAddress":"受取先を追加します","selectAddress":"アドレスを選択します","coupon":"優待券","warehousingOfGoods":"商品が入庫します","ownGoods":"自社商品です","consignmentGoods":"商品を委託します","pledgedGoods":"商品を質に入れる","otherGoods":"その他の商品です","maintenance":"メンテナンス","merchandiseBilling":"商品を発注します","inStockInvoice":"商品を在庫します","notInStockInvoice":"在庫の商品を請求しません。","slogan":"モノを売る二奢の店舗管理ソフトです","pages.language.title":"言葉の切り替えです","form.require_tips_log":"*情報は商品入庫の必須項目です。","goods_category":"商品分類です","goods_condition":"商品の品位です","goods_image":"商品画像です","form.goods_image_tips_log":"鮮明な商品画像をアップすることで、オンライン展示会へのアクセスを増やすことができます。乾癬、ロゴ、陰影などがありません;有効画素の幅・高さは70%以上,最大で9枚の画像をアップロードします","goods_attribute":"商品の属性です","goods_attribute_tips_log":"商品属性は商品情報を補完し、商品の検索や選別に役立ちます。","own_goods":"自です","consignment_goods":"商品を委託します","pawned_goods":"商品を質に入れる","others":"その他です","tips_i_see":"分かりました","form.goods_sku_tips_log":"供給者または製造者によって提供されています各製品の製造または供給先での","form.goods_sku_placeholder":"商品コードの入力をお願いします。","form.goods_code_tips_log":"販売者が独自に定義したもので,在庫や販売記録を内部で管理しています","goods_sku":"商品コードです","goods_code":"独立コーディングです","form.text_clear":"ワンタッチでクリアします。","brand":"ブランドです","form.brand_select_placeholder":"ブランド選びお願いします","series":"シリーズです","form.series_select_placeholder":"シリーズをお願いします","model":"型番です","form.model_select_placeholder":"型番をお願いします。","condition_new":"新品未使用です","condition_used":"中古です","form.check_data":"フォームのチェックをお願いします。","error.find_goods_empty":"修正が必要な商品が見当たりません。","error.goods_id_require":"修正が必要な商品の選択をお願いします。","error.picture_cannot_be_empty":"製品画像は空ではいけません。","error.select_edit_data":"修正データの選択をお願いします。","check_form_data":"フォームのチェックをお願いします。","base.data.add":"データ追加です","base.data.edit":"データを編集します","success":"操作成功です","sex.male":"男です","sex.female":"女です","sex.secret":"秘密です","sex.other":"その他です","sex.unknow":"通用します","product_warranty_card.have":"あります","product_warranty_card.nothing":"ありません","form.recycling_time_placeholder":"回収時期をお願いします。","form.goods_tips.repetition":"チップは既に存在します","form.goods_tips.required":"チップの内容を入力願います。","form.goods_tips.tips":"チップは倉庫商品詳細ページにのみ表示されます。","form.input_clear":"ワンタッチでクリアします。","goods_attribute.no_attachment":"添付ファイルなしです。","goods_attribute.packaging_box":"梱包箱です","goods_attribute.invoice":"インボイスです","goods_attribute.receipt":"領収書です","goods_attribute.warranty_card":"保証カードです","goods_attribute.certificate":"証明書です","goods_cost.form.cost_name_required":"コストタイプをお願いします。","goods_cost.form.money_required":"原価額をお願いします。","mvmt_type":"ムーブメントタイプです","case_matl":"ケース材質です","dial_dia":"文字盤の直径です","matl":"素材です","sz":"尺寸です","fit_sz":"尺のサイズ","form.placeholder_case_matl":"ケース材質の入力をお願いします。","form.placeholder_dial_dia":"文字盤の直径を入力します。","form.placeholder_matl":"材質入力をお願いします。","form.placeholder_sz":"サイズ入力をお願いします。","form.placeholder_fit_sz":"サイズ入力をお願いします。","form.placeholder_mvmt_type":"ムーブメントの種類の入力をお願いします","nothing":"ありません","ALL":"全部です","BW":"腕時計です","ZB":"ジュエリーです","XX":"靴です","FS":"お洋服です","QT":"その他です","PS":"アクセサリーです","form.goods_unlock.tips":"ロックを解除すると、利用可能な在庫として解放されます","add_tips":"チップを追加します。","unlock":"ロック解除です","form.goods_unlock.reason":"解錠の理由を入力します。","input.add_tips.name":"チップ名を入力願います。","all.employees.online":"オンライン全社員です","explain.on.sale":"商品を売っています。","explain.warehouse":"倉庫です","explain.warehouse6":"2.サポート商品の拡張(すべて)情報を見て、例えば:独立したコーディング、カード年、備考情報、回収時間、回収人員です。","explain.warehouse0":"商品の入庫作業を完了します:","explain.warehouse1":"1.入庫するだけです:商品は回収する過程の中であるいは完成は回収してしかし売ることができなくて、例えば:商品は店に着いていないで、商品は検査していないで、商品はメンテナンスを補修する必要があります","explain.warehouse2":"2.入庫して店頭に併べる:商品はすでに検査、写真撮影、養護などのプロセスを完成して、販売可能な状態にあります。店頭に併べる商品は販売板で-販売商品で展示して、多プラットフォームの同期スイッチを開くことができて、同期流通を行います。","explain.warehouse3":"簡単な倉庫操作です:","explain.warehouse4":"1.トップページは速い操作を支持して、例えば:コストを追加して、商品の位置を変更して、鑑定員を変更して、操作の日誌などを見ます。","explain.warehouse5":"2.倉庫の商品の選別をサポートして、例えば:回収タイプ、回収人員、回収時間、商品の位置、ラベルなどです。","explain.warehouse7":"3。倉庫のデータの統計をサポートして、例えば:今日、アップロード、商品の総数、コストなどです。","explain.warehouse8":"4。バッチ操作をサポートして、例えば:バッチ共有、バッチ印刷、バッチ削除、バッチ編集です。","explain.warehouse9":"商品オペレーションです。","explain.warehouse10":"1.すべての商品の操作をサポートして、例えば:編集、リストのロック、印刷、棚の上下です。","explain.warehouse11":"2.サポート商品の拡張(すべて)情報を見て、例えば:独立したコーディング、カード年、備考情報、回収時間、回収人員です。","explain.on.sale0":"1.入庫されて店頭に並ぶ商品は「在売商品」と呼ばれ、その商品が販売可能な状態であることを示し、店舗スタッフがワンクリックでモーション転送などの販売アクションを行うことができます。","explain.order0":"店舗での販売が完了し、註文は註文管理機能で見ることができます。","explain.order1":"1店舗全体の売上データを見る過去の売上高、粗利益率、販売数量、年間収益率などを見ます。","explain.order2":"スクリーニングによって、回収パターンや註文パターンなど、店舗の成約状況を分析することができます。","explain.order3":"註文を編集することで、註文の修正、返品、シェア、発送などが可能です。","explain.order4":"2.委託販売代金です","explain.order5":"決済オプションで、委託註文、顧客の決済状況を管理します。","explain.order6":"3.返品しました","explain.order7":"すべての返品註文、返品理由などの閲覧に対応します。","explain.order":"発注管理です","explain.lock":"ロック商品です","form.payment_receipt_log":"アップロードされた詳細な画像は常に95分、ティックトックなどの第三者プラットフォームの同期に使用することができ、同時に同業者間の展示にも使用することができます","form.payment_receipt_log0":"請求書\/請求書を必ず記入しますか","form.payment_receipt_log1":"センターを設置することができます\/店舗のパラメーターを設置します-必ず記入しますセットの中で設置して、証明書を錠します","form.payment_receipt_log2":"必ず記入するように設定すると、次回の請求やロック時に「証明書」をアップロードする必要があります。","go_to_settings":"設置に向かいます","form.salesman.select":"営業マンをお願いします。","add.after_sales_service":"カスタムサポートを追加します。","input.after_sales_service":"カスタムアフターケアをお願いします(10文字まで)","tips.after_sales_service":"当面のアフターケアは既に存在します。","max_img_count9":"画像は最大9枚まで追加できます","form.receipt_voucher":"集金伝票です","form.remark":"備考です","input.remark":"備考情報(250文字までです)を入力してください。","form.delivery_address":"お受取先です","form.after_sales_service":"アフターサービス保証です","custom":"カスタムです","input.delivery_address":"例:浙江省杭州市西湖区余杭塘路866号浙江大学(250字に限ります)","form.in_total":"合計です","tips.order_type":"註文タイプです","form.order_type.select":"註文タイプの選択をお願いします。","error":"操作に失敗します","out_of_stock":"在庫はまだありません","form.custodial_customer":"お客様を預かります。","form.settlement":"金を結びます","form.settlement.no":"未払い金です","form.settlement.tips":"決済操作を確定します。","copy":"複製します","form.original_take_home_price":"オリジナル手取り価格","upload.settlement":"決済証明書をアップロードしてください(記入します)","form.settlement.remark":"支払い備考書です","input.settlement.remark":"決済備考情報の入力をお願いします。","no_data":"仮無数の根拠です","error.transaction_time_is_incorrect":"問い合わせ時間のタイプが正確ではありません","register_account":"アカウントを登録します。","input.certificate_name.tips":"実名をお願いします。","form.email":"メールボックスです","input.email.tips":"メールをお願いします。","form.password":"パスワードです","input.password.tips":"パスワードをお願いします","form.confirm_password":"パスワードを確認します","input.confirm_password.tips":"パスワードの再入力をお願いします","input.confirm_password.tips2":"パスワードが2回一致しません","form.code":"captchaコードです","input.code.tips":"eメール認証コードを入力します。","get.code":"認証コードを取得します","try_again_in_seconds":"秒後に再試行します","form.invitation_code":"推薦人(埋めます)","input.invitation_code.tips":"推薦人IDか店舗番号をお願いします。","register_btn":"登録します","go_login":"登録します","input.effective_email.tips":"有効なメールアドレスをお願いします。","code_success":"captcha送信成功です","code_error":"captcha送信失敗です","account_exist":"すでにアカウントがありますが","reset_password":"パスワードを変更します","form.old_password":"古いパスワードです","input.old_password.tips":"古いパスワードをお願いします。","confirm_edit":"修正確定です","explain.inStock":"商品を在庫します","explain.onSale":"商品を売っています。","pages.lockOrder.list":"ロック商品です","pages.lockOrder.detail":"領収書の詳細です","explain.lock1":"1.一商品二売を防止します、例えば:微信は手付金を受け取って商品を残して、他の人が再び販売することを避けます。","explain.lock2":"2。お金の帳簿は統一されていないことを防止して、例えば:生放送、閑魚などのプラットフォームは販売して、お金は帳簿に着く週期があって、提案先にロックして、お金は再び帳簿を開きます。","explain.lock0":"シートロック機能は、プラットフォームを通じて販売や註文した商品のシートロック操作をお勧めします。","screen":"選別します","form.lock":"ロック商品の確認です","form.lock.tips":"錠前後、錠前在庫の一部を他人に売ることはできません。","form.salesman":"営業マンです","form.earnest":"手付金(オプション)です。","default0":"埋めないと0になります。","form.voucher":"証拠書類です","form.expected_transaction":"成約予定(エントリー)です。","input.address":"受取先の入力をお願いします。","form.lock_remark":"ロックリスト備考(記入します)","input.lock_remark":"ロックリスト注記をお願いします。","form.delivery_address.optional":"お受取先(お選びでご記入ください)","form.lock_num":"ロック数です","default1":"埋めないと1になります。","saler_tools.pages.identify.lists.wait_pay":"支払い待ちです","saler_tools.pages.identify.lists.wait_supply":"補充を待ちます","saler_tools.pages.identify.lists.finish":"完成しました","saler_tools.pages.identify.lists.cancel":"キャンセルしました","saler_tools.pages.identify.lists.identifying":"お見積もり中です。","appraisal":"見積もりを鑑定します。","appraisal0":"一、鑑定の見積もりです。","appraisal1":"1.時効:10:00-22:00時間帯3-5分結果が出ます。","appraisal2":"2.サイクル:72時間、300人の鑑定鑑定士が結果を与え続けます。","appraisal3":"3.料金:一ユーザー三回無料、店舗会員19.9元\/回、非会員39.9\/回です。","appraisal4":"二、鑑定鑑定士です","appraisal5":"1鑑定鑑定士は、プラットフォームを通じて審査を依頼します(細分化された専門家)。","appraisal6":"2.鑑定鑑定士収益:受注収益の50%は「鑑定結果が最も早かった」「ポケット価格が最も高かった」鑑定鑑定士に分配されます。","appraisal7":"三、註文結果です","appraisal8":"1.写真鑑定見積り:情報がもっと全面的で、結果はもっと正確です。できるだけ撮る-真偽鑑定点、品位の細部、付属品(領収書、保証カード、すべて-包装)です。","appraisal9":"2。画像鑑定:99.4%の精度(画像を参照して判断することができます)は、本物の鑑定センターに疑問を送信することができます。","appraisal10":"3.見積もり:推奨回収価格大確率はポケットの底(72h有効)です","appraisal11":"注:1位と2位、3位の差が大きい場合は、お客様窓口に誤見積りがないか問い合わせて、無駄な損失を避けることをお勧めします。","appraisal12":"四、ポケットサービスです","appraisal13":"1。有料:2.5%のコミッションのポケットの底を受け取って、販売者は無料です。","appraisal14":"2.どのように取引します:連絡奢家の顧客サービス-順豊まで奢家の品質検査センター-品質検査通過-ポケットの底の底の買い手は金を打ちます。","appraisal15":"3.仲介取引の性質:双方の権益を保障するため、「真贋紛争」、「手刀」などの状況を避けます。","identify0":"本当ですね","identify1":"あなたの撮影した写真、提出した鑑定点から判断して基本的にブランドの工芸の出した「本物を見る」結論に符合します。","identify2":"うそを見ます","identify3":"あなたが撮影した写真、提出した鑑定点から、箇別の部位のブランド工芸に差異があることを判断して、出したのは「見偽」の結論です。","identify4":"よく見えません","identify5":"あなたが撮影した写真、提出した鑑定点などから撮影角度、光線などで判定できず、「よく見えない」という結論を出しました。","identify6":"この結論は参考に供するだけで、法律の効力がありません;異議がある場合は「ぜいたく鑑定センター」で実物鑑定を行います。","identify":"ご註文の詳細です","order_details":"ご註文の詳細です","my_order":"私の註文です","place_order":"註文を出します。","appraisal_photo":"商品画像を鑑定します。","appraisal_tips":"明確な商品図をアップすることで、より正確な鑑定評価が可能になります。","upload_photos":"画像をアップロードします","max_img_count50":"(50枚までアップします)","is_have_attachment":"添付ファイルはありますか","multiple_choice":"複数回答です","form.year":"年です","select_year":"年をお願いします","form.product_info":"商品情報です","form.product_info.tips":"商品の品質と瑕疵を正確に記述してください。見積もりはもっと正確にします。","form.product_info.placeholder":"詳細にデザイン、サイズ、年、部品、欠陥などの情報を記述して、鑑定と評価の構造をより正確にします。","select_goods_category":"商品分類をお願いします。","input.goods_code":"独立コード入力をお願いします。","i_agree":"読んで同意しました","appraisal_notice":"『購入者を鑑定します』","appraisal_expense":"鑑定見積り料です","form.original_cost":"原価です","immediate_payment":"ただちに支払います","years":"ねんです","saler_tools.pages.identify.detail.goods_category":"分類します","saler_tools.pages.identify.detail.goods_category.tips":"分類をお願いします。","saler_tools.pages.identify.add.goods_category":"分類します","saler_tools.pages.identify.add.goods_category.tips":"分類をお願いします。","fold":"しまいます","unfold":"展開します","appraisal_appraiser":"鑑定鑑定士です","appraisal_result":"鑑定結果です","appraisal_remark":"鑑定鑑定士コメントです","appraisal_explain":"今回の鑑定結果は、ユーザーが提供した画像の見える部分に基づいています。","icon.home":"トップページです","icon.my":"私のです","look_true":"本当ですね","look_false":"うそを見ます","look_unclear":"よく見えません","issue_appraisal":"鑑定見積もりを発表します。","in_appraisal":"鑑定見積もり中です。","end_appraisal":"鑑定見積締切です","order_info":"註文情報です","order_no":"註文番号です","appraisal_money":"見積り額を鑑定します","payer":"支払い人です","pay_time":"支払い時間です","form.before_select_brand":"先にブランドをお願いします","i_want_identification":"査定をお願いします。","goods_detail":"商品詳細です","form.shop_name":"店舗名です","input.shop_name.tips":"店舗名の入力をお願いします。","shop_address":"お店の住所です","input.shop_address.tips":"店舗詳細住所の入力をお願いします。","register_immediately":"すぐに登録します","share_img":"表紙を共有します","share_img.tips0":"商品のウィジェットを共有するときに表示されます","share_img.tips1":"店舗イメージの画像をアップロードできます。","share_img.tips3":"推奨画像サイズは5:4です。","input.share_img":"ウィジェットの表紙をアップロードします","wechat_friend":"wechatフレンド","facebook":"フェイスブックです","goods_link":"リンクをコピーします","share_product":"商品をシェアします","share_img.tips2":"左側をクリックして表紙をアップします。","batch_share":"大量共有です","batch_print":"大量印刷です","batch_delete":"一括削除です","batch_edit":"バッチ編集","search_placeholder":"検索商品名・記述・備考・独立コードです","item_show":"表示します","item_hide":"隠します","all_info":"全ての情報です","uploaded_today":"今日アップします","listed_today":"本日店頭に出します","total_goods_count":"商品総数です。","total_cost":"総コストです。","look_warehouse":"倉庫資産を調べます","form.count":"数です","form.take_home_price":"手取り価格","form.peer_price":"同行価格です","form.agent_price":"代理価格です","form.sale_price":"販売価格です","form.location":"商品位置です","form.update_time":"更新時間です","pack_up_more":"もっと収納します","see_more":"もっと調べます","form.initial_cost":"げんしコスト","form.plus_total_cost":"総コストがかかります。","add":"追加します","form.inbound_time":"入庫時間です","form.system_code":"システムコードです","alter":"変更します","form.recycling_name":"回収係です","form.appraiser_name":"鑑識です","add_public_price_information":"補足公定価格情報です","look_log":"操作履歴を確認します","no_goods":"商品はまだありません","not_filled":"未記入です","form.recycling_time":"時間を回収します","OK":"確定です","goods_total_initial_cost":"商品総コストです","goods_plus_total_cost":"商品付加総コストです","explain.own_goods":"自社商品倉庫があります","explain.consignment_goods":"商品倉庫への委託販売です","explain.pawned_goods":"商品倉庫を質入れします","explain.others":"その他の商品倉庫です","by_latest_update":"最近どおり更新します","by_longest_update":"最長期更新です。","by_latest_storage":"入庫順が一番新しいです。","by_longest_storage":"入庫時間が最も長いです","by_highest_price":"値段が一番高いです","by_lowest_price":"値段が一番安いです。","available":"店頭に並びました","not_available":"店頭に並びました","select_all":"全選です","reverse":"逆選挙です","select.appraiser_name":"鑑識をお願いします","continuous_storage":"連続入庫です","public_price_info.tips":"基本パラメータを埋めるために公価グラフを選択します","upload_ai":"(アップロードやAI識図対応です)","NEW":"NEWです","add_quality_pictures":"良質な画像を追加します","more_attractive":"より魅力的ですよ!","ai_result":"AIの認識結果です","public_price_info.tips1":"価格チャートを選択すると自動的に商品の基本情報が表示されます。","public_price":"公定価格です","more_public_price_img":"公定価格グラフをもっと見ます","goods_video":"商品映像です","goods_video.tips":"(60秒以上の動画はngです)","add_goods_video":"商品動画を添付します","detail_drawing":"詳細図です","including_defect_drawing":"(キズ図などを含みます)","look_sample_graph":"例を見ます","max_img_count25":"最大で25枚です","goods_description":"商品説明です","goods_description.tips":"(詳細な説明は、ユーザーがあなたの製品をよりよく理解できるようにします)","goods_description.placeholder":"例えば:ロレックス潜航者黒水鬼1160 16年人気のハード商品のフルセット、歓迎します品評","intelligent_filling":"インテリジェント・パラメーターです","intelligent_filling.tips":"システムは、商品記述の内容を識別することによって、商品ベースパラメータのブランドパラメータのブランドシリーズ型番を充填します。","diy.goods_tips":"カスタムチップです","form.goods_name":"商品名です","goods_description.placeholder1":"記入しない場合は、商品記述の最初の50文字を自動的に切り取ります。","form.guide_price":"公定価格価格です","input.guide_price":"公定価格の入力をお願いします。","basic_parameter":"基本パラメータです","form.stock_count":"在庫数量です","input.stock_count":"在庫数の入力をお願いします。","form.stock_count.tips":"在庫修正後、ロック記録は消去されます。","input.total_cost":"総コストを入力します。","form.additional_cost.tips":"付加コストの追加・修正です","add_plus_total_cost":"追加コストがかかります。","select.goods_location":"商品位置をお願いします。","form.recycle_type":"リサイクルタイプです","diy_edit":"カスタム(編集)です。","select.recycling_name":"回収要員をお願いします","form.recycling_image":"備考図を回収します","form.recycling_image.tips":"(倉庫管理権限-倉庫-回収備考図を見ます)","form.target_audience":"対象者です","form.goods_guarantee_card":"商品保証カードです","guarantee_card_or_code":"保存写真や独立したコードの写真を残しておきます","privacy":"(展示はしません)","form.goods_tag":"ラベルです","form.goods_attachment":"商品の添付ファイルです。","max_add_img_count25":"(最大25枚まで画像を追加します)","synchronization.tips":"タイアップ店舗とオンライン展示会に商品を同時展開します。","synchronization.tips1":"ヒント:同業者価格は聯営店店とオンライン展示会に表示されます。","save_and_up":"保存して店頭に並べます","save_and_down":"保存して撤去します","inbound_and_up":"入庫して店頭に並びます","only_inbound":"入庫のみです","add_location":"商品位置を追加します","form.inbound":"入庫します","switch_grids":"マスを切り替えます","intelligent_screenshots":"スクリーンショットです","forwarding":"転送します","one_click_download_graphics":"ワンクリックで画像をダウンロードできます","show_or_hide":"表示\/非表示です","form.extended_info":"拡張情報です","form.category":"分類します","goods_operation_record":"商品取扱記録です","look":"調べます","form.system_code.tips":"このコードはシステムによって自動的に生成され、一意であります","look_custodial_customer":"ホスト顧客を確認します","warranty_card_year":"保証書の年です","last_update":"最後の更新です","form.uptate_name":"人員を更新します","form.shelf_time":"店頭に並ぶ時間です","form.inbound_name":"入庫担当者です","form.inbound_source":"入庫源です","iOS":"iOSです","edit":"編集します","lock":"ロックリストです","toggle_location":"位置を変更します","goods_down":"撤去します","goods_up":"店頭に出します","order_billing":"請求書を出します","remove":"除去します","absence":"欠落します","existence":"存在します","redemption":"償還します","total_take_home_price":"総手取り価格です","look_cost_changes":"コストの推移を調べます","is_remove_goods":"商品の除去を確認しますか?","is_goods_existence":"商品の存在を確認しますか?","is_goods_absence":"商品の欠落を確認しますか?","absence_count":"欠落数です","take_stock_remark":"棚卸し備考です","optional":"(選びます)","input.take_stock_remark":"棚卸し備考の入力をお願いします。例:見学に借りられる、展示会に持って行かれるなどです。","existence_count":"存在数です","input.existence_count":"存在数を入力します。","form.stock_count.tips1":"現在在庫がありませんので,ロックして発注してください","lock_bill":"施錠伝票です","is_redemption_pledge":"商品の買い戻し確認をします","input.is_redemption_pledge":"受戻呼び値(元)を入力願います。","definite_redemption":"確定償還です","no_copy":"コピー内容はまだありません","redemption_and_error":"あります(商品位置が間違っています)","form.stock_count.tips2":"在庫は0を切ることができません。","inbound_success":"商品の出品に成功しました","is_goods_down":"商品の撤去を確定しますか?","goods_down_success":"商品の撤去に成功しました","added":"追加しました","long_press_data":"(長押しで並べ替え可能です)","max_character6":"最大6文字まで入力できます","editParam":"追加コストタイプ設定です","search_brand_name":"ブランド名で検索します","search_series_name":"シリーズ名を検索します","share_mini_program":"ミニプログラムを共有する店舗です","share_optional_goods":"商品をシェア(選択)します。","puzzle_making":"パズル製作です","text_marking":"テキスト作成です","print_labels":"ワンクリックでラベルを印刷します","location_inform1":"1、【商品位置】データと【倉庫】データをリアルタイムで同期させます。","location_inform2":"2、商品の[註文]と[削除]は商品位置に表示されません。","no_distribution_location":"未配置商品です","aggregate":"合計です","goods_pieces":"一つの商品です","location.tips0":"商品の位置が倉庫リスト、販売リストに表示され、リアルタイムで商品の位置を修正できます。","location.tips1":"1.システムのデフォルトの通用商品位置:途中で、店で、メンテナンスします。","location.tips2":"2。出店者の実際の需要に基づいて作成して、例えば:腕時計の生放送、西湖支店などです。","location.tips3":"3.商品の位置は作成後名称は修正できません。商品の位置は唯一性があります。4.商品の位置の速い編集:コードを掃きます追加して、ロットの転送などの操作をサポートします。","max_character10":"最大10文字まで入力できます","confirm_delete_shipments":"選択された商品の出荷情報を削除しますか?","sampleGraph":"例示図です","batch_shift":"大量移送です","shift.tips0":"実際の在庫には影響せずリストから削除します","add_goods":"商品を追加します。","scan_add":"コードコード追加です","h5_nonsupport":"H5はこの機能をサポートしていません。","agreement_not_exist":"協定は存在しません","add_personnel":"人員を追加します","add_time":"時間を追加します","temporary":"仮倉です","search_temporary":"仮倉番号\/仮倉名を検索します","create_temporary":"仮の倉庫を作ります","goods_sold":"商品を販売します","serial_number":"番号です","founder":"設立者です","new_create_temporary":"仮設倉庫を新築します","confirm_delete_temporary":"仮倉庫の削除を確定します。","temporary.tips0":"一時的に作った倉庫は、商品をグルーピングしやすくします。","temporary.tips1":"1.商品共有アプリです","temporary.tips2":"1.1例えば:展示会の臨時の倉庫、生放送の供給の臨時の倉庫、修理と養護の臨時の倉庫です。","temporary.tips3":"1.2臨時倉微信ミニプログラムの共有をサポートします。","temporary.tips4":"2.臨時倉庫の特徴です","temporary.tips5":"2.1一つの商品に復数の仮倉庫が同時に存在します。","temporary.tips6":"2.2臨時の倉庫に加入して、倉庫のリストは依然として見えます。","temporary.tips7":"2.3商品変更は元在庫商品情報に影響しません。","temporary.tips8":"3.臨時棚卸しです","temporary.tips9":"3.1注文書管理インターフェイスに臨時の倉庫開帳特殊標識があります。","form.certificate_name":"実名です","input.currency_code.tips":"通貨の種類を示すシステムを選択します","input.currency_code.tips1":"使用する通貨の種類は、選択後に変更できません。","currency_code":"通貨の種類です","today":"今日です","yesterday":"昨日です","this_week":"今週です","this_month":"今月です","last_month":"先月です","months":"げつ","days":"日です","order_billing_count":"註文数量","order_code":"註文コードです","order_status":"ご註文状況です","settlement_status":"支払い状態です","sales_time":"販売時間です","billing_personnel":"発注係です","billing_time":"請求時間です","order_remark":"ご註文備考です","sales_return":"返品します","alter_order":"註文を修正します。","confirm_sales_return":"返品操作を確認しますか?","sales_return.tips0":"返品後、商品は未店頭在庫に戻り、販売分析で差し引きます。","input.sales_return_reason":"返品理由のご入力をお願いします。","confirm_delete_operation":"削除作業を確認しますか?","delete.tips0":"註文を削除した後、ごみ箱で見ることができます","input.delete_remark":"削除備考を入力します。","sales_returnsales_return":"返品します","status":"状態です","delivery":"出荷します","not_shipped":"未出荷です","shipped":"出荷済みです","returned_goods":"返品しました","start_time":"開始時間です","end_time":"終了時間です","quantity_sold":"販売します","sales_volume":"売上高です","gross_profit":"粗利です","gross_margin":"粗利率です","look_sales_volume":"販売分析を見ます","salesman":"販売します","form.order_type":"註文タイプです","balance_paid":"支払い済みです","refunded":"払い戻し済みです。","form.annual_rate":"年化です","form.transaction_price":"呼値です","confirm_delete_select_order":"選択された註文を削除しますか?","select_time":"時間を選びます","by_lowest_annual":"年間で最も低くなります","by_highest_annual":"年単位で最も高くなります","by_latest_sales":"直近で販売します。","by_longest_sales":"最長期で販売する","by_latest_delivery":"近いうちに出荷します","by_longest_delivery":"期日どおり出荷します","delivery_name":"出荷担当者です","delivery_time":"出荷時期です","explain.delivery":"出荷管理です","explain.delivery.tips0":"ロック註文、発注註文は出荷管理-待機画面に入ります。","explain.delivery.tips1":"1.店舗の効率を高めて、店舗は規則を設定することができて、例えば:出荷の住所を記入して、デフォルトのプラットフォームの販売は出荷する必要があります。","explain.delivery.tips2":"2.便利に出荷して、すでに順豊のAP1を通じて、順豊の面単掃符号、手働入力を支持します。","explain.delivery.tips3":"3.迅速な問い合わせ、出荷註文のリアルタイム同期順豊物流情報、そして微信をサポートしてワンクリックで顧客を共有します。","explain.delivery.tips4":"4.記録ははっきりしていて、出荷人員、出荷留底図、順豊の番号などの情報を支持して調べます。","immediate_delivery":"すぐに出荷します","form.delivery_remark":"出荷備考です","input.delivery_remark":"出荷注記をお願いします。","search_delivery":"備考\/商品名\/註文番号を検索します。","employee_auth":"従業員権限です","input.employee_auth.search":"社員名\/メールアドレスをお願いします。","operator":"経営者です","add_employee":"従業員を追加します","employee_auth.tips0":"店舗での販売が完了し、註文は註文管理機能で見ることができます。","employee_auth.tips1":"1.身分の型版:システムは3種類の型版を推薦して、商家は自分で編集して修正することができます。","employee_auth.tips2":"2.敏感な権限はすべて赤色のフォントで、慎重に開通します。","employee_auth.tips3":"3.デリケート権限の説明です","employee_auth.tips4":"3.1原価:入庫した後に見ることができない権限がなくて、もし庫管需要を見ることがあるならば、慎重に開通します。","employee_auth.tips5":"3.2同行価格:店舗の実際の分業によって、合理的に権限を分配します。","employee_auth.tips6":"3.3を見て信託取引先:商品を委託販売して取引先の情報を見ます。","employee_auth.tips7":"3.4永久削除:ごみ箱内機能は、事業者独自のものをお勧めします。","employee_auth.tips8":"3.5原価を修正します:もし権限がないならば修正することができなくて、一部の庫管は需要があって、慎重に開通します(商品のコストの変働を通じて実現することができて、例えば養生費)。","employee_auth.tips9":"3.6商品削除:店舗商品削除は、慎重に開通します。","employee_auth.tips10":"3.7註文を修正します:註文の成約価格のアフターケアなどの情報を編集することができ、慎重に開通します。","employee_auth.tips11":"3.8註文の削除:経営者独自の提案をする","employee_auth.tips12":"3.9従業員の権限:この権限を持って自分とその他の人員の権限を増減することができて設置して、慎重に開通します。","employee_auth.tips13":"3.10店舗のデータをクリアします:センターを設置します-店舗のパラメーターを設定します-ワンキーでクリアします,註文、メッセージ、請求書、給料などを含んで,回復できません。","enabled":"稼働しています","disabled":"使用停止になりました","edit_employee":"従業員の権限を変更します","form.account":"アカウントです","input.employee_auth":"社員の携帯番号\/ eメールを入力していただきます。","form.name":"名前です","input.name":"お名前をお願いします","form.role":"身分です","select.role":"身分の選択をお願いします","create_salary":"報酬を作ります","create_salary.tips0":"ボタンをオンにすると、従業員の給与を作成し、給与管理で見ることができます。","enabling_accounts":"アカウントを有効にします","enabling_accounts.tips":"従業員が退職する場合はこのオプションをオフにします。","set_auth":"権限を設定します。","set_auth.tips0":"onボタンで権限の設定ができます。","update_and_save":"このidモジュールを更新することは、ユーザに新たにidを付与したときのデフォルト権限にのみ影響し、このidを過去に使用したユーザ権限には影響しません。","left_slide_delete_role":"左にスライドするとidが削除されます","add_role":"アイデンティティを追加します","input.role_name":"idの入力をお願いします。","unable_edit_super_admin":"編集できませんスーパーバイザー","add_success":"追加成功です","add_error":"失敗を追加します。","delete_success":"削除成功です","delete_error":"削除失敗です","save_timeout":"保存タイムアウトです","save_success":"保存成功です","save_auth_set_success":"保存権限の設定に成功しました","save_auth_set_error":"保存権限の設定失敗です","update":"更新します","shop_manager":"店長です","auth_and_save":"権限を保持します","appc.ALL":"全部です","appc.BW":"腕時計です","appc.ZB":"ジュエリーです","appc.XB":"バック","appc.PS":"アクセサリーです","appc.XX":"靴です","appc.FS":"お洋服です","appc.QT":"その他です","switch_stores_success":"店舗切り替え成功です","new_shop_register":"新規店舗登録です","immediate_switch":"即座に切り替えます","immediate_register":"すぐに登録します","immediate_new_shop":"すぐに開店します","expiration":"期限が切れます","today_billing":"本日請求します","share_price.total_cost":"原価です","share_price.peer_price":"同行価格です","share_price.agent_price":"代理価格です","share_price.price":"販売価格です","online_expo":"オンライン展示会です","peer_group":"同業圏です","goods_sold_out":"商品は棚から下ろしました","peer_price":"同行価格です","online_exhibition":"オンライン展示会です","online_exhibition.tips1":"商品:同行明価リアルタイム在庫80万件、リアルタイム率95%です。","online_exhibition.tips2":"トップページの商品:最新の商品に出て、100元以上の商品(45日の最低価格)を値下げします。","online_exhibition.tips3":"テキスト検索:検索キーワードが詳細であればあるほど、より精度の高い検索結果が得られます。","online_exhibition.tips4":"画像検索:画像検索は一部の関連公定価格の商品だけを展示して、結果が比較的少ない場合、文字検索を試みることができます。","online_exhibition.tips5":"ワンクリック転送:ワンクリックで画像をダウンロードし、コピーをサポートします。","online_exhibition.tips6":"商品コレクション:大量購入に便利です。","online_exhibition.tips7":"購入:同行貿易可ナイフ、値切りは優しくお願いします。","online_exhibition.tips8":"売り手:奢家進売存会員商家、入店してすべてプラットフォームを経て審査します。","online_exhibition.tips9":"オフラインの支払い:支持は店舗の連絡方法を見て、オフラインの取引はリスクがある貿易の前に自分で信用を求めます。","online_exhibition.tips10":"オンライン決済:銀聯監督管理、24h物流決済、貿易安全です。","online_exhibition.tips11":"サービス料:取引手数料0.6%、購入者負担です。","online_exhibition.tips12":"財布は開通します:私の-プラットフォームは認証して、オンラインで支払って、鑑定して見積ってコードを調べるなどの業務に使います。","online_exhibition.tips13":"財布:引き出し手数料の0.6%、一件の限度額の10万ヶ月は上限しません。","online_exhibition.tips14":"24h\/72h:商品は全モデル対応ですので、ウリテさんに再度ご確認ください。","online_exhibition.tips15":"提示:提示後、売り手が直接買い手に連絡します。","online_exhibition.tips16":"消息推送:バインディング奢当家公号,微信実時送送。","online_exhibition.tips17":"暖かいヒント:貿易が良い品質の詳細を過ぎて、取引、物流の詳細を保留します;問題があれば友好的に協議して解決し、オンラインで発注しないプラットフォームは保証をしません。プラットフォームは同業者の貿易論理に基づいて調整を行います。","XB":"バック","tabbar.bid":"言い値です","tabbar.collect":"コレクションします","tabbar.product":"商品です","agreed":"同意しました","not_responded":"応答ありません","rejected":"お断りしました","each_other_agreed":"先方は同意しました","each_other_not_responded":"先方からまだ返事がありません","each_other_rejected":"先方は拒絶しました","you_have_agreed":"同意されましたね","you_have_not_responded":"まだ応答がありません","you_have_rejected":"あなたは拒否しました","bid_search_placeholder":"商品名を検索します。","give_you_offer":"入札します","your_bid":"ご提示額です","bidder":"入札者です","counteroffer":"人を値切る","contact_TA":"TAに連絡します","i_received_bid":"私は入札を受けました","my_bid":"私の提示額です","input.bid_price":"提示価格をお願いします。","his_bid":"彼の提示額です","i_want_to":"欲しいです","input.bid_price.tips":"提示価格は0以下ではいけません。","immediate_dicker":"すぐ値切ります","agree":"同意します","reject":"お断りします","pages.collect.lists.on_sale":"有効な商品です","pages.collect.lists.sold_out":"失効商品です","form.real_name":"実名です","input.real_name.tips":"実名をお願いします。","hot_search_price":"ホットプライスです","explore_now":"すぐに探索します","historical_check":"歴史調査価格です","popular_brand":"人気ブランドです","public_price_inquiry":"公定価格照会です","public_price_detail":"公定価格の詳細です","counter_price":"コーナー価格です","market_data":"相場データです","market_average_price":"相場平均価格です","market_near_90day_price":"直近90日相場です","public_price_detail.tips0":"データ源はオンライン展示会の商品展示価格です。価格は品質や年数などの影響を受けます。僅供参考","info":"情報です","error_feedback":"ミスフィードバックです。","public_price_inquiry_feedback":"公開価格照会フィードバックです","input.model":"型番入力をお願いします。","input.counter_price":"売場価格の入力をお願いします。","content_supplement":"内容を補足します","input.content":"補足をお願いします。","public_price_inquiry_feedback.tips0":"【有効なスクリーンショット】をアップすることで、問題を優先的に発見することができます。","send":"発送します","maintenance_search":"保険証券名\/独立コード\/キーワードを検索します。","repair":"メンテナンスです","service_cost":"サービスコストです","charge_amount":"課金額です","perfect_singular":"単数を完成します","actual_cost":"実際のコストです","actual_charge":"実費です","diamond_setting":"ダイヤをはめる","maintenance.tips0":"店舗でメンテナンスを受注しています。","maintenance.tips1":"1.サービスの註文を作成することを支持して、サービスの金額、コスト、修理の人員、受注の人員、サービスの項目などを含みます。","maintenance.tips2":"2。メンテナンスサービスの進行中、完了、キャンセルをサポートし、編集、閲覧、スクリーニング、共有などの操作をサポートします。","confirm_delete_select_receipt":"選択された受付票の削除を確定しますか?","in_progress":"進行中です","completed":"完成しました","cancelled":"キャンセルしました","by_latest_complete":"近いうちに完成します","by_longest_complete":"時間どおりに完成します","by_latest_cancel":"近いうちにキャンセルします","by_longest_cancel":"最後までキャンセルします","maintenance_receipt_details":"修理受付明細の詳細です","share":"分かち合います","maintenance_details":"メンテナンス詳細です","extended_info":"拡張情報です","service_type":"サービスの種類です","estimated_charge":"予想課金額です","one_click_download":"ワンクリックでダウンロードできます","service_personnel":"サービスマンです","order_taker":"受注担当者です","estimated_service_cost":"予想サービスコストです","creation_time":"作成時間です","creator":"スタッフを作ります。","customer_info":"顧客情報です","store_sharing":"店舗シェアです","store_sharing.tips1":"店頭で販売されている全ての商品を見ることができます","is_show_detail_drawing":"詳細図を示しますか","prices_shown_sharing":"価格を提示しています","set_applet_cover":"ウィジェットのカバーを設定します","add_maintenance_receipt.tips1":"添え字で*情報は必須項目です。現在の注文書内の人員があなたの業務需要を満たすことができない場合は、","add_maintenance_receipt.tips2":"【整備士タイプ管理】です。","add_maintenance_receipt.tips3":"に追加します","input.goods_name50":"商品名(50文字以内)をご入力願います。","service_type_multiple_choice":"サービスの種類(複数回答可)","input.estimated_charge0":"サービスに必要な料金を入力してください。デフォルトでは0になります。","service_personnel_select":"サービスマンをお願いします。","order_taker_select":"受注担当者をお願いします。","remark_placeholder":"例えば:運働が壊れて、工場に戻って修理する必要があって、時間は半月です…","confirm_creation_service":"サービス作成の確認をします","show_all_employees":"全従業員を表示します","add_costom_service_type":"カスタムサービスを追加します","input.add_costom_service_type10":"カスタムサービスの種類を入力してください(10文字まで)。","add_service_cost":"追加サービスコストです","maintenance_content":"修理内容です","input.maintenance_content":"修理内容の入力をお願いします。","input.service_cost":"サービスコストをお願いします。","buying":"買います","uploading":"アップクロスです","edit.repair":"メンテナンス受付書を編集します","add.repair":"メンテナンス受付を追加しました","my_big_brand":"私の大物です","peers_looking_for_goods1000":"1000人+業者が探しています","all_brand":"全ブランドです","latest_release":"最新の店頭に並びます","unit":"はい","release_style_requirements":"仕様を発表します","new_recommendations_daily":"毎日上新推薦です","one_click_inbound":"ワンタッチで入庫します。","my_container":"私のコンテナです","goods_on_sale":"既売品です","goods_being_sold":"商品を売っています。","share_log":"記録を共有します","share_log.tip0":"左滑は削除することができて、削除した後に記録を共有して、この共有のリンクは失効します","share_choice":"選択を共有します","show_prices":"価格を表示します","sharer":"人を分かち合います","contact_information":"連絡先です","shop_card":"お店名刺です","by_latest_repair":"近いうちに修理します","by_longest_repair":"最長でメンテナンスします。","cancel_order":"註文をキャンセルします。","cancael_reason":"取り消しの理由です","input.cancel_order":"キャンセル理由の入力をお願いします。","input.actual_amount":"実数の入力をお願いします。","complete_service":"サービス完了です","actual_amount":"実際の金額です","input.actual_charge":"実際の料金の入力をお願いします。","input.actual_cost":"実費をお願いします。","product.edit":"商品編集です","open_vip":"会員を開設する","online_exhibition_vip":"オンライン展示会VIP(お買い物)です。","open_vip.tip0":"会員様専用のVIPサービスをご利用いただけます。","open_vip.tip1":"1w+ VIPを開通しました","open_vip.tip2":"オンライン展示会を開催します","vip":"会員です","vip_exclusive_privilege":"VIPには超特権が与えられます","more_privileges":"より多くの特権があります","pay_after_discount":"割引後実払いです","open_immediately":"ただちに開通します","member_service_agreement":"「メンバーシップサービス契約書です」","sales_and_inventory":"インセール","data_analysis":"データ分析です","pc_back_end":"PCのバックグラウンドです","online_exhibition_sellers":"オンライン展示会出品者です","small_program_store":"ミニプログラムの店舗です","multi_platform_synchronization":"マルチプラットフォーム同期です","appraisal_and_valuation":"見積もりを鑑定します。","identify_order":"注文書を見積します。","deleting":"削除中です","loading":"ロード中です","confirm_to_agree":"同意の確認ですか?","confirm_to_reject":"拒否の確認ですか?","saler_tools.pages.base.share.shop.total_cost":"原価です","saler_tools.pages.base.share.shop.peer_price":"同行価格です","saler_tools.pages.base.share.shop.agent_price":"代理価格です","saler_tools.pages.base.share.shop.price":"販売価格です","share_goods":"商品をシェアします","share_shop":"シェアショップです","saler_tools.pages.base.share.lists.total_cost":"原価です","saler_tools.pages.base.share.lists.peer_price":"同行価格です","saler_tools.pages.base.share.lists.agent_price":"代理価格です","saler_tools.pages.base.share.lists.price":"販売価格です","pages.message":"メッセージです","pages.my":"私のです","pages.collect":"コレクションします","pages.work":"操作卓です","pages.home":"トップページです","version":"現在のバージョンです","user_agreement":"ユーザープロトコルです","service_agreement":"サービス契約です","privacy_policy":"プライバシー協定です","operate":"操作します","settlement_price":"決済価格です","selected_goods":"選びました商品","goods_transferred_out":"商品を転出させます","one_click_clear":"ワンクリックでクリアします","confirm_one_click_clear":"確認ワンタッチでクリアしますか?","confirm_delete_select_goods":"選択した商品の削除を確認しますか?","add_to":"追加します","commodity_inventory":"商品棚卸しです","commodity_inventory.tip0":"棚卸しが終わったら、「完了」をクリックします。","inventory_code":"棚卸し番号です","requested_goods":"お取り寄せ商品です","ordered_goods":"入荷済みの商品です","existing_goods":"商品があります","missing_goods":"欠落品です","inventory_checker":"棚卸し人です","create_inventory":"棚卸しをします","commodity_inventory.top0":"商品の多様な棚卸しに対応します。","commodity_inventory.top1":"1.倉庫の棚卸し","commodity_inventory.top2":"2.臨時棚卸し","commodity_inventory.top3":"3.商品の棚卸しをします","commodity_inventory.top4":"4.商品の位置の棚卸しです","commodity_inventory.top5":"5.コードの棚卸しをサポートします:商品は前もってqrコードタグを掛けておきます","you_will_delete":"削除いたします","you_will_complete":"完成されます","select_inventory_type":"棚卸しタイプを選びます","inventory_store":"倉庫の棚卸し","inventory_temp_store":"臨時棚卸し場です","inventory_pawned_goods":"商品の棚卸しをします","inventory_watch_location":"商品位置の棚卸し","select.inventory_name":"棚卸し係をお願いします。","form.inventory_name":"棚卸し係です","createSuccess":"成功しました","create":"創り出します","inventory.tip1":"棚卸しする商品の属性を選びます","inventory.tip2":"棚卸しする商品のカテゴリーを選び、埋めなければすべてをデフォルトにします。","inventory_name":"棚卸しの名前です","input.inventory_name":"棚卸し名の入力をお願いします。","select.temp_inventory":"一時的な棚卸しを選択します","select.watch_location":"商品の位置を選んで棚卸しします","inventory":"棚卸し","inventory_lists_completed":"棚卸しリスト-完了しました","inventory_lists_underway":"棚卸しリスト-進行中です","modify_inventory_status":"棚卸しの見直しです","not_counted":"棚卸ししません","counted":"棚卸し済みです","check_form":"フォームのチェックをお願いします。","not_found":"データが見つかりません","form.work_name":"職責です","input.work_name.tips":"職責を入力願います。","select.principal":"担当者をお願いします。","form.principal":"責任者です","form.weacht":"マイクロシグナルです","input.weacht.tips":"マイクロ信号を入力します","form.whats_up":"whats upです","input.whats_up.tips":"whats upと入力していただきます。","form.mobile":"携帯電話番号です","input.mobile.tips":"携帯番号の入力をお願いします。"}