{"pages.index.index":"","pages.index.close":"站点已关闭","pages.index.nosite":"站点不存在","pages.index.develop":"开发环境配置","pages.index.diy":"","pages.article.list":"资讯中心","pages.article.detail":"文章详情","pages.auth.index":"登录","pages.auth.agreement":"协议","pages.auth.bind":"绑定手机号","pages.auth.login":"登录","pages.auth.register":"注册","pages.auth.resetpwd":"找回密码","pages.member.account":"会员账户","pages.member.account_edit":"","pages.member.address":"收货地址","pages.member.address_edit":"编辑收货地址","pages.member.apply_cash_out":"申请提现","pages.member.balance":"我的余额","pages.member.point":"我的积分","pages.member.point_detail":"积分明细","pages.member.level":"会员等级","pages.member.sign_in":"我的签到","pages.member.cash_out":"提现记录","pages.member.cash_out_detail":"提现详情","pages.member.commission":"我的佣金","pages.member.detailed_account":"流水明细","pages.member.index":"","pages.member.personal":"个人资料","pages.member.contact":"客服","pages.pay.browser":"支付","pages.pay.result":"","pages.setting.index":"设置","pages.verify.index":"核销台","pages.verify.verify":"核销","pages.verify.detail":"核销详情","pages.verify.record":"核销记录","pages.webview.index":"","saler_tools.pages.index.index":"luxur cener","saler_tools.pages.member.index":"会员中心","saler_tools.pages.inbound.index":"入库","saler_tools.pages.outbound.index":"出库","saler_tools.pages.warehouse.inStockInvoice":"在库商品开单","saler_tools.pages.warehouse.notInStockInvoice":"不在库商品开单","saler_tools.pages.warehouse.sampleGraph":"示例图","pages.language.title":"语言切换"}