{"pages.auth.login.noAccount":"Es gibt noch keine konten","pages.auth.login.toRegister":"Zum anmelden.","pages.auth.login.agreeTips":"Wenn sie einloggen, ist das ihre zustimmung","pages.auth.login.isAgreeTips":"Bitte lesen sie zuerst und stimmen sie dem protokoll zu","pages.auth.login.mobilePlaceholder":"Geben sie eine handynummer ein","pages.index.nosite":"Die seiten existieren nicht.","pages.index.develop":"Bau die umwelt","pages.article.list":"Welches wollen sie?","pages.article.detail":"Details zu den artikeln","pages.auth.index":"Einloggen.","pages.member.point":"Meine punkte?","pages.member.point_detail":"Verdienste sammeln","pages.member.level":"mitgliedschaft","pages.member.sign_in":"Ich checke ab","pages.member.cash_out":"Du hast ein neues konto?","pages.verify.record":"Über nationale sicherheit.","pages.index.index":"luxur cener","pages.member.index":"Zentrale?","pages.product.inbound.list":"Mein Speicher.","pages.goodsForSale.list":"Es steht auf dem markt.","pages.product.position":"Lagerraum ortung.","pages.temporary.list":"Vorübergehend. Los.","pages.temporary.select":"Wählen sie den temporären transport","pages.repair.lists":"Wartungsarbeiten! Wartungsarbeiten!","pages.repair.detail":"Archivierung und dinner-angaben"}