{"pages.auth.index":"Log in","pages.auth.agreement":"agreement","pages.auth.bind":"Bind mobile phone number","pages.auth.login":"Log in","pages.auth.register":"Sign in","pages.commodityInventory.pledge":"Create an inventory of pledged goods","pages.commodityInventory.position":"Select product location inventory","pages.keepAccounts.list":"Other bookkeeping","pages.keepAccounts.edit":"Write down","pages.keepAccounts.detail":"Billing details","saler_tools.pages.index.index":"luxur cener","saler_tools.pages.member.index":"Member center","saler_tools.pages.inbound.index":"Be put in storage","pages.log.order":"Order modification record","pages.order.list":"Order management","pages.auth.list":"Employee authority","pages.product.brand":"brand","pages.product.position":"Warehouse location","pages.auth.login.mobilePlaceholder":"Please enter your phone number","pages.auth.login.oneClicklogin":"Quick login","pages.auth.login.accountLogin":"Account password login","pages.auth.login.accountLoginTip":"Enter the account password to log in","pages.auth.login.accountLoginError":"The merchant does not open the account password login","pages.auth.resetpwd":"Retrieve password","pages.member.account":"Member account","pages.member.address":"Delivery address","pages.member.address_edit":"Edit the shipping address","pages.member.apply_cash_out":"Application for withdrawal","pages.pay.browser":"payment","pages.setting.index":"Settings","pages.verify.index":"Write-off table","pages.verify.verify":"Cancel after verification","pages.verify.detail":"Write-off details","pages.order.detail":"Order details","pages.temporary.list":"Temporary warehouse","pages.temporary.select":"Select the temporary warehouse you want to transfer to","pages.repair.lists":"maintenance","pages.repair.detail":"Maintenance receipt details","pages.commodityInventory.detail":"Inventory details","pages.storageAge.list":"Warehouse age warning","pages.payroll.lis":"Payroll management","pages.payroll.detail":"Salary commission details","pages.commodityInventory.temporaryWarehouse":"Select the temporary warehouse you want to transfer to","pages.dataAnalysis.assets":"Asset analysis","pages.dataAnalysis.additionalCost":"Additional cost analysis","pages.dataAnalysis.pledgedGoods":"Analysis of pledged goods","saler_tools.pages.warehouse.inStockInvoice":"Invoice for goods in the warehouse","saler_tools.pages.warehouse.notInStockInvoice":"Merchandise not in stock invoicing","saler_tools.pages.warehouse.sampleGraph":"Sample graph","pages.auth.login.logining":"Be logging in","pages.auth.login.usernamePlaceholder":"Please enter your account number","pages.index.nosite":"Site does not exist","pages.index.develop":"Development environment configuration","pages.article.list":"Information center","pages.article.detail":"Article details","pages.member.balance":"My balance","pages.verify.record":"Write-off record","pages.index.index":"luxur cener","pages.member.index":"Member center","pages.product.inbound.list":"Be put in storage","pages.goodsForSale.list":"Goods for sale","pages.consignmentDelivery.item":"Consignment delivery list","pages.lockingList.list":"Lockout goods","pages.lockingList.detail":"Lock ticket details","pages.delivery.list":"Delivery management","pages.commodityInventory.list":"Commodity inventory","pages.dataAnalysis.recycle":"Recovery analysis","saler_tools.pages.identify.lists.cancel":"Cancelled","saler_tools.pages.identify.lists.identifying":"evaluating","saler_tools.pages.outbound.index":"Delivery from storage","pages.auth.login.agreeTips":"By logging in, you agree","pages.auth.login.isAgreeTips":"Please read and agree to the agreement first","pages.auth.login.mobileLogin":"Mobile number login","pages.auth.login.mobileLoginTip":"Enter the mobile phone verification code to log in","pages.auth.login.mobileLoginError":"The merchant does not open the mobile phone number login","pages.member.detailed_account":"Journal detail","pages.member.personal":"Personal data","pages.member.contact":"Customer service","pages.product.notInStockInvoice.list":"Merchandise not in stock invoicing","pages.goodsForSale.sampleGraph":"Sample graph","pages.commodityInventory.warehouse":"Create warehouse inventory","pages.shopBill.lists":"Statement of account","pages.shopBill.edit":"Edit statement","pages.log.list":"Operation log","pages.pledge.list":"Pledged goods","saler_tools.pages.identify.lists.wait_pay":"To be paid","saler_tools.pages.identify.lists.wait_supply":"To be added","saler_tools.pages.identify.detail.goods_category.tips":"Please select category","saler_tools.pages.identify.add.goods_category":"sort","saler_tools.pages.identify.add.goods_category.tips":"Please select category","pages.auth.login.passwordPlaceholder":"Please enter password","pages.auth.login.resetpwd":"Forgot password","pages.auth.login.noAccount":"No account yet","pages.auth.login.toRegister":"Go to Register","pages.product.editParam":"Additional cost type Settings","pages.product.detail":"Product details","pages.product.billing":"Merchandise billing","pages.repair.edit":"Edit maintenance receipt","pages.consignmentDelivery.list":"Consignment delivery","saler_tools.pages.identify.lists.finish":"completed","pages.index.close":"Site down","pages.member.point":"My integral","pages.member.point_detail":"Integral detail","pages.member.level":"Membership level","pages.member.cash_out_detail":"Withdrawal details","pages.member.commission":"My commission","pages.commodityInventory.underway":"Inventory list - in progress","pages.employeeAuthority.edit":"Employee authority","pages.dataAnalysis.list":"Data analysis","pages.language.title":"Language switching","pages.lockOrder.detail":"Lock ticket details","saler_tools.pages.identify.detail.goods_category":"sort","pages.member.sign_in":"My sign in","pages.member.cash_out":"Withdrawal record","pages.dataAnalysis.salesVolume":"Sales analysis","pages.collect.lists.on_sale":"Valid commodity","pages.collect.lists.sold_out":"Invalid goods","pages.lockOrder.list":"Lockout goods"}