{"saler_tools.pages.index.index":"luxur cenerです","saler_tools.pages.member.index":"会員センターです","saler_tools.pages.inbound.index":"入庫します","saler_tools.pages.outbound.index":"出庫します","saler_tools.pages.warehouse.inStockInvoice":"商品を在庫します","saler_tools.pages.warehouse.notInStockInvoice":"在庫の商品を請求しません。","saler_tools.pages.warehouse.sampleGraph":"例示図です","pages.auth.login.logining":"登録中です","pages.auth.login.usernamePlaceholder":"アカウント入力をお願いします。","pages.auth.login.passwordPlaceholder":"パスワードをお願いします","pages.auth.login.resetpwd":"パスワードを忘れました","pages.auth.login.noAccount":"まだ口座番号がありません","pages.auth.login.toRegister":"登録します","pages.auth.login.agreeTips":"登録はご同意を意味します","pages.auth.login.isAgreeTips":"まずは合意書を読んで同意をお願いします","pages.auth.login.mobilePlaceholder":"携帯番号の入力をお願いします。","pages.auth.login.oneClicklogin":"短縮登録です","pages.auth.login.accountLogin":"パスワードを登録します","pages.auth.login.accountLoginTip":"アカウントのパスワードを入力してログインします","pages.auth.login.accountLoginError":"お店のパスワードが開いていません","pages.auth.login.mobileLogin":"携帯電話番号を登録します","pages.auth.login.mobileLoginTip":"携帯番号認証コードを入力して登録します。","pages.auth.login.mobileLoginError":"業者は携帯電話を開いていません","pages.index.close":"サイトは閉鎖しました","pages.index.nosite":"サイトは存在しません","pages.index.develop":"開発環境の構成です","pages.article.list":"インフォメーションセンターです","pages.article.detail":"記事の詳細です","pages.auth.index":"登録します","pages.auth.agreement":"協議します","pages.auth.bind":"携帯電話のバインディングです","pages.auth.login":"登録します","pages.auth.register":"登録します","pages.auth.resetpwd":"パスワードを取り戻します","pages.member.account":"会員口座です","pages.member.address":"お受取先です","pages.member.address_edit":"受取先を編集します。","pages.member.apply_cash_out":"キャッシュを申請します","pages.member.balance":"私の残額です","pages.member.point":"私のポイントです","pages.member.point_detail":"ポイント明細です","pages.member.level":"会員レベルです。","pages.member.sign_in":"私のサインインです","pages.member.cash_out":"キャッシュバック記録です","pages.member.cash_out_detail":"キャッシュバックの詳細です","pages.member.commission":"私の手数料です","pages.member.detailed_account":"流れの明細です","pages.member.personal":"個人情報です","pages.member.contact":"お客様サービスです","pages.pay.browser":"支払います","pages.setting.index":"設置します","pages.verify.index":"仕入れ台です","pages.verify.verify":"償却します","pages.verify.detail":"売却の詳細です","pages.verify.record":"売却記録です","pages.index.index":"luxur cenerです","pages.member.index":"会員センターです","pages.product.inbound.list":"入庫します","pages.goodsForSale.list":"商品を売っています。","pages.product.notInStockInvoice.list":"在庫の商品を請求しません。","pages.goodsForSale.sampleGraph":"例示図です","pages.product.editParam":"追加コストタイプ設定です","pages.product.detail":"商品詳細です","pages.product.billing":"商品を発注します","pages.order.detail":"ご註文の詳細です","pages.log.order":"註文修正記録です","pages.order.list":"発注管理です","pages.auth.list":"従業員権限です","pages.product.brand":"ブランドです","pages.product.position":"倉庫の位置です","pages.temporary.list":"仮倉です","pages.temporary.select":"転入する仮倉庫を選びます。","pages.repair.lists":"メンテナンス","pages.repair.detail":"メンテナンス受付明細の詳細です","pages.repair.edit":"メンテナンス受付書を編集します","pages.consignmentDelivery.list":"発送します","pages.consignmentDelivery.item":"発送商品の一覧です","pages.lockingList.list":"ロック商品です","pages.lockingList.detail":"領収書の詳細です","pages.delivery.list":"出荷管理です","pages.commodityInventory.list":"商品棚卸しです","pages.commodityInventory.underway":"棚卸しリスト-進行中です","pages.commodityInventory.detail":"棚卸しの詳細です","pages.storageAge.list":"庫齢警報です","pages.payroll.lis":"給与管理です","pages.payroll.detail":"給与手当ての明細です","pages.commodityInventory.temporaryWarehouse":"転入する仮倉庫を選びます。","pages.commodityInventory.warehouse":"倉庫の棚卸しをします","pages.commodityInventory.pledge":"質の高い商品の棚卸しをします","pages.commodityInventory.position":"商品の位置を選んで棚卸しします","pages.keepAccounts.list":"その他記帳です","pages.keepAccounts.edit":"一筆書きます","pages.keepAccounts.detail":"請求書の詳細です","pages.shopBill.lists":"請求書です","pages.shopBill.edit":"編集請求書です","pages.log.list":"操作履歴です","pages.pledge.list":"商品を質に入れる","pages.employeeAuthority.edit":"従業員権限です","pages.dataAnalysis.list":"データ分析です","pages.dataAnalysis.salesVolume":"セールス分析です","pages.dataAnalysis.recycle":"回収分析です","pages.dataAnalysis.assets":"資産分析です","pages.dataAnalysis.additionalCost":"追加コスト分析です","pages.dataAnalysis.pledgedGoods":"質的商品分析です","pages.language.title":"言葉の切り替えです","pages.lockOrder.list":"ロック商品です","pages.lockOrder.detail":"領収書の詳細です","saler_tools.pages.identify.lists.wait_pay":"支払い待ちです","saler_tools.pages.identify.lists.wait_supply":"補充を待ちます","saler_tools.pages.identify.lists.finish":"完成しました","saler_tools.pages.identify.lists.cancel":"キャンセルしました","saler_tools.pages.identify.lists.identifying":"お見積もり中です。","saler_tools.pages.identify.detail.goods_category":"分類します","saler_tools.pages.identify.detail.goods_category.tips":"分類をお願いします。","saler_tools.pages.identify.add.goods_category":"分類します","saler_tools.pages.identify.add.goods_category.tips":"分類をお願いします。","pages.collect.lists.on_sale":"有効な商品です","pages.collect.lists.sold_out":"失効商品です"}