{"saler_tools.pages.warehouse.inStockInvoice":"재고 상품 출고 증명서","saler_tools.pages.warehouse.notInStockInvoice":"재고 외 상품에 대한 출고 증명서","saler_tools.pages.warehouse.sampleGraph":"예시도","pages.auth.login.logining":"로그인 중","pages.auth.login.usernamePlaceholder":"계좌 번호를 입력해 주십시오","pages.auth.login.mobileLoginTip":"핸드폰 번호 인증 번호를 입력하여 등록하다","pages.auth.login.mobileLoginError":"가게에서 아직 휴대전화 번호 등록을 하지 않았다","pages.auth.resetpwd":"비밀번호 찾기","pages.member.account":"회원 계정","pages.member.address":"배송 주소","pages.member.address_edit":"받을 주소를 편집합니다","pages.member.apply_cash_out":"현금 인출을 신청하다","pages.pay.browser":"지불","pages.setting.index":"설정","pages.verify.index":"체크 아웃대","pages.verify.verify":"말소","pages.verify.detail":"상세한 상황을 심사하여 삭제하다.","pages.order.detail":"주문서 상세정보","pages.log.order":"주문서 수정 기록","pages.order.list":"주문서 관리","pages.auth.list":"직원 권한","pages.product.brand":"브랜드","pages.lockingList.detail":"잠금 목록 자세한 정보","pages.delivery.list":"출하관리","pages.commodityInventory.list":"상품을 실사하다","pages.commodityInventory.underway":"재고 조사 목록-진행 중","pages.commodityInventory.detail":"상세한 상황을 조사하다.","pages.shopBill.edit":"명세서 편집","pages.log.list":"작업 로그","pages.pledge.list":"저당 잡힌 상품","pages.employeeAuthority.edit":"직원 권한","pages.dataAnalysis.list":"데이터 분석","saler_tools.pages.inbound.index":"입고","saler_tools.pages.outbound.index":"출고","pages.auth.login.passwordPlaceholder":"비밀번호를 입력하십시오.","pages.auth.login.resetpwd":"비밀번호를 잊어버리다","pages.auth.login.noAccount":"아직 계좌번호가 없습니다.","pages.index.develop":"개발 환경 설정","pages.article.list":"정보 센터","pages.article.detail":"문장의 자세한 상황","pages.auth.index":"로그인","pages.auth.agreement":"협의","pages.member.commission":"나의 커미션","pages.member.detailed_account":"납입 내역","pages.member.personal":"개인 정보","pages.member.contact":"콜","pages.verify.record":"기록을 대조 폐기하다.","pages.product.position":"저장소 위치","pages.temporary.list":"임시창고","pages.temporary.select":"이월할 임시실을 선택하다","pages.repair.lists":"보수하고 정비하다","pages.repair.detail":"수리 및 정비 주문서 상세 사항","pages.commodityInventory.pledge":"저당상품 재고조사를 만들다","pages.commodityInventory.position":"상품의 위치를 선택하여 실사하다","pages.keepAccounts.list":"기타 기장","pages.keepAccounts.edit":"한 획 쓰다","pages.keepAccounts.detail":"명세서 상세","pages.language.title":"언어 전환","saler_tools.pages.identify.lists.identifying":"평가 중","saler_tools.pages.identify.detail.goods_category":"분류","saler_tools.pages.identify.detail.goods_category.tips":"분류를 선택하십시오.","saler_tools.pages.identify.add.goods_category":"분류","saler_tools.pages.identify.add.goods_category.tips":"분류를 선택하십시오.","pages.auth.login.agreeTips":"등록은 동의를 의미합니다","pages.auth.login.isAgreeTips":"먼저 읽으시고 합의서에 동의하세요","pages.auth.login.mobilePlaceholder":"핸드폰 번호를 입력하세요","pages.auth.login.oneClicklogin":"바로 로그인","pages.auth.login.accountLogin":"계정 비밀번호 로그인","pages.member.point":"제 점수","pages.member.point_detail":"적분 내역","pages.member.level":"회원 등급","pages.member.sign_in":"나의 체크 마크","pages.member.cash_out":"현금 인출 기록","pages.repair.edit":"편집 수리 및 정비 접수표","pages.consignmentDelivery.list":"위탁 판매 전송","pages.consignmentDelivery.item":"위탁 판매 전송 상품 리스트","pages.lockingList.list":"자물쇠 상품","pages.storageAge.list":"창고 연령 경보","pages.dataAnalysis.recycle":"재활용 분석","pages.dataAnalysis.assets":"자산 분석","pages.dataAnalysis.additionalCost":"부가원가분석","pages.dataAnalysis.pledgedGoods":"저당품 분석","pages.lockOrder.list":"자물쇠 상품","pages.lockOrder.detail":"잠금 목록 자세한 정보","saler_tools.pages.index.index":"luxur cener","saler_tools.pages.member.index":"회원 센터","pages.auth.login.toRegister":"등록하러 가다","pages.auth.login.accountLoginTip":"계좌 번호 비밀번호를 입력하여 로그인하다","pages.auth.login.accountLoginError":"업체에서 계좌 번호 비밀번호를 아직 열어 로그인하지 않았다","pages.index.index":"luxur cener","pages.member.index":"회원 센터","pages.product.inbound.list":"입고","pages.goodsForSale.list":"판매 중 상품","pages.product.notInStockInvoice.list":"재고 외 상품에 대한 출고 증명서","pages.shopBill.lists":"계산서","pages.dataAnalysis.salesVolume":"판매 분석","saler_tools.pages.identify.lists.wait_pay":"지불을 기다리다","saler_tools.pages.identify.lists.wait_supply":"보충을 기다리다","saler_tools.pages.identify.lists.finish":"완료","pages.auth.bind":"핸드폰 번호 바인딩","pages.auth.login":"로그인","pages.auth.register":"등록","pages.member.balance":"내 잔고","pages.member.cash_out_detail":"현금 인출 상황","pages.payroll.detail":"급여 공제 명세서","pages.commodityInventory.temporaryWarehouse":"이월할 임시실을 선택하다","pages.commodityInventory.warehouse":"창고 만들기 재고 조사"}