{"saler_tools.pages.index.index":"luxur cener","saler_tools.pages.member.index":"会员中心","saler_tools.pages.inbound.index":"入库","saler_tools.pages.outbound.index":"出库","saler_tools.pages.warehouse.inStockInvoice":"在库商品开单","saler_tools.pages.warehouse.notInStockInvoice":"不在库商品开单","saler_tools.pages.warehouse.sampleGraph":"示例图","pages.auth.login.logining":"登录中","pages.auth.login.usernamePlaceholder":"请输入账号","pages.auth.login.passwordPlaceholder":"请输入密码","pages.auth.login.resetpwd":"忘记密码","pages.auth.login.noAccount":"还没有账号","pages.auth.login.toRegister":"去注册","pages.auth.login.agreeTips":"登录代表您同意","pages.auth.login.isAgreeTips":"请先阅读并同意协议","pages.auth.login.mobilePlaceholder":"请输入手机号","pages.auth.login.oneClicklogin":"快捷登录","pages.auth.login.accountLogin":"账号密码登录","pages.auth.login.accountLoginTip":"输入账号密码登录","pages.auth.login.accountLoginError":"商家未开启账号密码登录","pages.auth.login.mobileLogin":"手机号登录","pages.auth.login.mobileLoginTip":"输入手机号验证码登录","pages.auth.login.mobileLoginError":"商家未开启手机号登录","pages.index.close":"站点已关闭","pages.index.nosite":"站点不存在","pages.index.develop":"开发环境配置","pages.index.diy":"","pages.article.list":"资讯中心","pages.article.detail":"文章详情","pages.auth.index":"登录","pages.auth.agreement":"协议","pages.auth.bind":"绑定手机号","pages.auth.login":"登录","pages.auth.register":"注册","pages.auth.resetpwd":"找回密码","pages.member.account":"会员账户","pages.member.account_edit":"","pages.member.address":"收货地址","pages.member.address_edit":"编辑收货地址","pages.member.apply_cash_out":"申请提现","pages.member.balance":"我的余额","pages.member.point":"我的积分","pages.member.point_detail":"积分明细","pages.member.level":"会员等级","pages.member.sign_in":"我的签到","pages.member.cash_out":"提现记录","pages.member.cash_out_detail":"提现详情","pages.member.commission":"我的佣金","pages.member.detailed_account":"流水明细","pages.member.personal":"个人资料","pages.member.contact":"客服","pages.pay.browser":"支付","pages.pay.result":"","pages.setting.index":"设置","pages.verify.index":"核销台","pages.verify.verify":"核销","pages.verify.detail":"核销详情","pages.verify.record":"核销记录","pages.webview.index":"","pages.index.index":"luxur cener","pages.member.index":"会员中心","pages.product.inbound.list":"入库","pages.goodsForSale.list":"在售商品","pages.product.notInStockInvoice.list":"不在库商品开单","pages.goodsForSale.sampleGraph":"示例图","pages.product.editParam":"附加成本类型设置","pages.product.detail":"商品详情","pages.product.billing":"商品开单","pages.order.detail":"订单详情","pages.log.order":"订单修改记录","pages.order.list":"订单管理","pages.auth.list":"员工权限","pages.product.brand":"品牌","pages.product.position":"仓库位置","pages.product.positionItem":"","pages.temporary.list":"临时仓","pages.temporary.detail":"","pages.temporary.select":"选择要转入的临时仓","pages.repair.lists":"维修保养","pages.repair.detail":"维修保养受理单详情","pages.repair.edit":"编辑维修保养受理单","pages.consignmentDelivery.list":"寄卖传送","pages.consignmentDelivery.item":"寄卖传送商品列表","pages.lockingList.list":"锁单商品","pages.lockingList.detail":"锁单详情","pages.delivery.list":"发货管理","pages.commodityInventory.list":"商品盘点","pages.commodityInventory.underway":"盘点列表-进行中","pages.commodityInventory.detail":"盘点详情","pages.storageAge.list":"库龄预警","pages.storageAge.detail":"","pages.payroll.lis":"薪资管理","pages.payroll.detail":"薪资提成明细","pages.commodityInventory.temporaryWarehouse":"选择要转入的临时仓","pages.commodityInventory.warehouse":"创建仓库盘点","pages.commodityInventory.pledge":"创建质押商品盘点","pages.commodityInventory.position":"选择商品位置盘点","pages.keepAccounts.list":"其他记账","pages.keepAccounts.edit":"记一笔","pages.keepAccounts.detail":"账单详情","pages.shopBill.lists":"对账单","pages.shopBill.edit":"编辑对账单","pages.shopBill.detail":"","pages.log.list":"操作日志","pages.pledge.list":"质押商品","pages.employeeAuthority.edit":"员工权限","pages.dataAnalysis.list":"数据分析","pages.dataAnalysis.newspaper":"","pages.dataAnalysis.salesVolume":"销售分析","pages.dataAnalysis.recycle":"回收分析","pages.dataAnalysis.assets":"资产分析","pages.dataAnalysis.additionalCost":"附加成本分析","pages.dataAnalysis.pledgedGoods":"质押商品分析","pages.language.title":"语言切换","pages.lockOrder.list":"锁单商品","pages.lockOrder.detail":"锁单详情","saler_tools.pages.identify.lists.wait_pay":"待支付","saler_tools.pages.identify.lists.wait_supply":"待补充","saler_tools.pages.identify.lists.finish":"已完成","saler_tools.pages.identify.lists.cancel":"已取消","saler_tools.pages.identify.lists.identifying":"估价中","saler_tools.pages.identify.detail.goods_category":"分类","saler_tools.pages.identify.detail.goods_category.tips":"请选择分类","saler_tools.pages.identify.add.goods_category":"分类","saler_tools.pages.identify.add.goods_category.tips":"请选择分类","pages.collect.lists.on_sale":"有效商品","pages.collect.lists.sold_out":"失效商品","saler_tools.pages.base.share.shop.total_cost":"成本价","saler_tools.pages.base.share.shop.peer_price":"同行价","saler_tools.pages.base.share.shop.agent_price":"代理价","saler_tools.pages.base.share.shop.price":"销售价","saler_tools.pages.base.share.lists.total_cost":"成本价","saler_tools.pages.base.share.lists.peer_price":"同行价","saler_tools.pages.base.share.lists.agent_price":"代理价","saler_tools.pages.base.share.lists.price":"销售价","pages.message":"消息","pages.my":"我的","pages.collect":"收藏","pages.work":"控制台","pages.home":"首页"}