{"storeID":"Número de tienda","expire":"vencimiento","warehousing":"Almacenado hoy","billing":"Facturación hoy","storeWallet":"Comprar billetera","saveQRCode":"Guardar código qr","joinMember":"Abrir una membresía","noviceGuide":"Guía para principiantes","inviteFriends":"Invitar a un amigo","inviter":"La gente que invito","securityDeposit":"depósito","withdraw":"DiXian","commissionDetail":"Desglose de comisiones","topUpDetails":"Detalles de recarga","punishDetails":"Detalle de sanciones","quickService":"Un servicio rápido","personalReputation":"Credibilidad personal","transfer":"Mi transferencia de","auction":"Mis subastas","deal":"Mi trato cerrado","complaint":"Mi queja","like":"Mis me gusta","collect":"Mi colección de","bid":"Mi oferta por","aboutPlatform":"Sobre la plataforma","personalData":"Datos personales","switchLanguage":"Cambiar el idioma","experienceStoreVIP":"Experiencia tienda VIP","CNY":"renminbi","USD":"$","HKD":"Propia moneda","EUR":"euros","JPY":"Yen.","GBP":"libras","AUD":"A $","RUB":"Rublos rusos","CAD":"Dólar canadiense","CHF":"Franco suizo","DKK":"Corona danesa","NOK":"Corona noruega","SEK":"Corona sueca","NZD":"Dólar neozelandés","SGD":"Dólar de singapur","THB":"baht","BRL":"Real brasileño","MXN":"Dólar mexicano","saler_tools.pages.index.index":"luxur cener","saler_tools.pages.member.index":"Centro para miembros","saler_tools.pages.inbound.index":"depositado","saler_tools.pages.outbound.index":"ChuKu","saler_tools.pages.warehouse.inStockInvoice":"Abrir un pedido en vault commodities","saler_tools.pages.warehouse.notInStockInvoice":"Órdenes abiertas para bienes no en la biblioteca","saler_tools.pages.warehouse.sampleGraph":"Ejemplo de diagrama","pages.auth.login.logining":"Iniciar sesión en","pages.auth.login.usernamePlaceholder":"Por favor ingrese su cuenta","pages.auth.login.passwordPlaceholder":"Por favor introduzca el código","pages.auth.login.resetpwd":"Olvidé mi contraseña","pages.auth.login.noAccount":"Aún no tienes cuenta","pages.auth.login.toRegister":"Ir al registro","pages.auth.login.agreeTips":"Iniciar sesión significa que usted acepta","pages.auth.login.isAgreeTips":"Por favor lea y acepte el acuerdo primero","pages.auth.login.mobilePlaceholder":"Por favor ingrese el número de teléfono móvil","pages.auth.login.oneClicklogin":"Iniciar sesión rápido","pages.auth.login.accountLogin":"Cuenta contraseña login","pages.auth.login.accountLoginTip":"Ingrese su cuenta contraseña login","pages.auth.login.accountLoginError":"Comerciante no abierto cuenta contraseña login","pages.auth.login.mobileLogin":"Número de teléfono login","pages.auth.login.mobileLoginTip":"Ingrese su número de teléfono captcha iniciar sesión","pages.auth.login.mobileLoginError":"El comerciante no ha activado el número de teléfono","pages.index.close":"El sitio está cerrado","pages.index.nosite":"El sitio no existe","pages.index.develop":"Configuración del entorno de desarrollo","pages.article.list":"Centro de información","pages.article.detail":"Detalles del artículo","pages.auth.index":"inicio","pages.auth.agreement":"El acuerdo","pages.auth.bind":"Enlace número de teléfono","pages.auth.login":"inicio","pages.auth.register":"El registro","pages.auth.resetpwd":"Recupera tu contraseña","pages.member.account":"Cuenta de miembro","pages.member.address":"Dirección de envío","pages.member.address_edit":"Editar dirección de envío","pages.member.apply_cash_out":"Solicitud de retiro","pages.member.balance":"Mi saldo","pages.member.point":"Mis puntos de integración","pages.member.point_detail":"Detalle de integración","pages.member.level":"Niveles de membresía","pages.member.sign_in":"Mi registro de entrada","pages.member.cash_out":"Historial de retirada","pages.member.cash_out_detail":"Detalles de retiro","pages.member.commission":"Mis comisiones por","pages.member.detailed_account":"Detalle del agua corriente","pages.member.personal":"Datos personales","pages.member.contact":"call","pages.pay.browser":"pago","pages.setting.index":"La configuración","pages.verify.index":"Contador de suscripción","pages.verify.verify":"anulación","pages.verify.detail":"Detalles de revocación","pages.verify.record":"Registro de cancelación","pages.index.index":"luxur cener","pages.member.index":"Centro para miembros","pages.product.inbound.list":"depositado","pages.goodsForSale.list":"Mercancía en venta","pages.product.notInStockInvoice.list":"Órdenes abiertas para bienes no en la biblioteca","pages.goodsForSale.sampleGraph":"Ejemplo de diagrama","pages.product.editParam":"Configuración del tipo de costo adicional","pages.product.detail":"Detalles de mercancía","pages.product.billing":"Mercancía abrir orden","pages.order.detail":"Detalles del pedido","pages.log.order":"Registro de modificaciones de pedidos","pages.order.list":"Gestión de pedidos","pages.auth.list":"Permisos para empleados","pages.product.brand":"La marca","pages.product.position":"Ubicación del almacén","pages.temporary.list":"Almacén temporal","pages.temporary.select":"Seleccione la posición temporal que desea transferir","pages.repair.lists":"Reparación y mantenimiento","pages.repair.detail":"Detalles de la hoja de aceptación de reparación y mantenimiento","pages.repair.edit":"Editar hoja de aceptación de reparación y mantenimiento","pages.consignmentDelivery.list":"Transmisión en consignación","pages.consignmentDelivery.item":"Lista de bienes de envío","pages.lockingList.list":"Bloquear una sola mercancía","pages.lockingList.detail":"Detalles de la orden de bloqueo","pages.delivery.list":"Gestión de envíos","pages.inventory.list":"Inventario de mercancías","pages.inventory.underway":"Lista de inventario - en curso","pages.inventory.detail":"Detalles del inventario","pages.storageAge.list":"Alerta de edad","pages.payroll.lis":"Gestión de nómina","pages.payroll.detail":"Comisiones salariales detalladas","pages.inventory.temporaryWarehouse":"Seleccione la posición temporal que desea transferir","pages.inventory.warehouse":"Crear un inventario de almacén","pages.inventory.pledge":"Crear un inventario de bienes prometidos","pages.inventory.position":"Seleccione la ubicación de la mercancía inventario","pages.keepAccounts.list":"Otros tipos de contabilidad","pages.keepAccounts.edit":"Hacer una pincelada","pages.keepAccounts.detail":"Detalles de facturación","pages.shopBill.lists":"declaración","pages.shopBill.edit":"Editar su estado","pages.log.list":"Registro de operaciones","pages.pledge.list":"Mercancía prometida","pages.employeeAuthority.edit":"Permisos para empleados","pages.dataAnalysis.list":"Análisis de datos","pages.dataAnalysis.salesVolume":"Análisis de ventas","pages.dataAnalysis.recycle":"Análisis de reciclaje","pages.dataAnalysis.assets":"Análisis de activos","pages.dataAnalysis.additionalCost":"Análisis de costos adicionales","pages.dataAnalysis.pledgedGoods":"Análisis de mercancía prometida","requestFail":"La solicitud falló","notInDomainList":"No en la lista de dominios legales solicitados","baseUrlError":"Error en la solicitud de interfaz, compruebe la configuración del parámetro VITE_APP_BASE_URL o la configuración pseudo estática","currency":"￥","getSmsCode":"Obtener el captcha","smsCodeChangeText":"Readquisición en segundos","captchaTitle":"Por favor complete la verificación","confirm":"confirmación","cancel":"cancelación","save":"guardar","delete":"borrar","captchaPlaceholder":"Por favor introduzca el captcha","mobilePlaceholder":"Por favor ingrese su número de móvil","mobileError":"Por favor, introduzca el número de teléfono correcto","codePlaceholder":"Por favor ingrese el código de verificación móvil","memberCenter":"Centro personal","userAgreement":"Acuerdo de usuario","and":"y","privacyAgreement":"Acuerdo de privacidad","isAgreeTips":"Por favor lea y acepte el acuerdo primero","nickname":"apodo","nicknamePlaceholder":"Por favor ingrese un apodo","headimg":"avatares","headimgPlaceholder":"Por favor configura tu avatar","getAvatarNickname":"Obtenga su avatar de nickname","getAvatarNicknameTips":"Obtener avatares de usuarios, apodos para mejorar el perfil. Se utiliza principalmente para proporcionar a los usuarios una interfaz reconocible centrada en el usuario","mobile":"Teléfono móvil no","getMobile":"Obtener número de teléfono","mobileTips":"Obtenga el número de teléfono móvil","point":"completo","balance":"El saldo","login":"inicio","bind":"enlace","binding":"enlazar","bindMobile":"Enlace número de teléfono","agreeTips":"Por favor lea y acepte","pleaseAgree":"Por favor marque que he leído y estoy de acuerdo","weixinUserAuth":"Enlace con un botón","mobileQuickLogin":"Número de teléfono acceso rápido","register":"El registro","complete":"completar","close":"cierre","pay.orderInfo":"Información para pedidos","pay.confirmPay":"Confirmar el pago","pay.payTitle":"Confirmar el pago","pay.notHavePayType":"No hay métodos de pago disponibles","pay.notObtainedInfo":"Información de pago no obtenida","pay.paymentDocuments":"Este documento de pago","pay.paySuccess":"Pago realizado con éxito","pay.payFail":"Pago fallado","pay.completePay":"Pago realizado ya","pay.incompletePay":"Pago incompleto","pay.getting":"Obtener resultados de pago en curso","myBalance":"Mi saldo","myPoint":"Mis puntos de integración","customerService":"Contactar servicio al cliente","siteClose":"El sitio está cerrado","noSite":"El sitio no existe","scenic":"SGD","seeMore":"Ver más sobre","way":"líneas","hotel":"El hotel","rise":"A partir de","cardReserve":"Reserva de proyectos","card":"Obtener una tarjeta secundaria","memberName":"Nombre del miembro","memberCode":"Código de miembro","reserve":"Una cita","reserveSuccess":"Cita con éxito","cardLink":"La sesión","myLink":"mi","reserveBtn":"Ir a comprar","cardBtn":"Los trámites","soldOut":"Se venden","unpaidOrder":"Pendiente de pago","waitingOrder":"Para usar","remainOrder":"Ya terminado","allOrder":"Todos los pedidos","myOrder":"Mi pedido","orderNo":"Número de pedido","actualPayment":"Pago real","orderClose":"Cerrar una orden","orderFinish":"Confirmación de recepción","orderDetail":"quienes","wxPrivacyPopup.title":"Consejos de protección de privacidad del usuario","wxPrivacyPopup.descBefore":"Gracias por usar este pequeño programa. Antes de usarlo debe leer y aceptar","wxPrivacyPopup.descAfter":"Al hacer clic en aceptar y continuar, usted entiende y acepta el contenido de los términos, que se convierten en legalmente vinculante para usted; Si no está de acuerdo, no podrá seguir utilizando las funciones relacionadas con applets.","wxPrivacyPopup.disagree":"discrepar","wxPrivacyPopup.agree":"Aceptar y continuar","wxPrivacyPopup.contractName":"Guía de protección de privacidad del usuario","wxPrivacyPopup.disagreeDesc":"No está de acuerdo con el acuerdo de privacidad, no puede usar las funciones relevantes","starLevel":"estrellas","star":"estrella","emptyAddress":"No hay dirección de envío todavía. Por favor, cree una dirección primero","addAddress":"Nueva dirección de envío","selectAddress":"Seleccione una dirección","coupon":"cupón","warehousingOfGoods":"Mercancía en almacén","ownGoods":"Mercancía propia","consignmentGoods":"Mercancía en envío","pledgedGoods":"Mercancía prometida","otherGoods":"Otros bienes","maintenance":"Reparación y mantenimiento","merchandiseBilling":"Mercancía abrir orden","inStockInvoice":"Abrir un pedido en vault commodities","notInStockInvoice":"Órdenes abiertas para bienes no en la biblioteca","slogan":"Un software de gestión de tiendas de 2luxe que vende","pages.language.title":"Cambio de idioma","form.require_tips_log":"Con el subíndice * la información es obligatoria para la mercancía almacenada","goods_category":"Clasificación de mercancías","goods_condition":"Mercancía a color","goods_image":"Imagen de mercancía","form.goods_image_tips_log":"¡Sube imágenes claras de las mercancías, ayuda a conseguir más tráfico en línea en la exposición! Libre de psoriasis, logotipo, sombra, etc.; No menos de 70% de ancho o alto de píxeles efectivos. Sube hasta 9 imágenes","goods_attribute":"Propiedades de bienes","goods_attribute_tips_log":"Los atributos de la mercancía complementan la información de la mercancía y ayudan en la búsqueda y detección de la mercancía","consignment_goods":"Mercancía en envío","pawned_goods":"Mercancía prometida","others":"otros","tips_i_see":"Lo sé.","form.goods_sku_tips_log":"Suministrado por el proveedor o fabricante, es la identificación de cada producto en el final de la producción o suministro","form.goods_sku_placeholder":"Por favor ingrese el código hs","form.goods_code_tips_log":"Es definido por los propios vendedores para la gestión interna de inventarios y registros de ventas","goods_sku":"Código hs","goods_code":"Codificación independiente","form.text_clear":"Un botón para limpiar","brand":"La marca","form.brand_select_placeholder":"Por favor, pierda para seleccionar la marca","series":"La serie","form.series_select_placeholder":"Por favor seleccione serie","model":"El modelo","form.model_select_placeholder":"Por favor seleccione el modelo","condition_new":"A estrenar sin usar","condition_used":"Ajeno.","form.check_data":"Por favor revise el formulario","error.find_goods_empty":"No se pudo encontrar un artículo para modificar","error.goods_id_require":"Por favor seleccione los artículos que desea modificar","error.picture_cannot_be_empty":"La imagen del producto no puede estar vacía","error.select_edit_data":"Por favor seleccione los datos modificados","check_form_data":"Por favor revise el formulario","base.data.add":"Nuevos datos añadidos","base.data.edit":"Edita tus datos","success":"Éxito de operación","sex.male":"male","sex.female":"Las mujeres","sex.secret":"confidencialidad","sex.other":"otros","sex.unknow":"general","product_warranty_card.have":"hay","product_warranty_card.nothing":"sin","form.recycling_time_placeholder":"Por favor seleccione un tiempo de recuperación","form.goods_tips.repetition":"El consejo actual ya existe","form.goods_tips.required":"Por favor ingrese el contenido de la sugerencia","form.goods_tips.tips":"Consejos sólo se muestran en la página de detalles de mercancía de almacén","form.input_clear":"Un botón para limpiar","goods_attribute.no_attachment":"Sin accesorios","goods_attribute.packaging_box":"caja","goods_attribute.invoice":"factura","goods_attribute.receipt":"recibo","goods_attribute.warranty_card":"La tarjeta","goods_attribute.certificate":"El certificado","goods_cost.form.cost_name_required":"Por favor seleccione un tipo de costo","goods_cost.form.money_required":"Por favor, introduzca la cantidad de costo","mvmt_type":"Tipo de movimiento","case_matl":"Material del caso","dial_dia":"Diámetro del dial","matl":"Combustible sólido","sz":"Dipstick MTS","fit_sz":"75 metros","form.placeholder_case_matl":"Por favor, introduzca el material del caso","form.placeholder_dial_dia":"Introduzca el diámetro del dial","form.placeholder_matl":"Por favor ingrese un material","form.placeholder_sz":"Por favor introduzca las dimensiones","form.placeholder_fit_sz":"Por favor introduzca el tamaño","form.placeholder_mvmt_type":"Por favor ingrese el tipo de movimiento","nothing":"sin","ALL":"total","BW":"Reloj pulsera","ZB":"joyas","XX":"Zapatos zapatos","FS":"arnés","QT":"otros","PS":"PeiShi","form.goods_unlock.tips":"Después de desbloquear, se liberará como stock disponible","add_tips":"Añadir un tip","unlock":"desencerrar","form.goods_unlock.reason":"Por favor, introduzca el motivo del desbloqueo (opcional)","input.add_tips.name":"Por favor ingrese el nombre del tip","all.employees.online":"Todo el personal en línea","explain.on.sale":"Mercancía en venta","explain.warehouse":"almacén","explain.warehouse6":"2. Apoye la vista extendida de la información (toda) de la mercancía, por ejemplo: codificación independiente, año de la tarjeta de garantía, información de la observación, tiempo de recuperación, persona de recuperación.","explain.warehouse0":"Operaciones completas de almacenaje de mercancías:","explain.warehouse3":"Operación conveniente del almacén:","explain.warehouse4":"1. La página principal admite operaciones rápidas, tales como: agregar costos adicionales, cambiar la ubicación de la mercancía, cambiar el evaluador, ver el registro de operaciones, etc.","explain.warehouse5":"2. Apoye la detección de la mercancía del almacén, por ejemplo: tipo de reciclaje, persona de reciclaje, tiempo de reciclaje, ubicación de la mercancía, etiqueta, etc.","explain.warehouse7":"3. Apoye las estadísticas de los datos del almacén, tales como: en estantes hoy, carga hoy, mercancías totales, coste, etc.","explain.warehouse8":"4. Admite operaciones por lotes, como: compartir por lotes, imprimir por lotes, eliminar por lotes, editar por lotes.","explain.warehouse9":"Operaciones de mercancía:","explain.warehouse10":"1. Apoye toda la operación de la mercancía, por ejemplo: edición, hoja de bloqueo, impresión, arriba y abajo del marco.","explain.warehouse11":"2. Apoye la vista extendida de la información (toda) de la mercancía, por ejemplo: codificación independiente, año de la tarjeta de garantía, información de la observación, tiempo de recuperación, persona de recuperación.","explain.order0":"Las ventas de la tienda completan la acción de apertura de orden. Los pedidos se pueden ver en la función de gestión de pedidos.","explain.order1":"1. Ver todos los datos de ventas de la tienda para ver las ventas anteriores de la tienda, margen bruto, número de ventas, rendimiento anualizado, etc.","explain.order2":"El filtrado permite analizar las transacciones de la tienda por tipo de recuperación, tipo de pedido, etc.","explain.order3":"Las funciones de modificación de pedido, devolución, intercambio y envío se pueden realizar a través de la edición de pedido.","explain.order4":"2. Envío nudo modelo","explain.order5":"Gestión de pedidos de envío, cuentas de clientes a través de la opción de liquidación.","explain.order6":"3. Devuelto","explain.order7":"Soporte para ver todos los pedidos de devolución, motivo de devolución, etc.","explain.order":"Gestión de pedidos","explain.lock":"Bloquear una sola mercancía","form.payment_receipt_log":"Los gráficos de detalle cargados siempre se pueden utilizar para sincronizar con plataformas de terceros como 95cent y tik yin, mientras que se pueden utilizar para la presentación entre pares","form.payment_receipt_log0":"Sí no obligatorio para abrir\/bloquear voucher","form.payment_receipt_log1":"Se puede configurar en el centro de configuración\/configuración de parámetros de la tienda - configuración requerida para el certificado de apertura de orden de bloqueo,","form.payment_receipt_log2":"Después de configurar los campos obligatorios, la próxima vez que abra o bloquee un pedido, deberá cargar [credenciales].","go_to_settings":"Ir a setup","form.salesman.select":"Por favor seleccione vendedor","add.after_sales_service":"Añadir protección postventa personalizada","input.after_sales_service":"Por favor, introduzca su garantía postventa personalizada (limitada a 10 palabras)","tips.after_sales_service":"Garantía postventa actual existente","max_img_count9":"Añadir hasta 9 imágenes","form.receipt_voucher":"Comprobante de cobro","form.remark":"comentar","input.remark":"Por favor, introduzca un mensaje de observación (limitado a 250 palabras)","form.delivery_address":"Dirección de envío","form.after_sales_service":"Post-venta garantizado","custom":"personalizado","input.delivery_address":"Por ejemplo: zhangsan 13077584114 universidad de zhejiang, no. 866 yuhangtang road, distrito de xihu, hangzhou, provincia de zhejiang (límite de 250 palabras)","form.in_total":"total","tips.order_type":"Tipos de órdenes","form.order_type.select":"Por favor seleccione un tipo de orden","error":"Falla de operación","out_of_stock":"No disponible actualmente","form.custodial_customer":"Cliente alojado","form.settlement":"El nudo del","form.settlement.no":"Pago sin pagar","form.settlement.tips":"Determine realizar operaciones de liquidación","copy":"copiar","form.original_take_home_price":"Precio original a mano","upload.settlement":"Por favor, cargue el comprobante de pago (opcional)","form.settlement.remark":"Observaciones sobre el contrato","input.settlement.remark":"Por favor, introduzca un mensaje de pago observaciones","no_data":"Datos aún no disponibles","error.transaction_time_is_incorrect":"Tipo de hora de consulta incorrecto","register_account":"Registrar una cuenta","input.certificate_name.tips":"Por favor ingrese su nombre real","form.email":"dirección","input.email.tips":"Por favor ingrese su email","form.password":"La contraseña","input.password.tips":"Por favor introduzca el código","form.confirm_password":"Confirme su contraseña","input.confirm_password.tips":"Por favor, introduzca la contraseña de nuevo","input.confirm_password.tips2":"Contraseñas inconsistentes dos veces","form.code":"Código de verificación","input.code.tips":"Introduzca el código de verificación de correo electrónico","get.code":"Obtener el captcha","try_again_in_seconds":"Vuelve a intentarlo en segundos","form.invitation_code":"Referencia (opcional)","input.invitation_code.tips":"Por favor, introduzca el ID de referencia o el número de tienda","register_btn":"El registro","go_login":"Ir al login","input.effective_email.tips":"Por favor ingrese una dirección de correo electrónico válida","code_success":"Captcha enviado correctamente","code_error":"Error al enviar el captcha","account_exist":"Ya tiene una cuenta,","reset_password":"Cambiar mi contraseña","form.old_password":"Contraseña antigua","input.old_password.tips":"Por favor, introduzca su contraseña antigua","confirm_edit":"Determinar la modificación","explain.inStock":"Abrir un pedido en vault commodities","explain.onSale":"Mercancía en venta","pages.lockOrder.list":"Bloquear una sola mercancía","pages.lockOrder.detail":"Detalles de la orden de bloqueo","explain.lock1":"1. Evite que una mercancía se venda dos veces. Por ejemplo: wechat recibe el depósito para mantener las mercancías. Evite que otras personas vendan otra vez.","explain.lock0":"La función de bloqueo único es a través de la plataforma para vender o reservar las mercancías propuestas para llevar a cabo la operación de bloqueo único.","screen":"selección","form.lock":"Confirmación de bloqueo individual mercancía","form.lock.tips":"Después de la hoja de bloqueo, el inventario de la parte de la hoja de bloqueo no puede ser vendido por otros","form.salesman":"vendedor","form.earnest":"Depósito (opcional)","default0":"No llenar por defecto 0","form.voucher":"Las credenciales","form.expected_transaction":"Transacción prevista (opcional)","input.address":"Por favor ingrese una dirección de envío","form.lock_remark":"Nota del formulario de bloqueo (opcional)","input.lock_remark":"Por favor, introduzca la nota de bloqueo","form.delivery_address.optional":"Dirección de entrega (opcional)","form.lock_num":"Número de hojas de bloqueo","default1":"No llenar por defecto es 1","saler_tools.pages.identify.lists.wait_pay":"Pendiente de pago","saler_tools.pages.identify.lists.wait_supply":"Para ser complementado","saler_tools.pages.identify.lists.finish":"Ya terminado","saler_tools.pages.identify.lists.cancel":"Ha sido cancelado","saler_tools.pages.identify.lists.identifying":"En evaluación","appraisal":"Identificación y valoración","appraisal0":"I. identificación y valoración","appraisal1":"1. Tiempo de envejecimiento: 3-5 minutos para obtener resultados en el período de 10:00 a 22:00.","appraisal2":"2. Ciclo: 300 evaluadores de evaluación dan resultados continuamente en 72 horas.","appraisal3":"3. Costo: cada usuario es gratis tres veces. Los miembros de la tienda son 19.9 RMB\/tiempo, los no miembros son 39.9\/ tiempo.","appraisal4":"Ii. Identificación del tasador","appraisal5":"1. La identificación de los tasadores requiere una auditoría invitada a través de la plataforma (expertos en segmentación).","appraisal6":"2. Ingresos del tasador de calificación: el 50% de los ingresos del pedido se asigna al tasador de calificación que tiene \"los resultados de calificación más rápidos\" y \"el precio más alto\".","appraisal7":"Iii. Resultado de la orden","appraisal9":"2. Identificación de la imagen: exactitud 99,4% (según la parte visible del juicio de la imagen). Si hay duda, el centro de la evaluación puede ser enviado para la identificación física.","appraisal10":"3. Valoración de imágenes: se recomienda el precio de recuperación con una gran probabilidad de ser el precio inferior del billete (válido para 72h)","appraisal11":"Nota: en caso de que el primer lugar y el segundo y tres lugares difieran mucho, se recomienda consultar primero al servicio al cliente si es una cita incorrecta, para evitar pérdidas innecesarias.","appraisal12":"Iv. Servicios de pedaleo","appraisal13":"1. Carga: se cobrará una comisión de 2.5% para los compradores de bolsas (hasta 3000 topes). Gratis para los vendedores.","appraisal14":"2. Cómo negociar: póngase en contacto con el servicio al cliente de extravagancia - sf al centro de control de calidad de extravagancia - control de calidad pasado - los compradores de pegarle el dinero.","appraisal15":"3. Naturaleza de la transacción del intermediario: para proteger los derechos de los compradores y vendedores, evitar \"disputas reales y falsas\", \"cuchillo a mano\" y otras situaciones.","identify0":"Mira qué","identify1":"De las imágenes que usted tomó, los puntos de evaluación presentados para juzgar básicamente en línea con el proceso de la marca de \"ver la verdad\" conclusión.","identify2":"Mira falso","identify3":"De las imágenes que usted tomó, los puntos de evaluación presentados para juzgar la diferencia de las partes individuales del proceso de la marca, la conclusión de \"ver falso\".","identify4":"Difícil de ver","identify5":"De las imágenes que tomó, el punto de identificación presentado, etc. debido al ángulo de disparo, la luz, etc. no se puede determinar, la conclusión de \"no se puede ver claramente\".","identify6":"Esta conclusión es meramente informativa y no tiene efecto jurídico. En caso de discrepancia, se puede elegir el \"centro de evaluación de lujo\" para la identificación física.","identify":"Detalles del pedido","order_details":"Detalles del pedido","my_order":"Mi pedido","place_order":"Publicar un pedido","appraisal_photo":"Identificación y valoración de bienes fotos","appraisal_tips":"Cargue el diagrama claro de los bienes, la identificación y la valoración será más precisa","upload_photos":"Sube una imagen","max_img_count50":"(sube hasta 50 imágenes)","is_have_attachment":"Accesorio disponible o no","multiple_choice":"DuoXuan","form.year":"El año","select_year":"Por favor seleccione un año","form.product_info":"Información sobre mercancía","form.product_info.tips":"Por favor, describa exactamente el color del artículo con defectos, la cotización será más precisa.","form.product_info.placeholder":"Descripción detallada del estilo, tamaño, año, accesorios, defectos y otra información para que la estructura de evaluación y valoración sea más precisa.","select_goods_category":"Por favor seleccione una clasificación","input.goods_code":"Por favor, introduzca la codificación independiente","i_agree":"He leído y acepto","appraisal_notice":"\"Nota para identificar y valorar compradores\"","appraisal_expense":"Evaluación de costos","form.original_cost":"enla","immediate_payment":"Pague ahora mismo","years":"en","saler_tools.pages.identify.detail.goods_category":"clasificación","saler_tools.pages.identify.detail.goods_category.tips":"Por favor seleccione una categoría","saler_tools.pages.identify.add.goods_category":"clasificación","saler_tools.pages.identify.add.goods_category.tips":"Por favor seleccione una categoría","fold":"Volví a","unfold":"inicio","appraisal_appraiser":"Evaluación de tasadores","appraisal_result":"Resultados de identificación","appraisal_remark":"Evaluación tasador dejar un mensaje","appraisal_explain":"El resultado de esta evaluación se basa en la parte visible de la imagen proporcionada por el usuario.","icon.home":"En la primera página","icon.my":"mi","look_true":"Mira qué","look_false":"Mira falso","look_unclear":"Difícil de ver","issue_appraisal":"Emitir valoraciones de evaluación","in_appraisal":"Evaluación en curso","end_appraisal":"Identificación valoración cerrada","order_info":"Información para pedidos","order_no":"Número de pedido","appraisal_money":"Identificación valor estimado","payer":"pagador","pay_time":"Tiempo de pago","form.before_select_brand":"Por favor seleccione primero la marca","i_want_identification":"Quiero una evaluación","goods_detail":"Detalles de mercancía","form.shop_name":"Nombre de tienda","input.shop_name.tips":"Por favor ingrese el nombre de la tienda","shop_address":"Dirección de tienda","input.shop_address.tips":"Por favor, introduzca los detalles de la tienda dirección","register_immediately":"Regístrate ahora mismo","share_img":"Comparte la portada","share_img.tips0":"Se muestra cuando se utiliza para compartir applets de mercancías,","share_img.tips1":"Se puede cargar una imagen con el código de la imagen de la tienda.","share_img.tips3":"Relación de longitud de imagen recomendada 5:4","input.share_img":"Subir la portada del applet","wechat_friend":"Amigos en wechat","facebook":"facebook","goods_link":"Copiar el enlace","share_product":"Bienes para compartir","share_img.tips2":"Haga clic a la izquierda para subir la portada","batch_share":"Compartir en lotes","batch_print":"Impresión en lotes","batch_delete":"Eliminación en masa","batch_edit":"Edición por lotes","search_placeholder":"Búsqueda por nombre comercial\/descripción\/nota\/código independiente","item_show":"muestra","item_hide":"ocultar","all_info":"Toda la información","uploaded_today":"Subido hoy","listed_today":"Disponible hoy","total_goods_count":"Total de bienes","total_cost":"El coste total","look_warehouse":"Ver activos de almacén","form.count":"El número de","form.take_home_price":"Precio a mano","form.peer_price":"Precio por pares","form.agent_price":"Precio de agencia","form.sale_price":"Precio de venta","form.location":"Posición de mercancía","form.update_time":"Hora de actualización","pack_up_more":"Retener más","see_more":"Ver más sobre","form.initial_cost":"El costo original","form.plus_total_cost":"Coste total adicional","add":"añadir","form.inbound_time":"Tiempo de almacenamiento","form.system_code":"Codificación del sistema","alter":"Los cambios","form.recycling_name":"reciclador","form.appraiser_name":"evaluador","add_public_price_information":"Información adicional sobre el precio público","look_log":"Ver el registro de operaciones","no_goods":"No hay artículos todavía","not_filled":"No rellenado","form.recycling_time":"Tiempo de recuperación","OK":"determinar","goods_total_initial_cost":"Costo total de la mercancía","goods_plus_total_cost":"Costo total adicional de la mercancía","explain.own_goods":"Almacén de mercancía propia","explain.consignment_goods":"Almacén de mercancía","explain.pawned_goods":"Almacén de mercancías garantizadas","explain.others":"Almacén de otras mercancías","by_latest_update":"Prensa última actualización","by_longest_update":"Por actualización más larga","by_latest_storage":"Prensa en repositorio últimas","by_longest_storage":"Por más tiempo almacenado","by_highest_price":"Top por precio","by_lowest_price":"Más bajo por precio","available":"Ya en estante","select_all":"QuanXuan","reverse":"Contra los","select.appraiser_name":"Por favor seleccione un evaluador","continuous_storage":"Almacenaje continuo","public_price_info.tips":"Seleccione el gráfico de precios públicos para rellenar los parámetros de base","upload_ai":"(puede apoyar la carga o el dibujo general del AI)","NEW":"NEW","add_quality_pictures":"Añadir imágenes de calidad","more_attractive":"¡Más atractivo!","ai_result":"Resultados de reconocimiento AI","public_price_info.tips1":"Seleccione el gráfico de precios públicos automáticamente llenará la información básica de la mercancía para usted","public_price":"GongJia","more_public_price_img":"Ver más tabla de precios públicos","goods_video":"Video de mercancía","goods_video.tips":"(los videos no pueden ser mayores de 60 segundos)","add_goods_video":"Añadir vídeo de mercancía","detail_drawing":"Mapa de detalles","including_defect_drawing":"(incluye diagrama de defectos, etc.)","look_sample_graph":"Ver diagrama de ejemplo","max_img_count25":"Hasta 25 imágenes","goods_description":"Descripción de mercancías","goods_description.tips":"(la descripción detallada permite a los usuarios conocer mejor su producto)","goods_description.placeholder":"Por ejemplo: rolex seaworker black water ghost 1160 16 años un conjunto completo de productos duros calientes, bienvenido a degustar","intelligent_filling":"Parámetros de llenado inteligentes","intelligent_filling.tips":"El sistema identifica el contenido de la descripción de las mercancías, los parámetros básicos de la marca de los parámetros de la marca de los modelos de la serie de la marca de los productos para llenar","diy.goods_tips":"Consejos para personalizar","form.goods_name":"Nombre comercial","goods_description.placeholder1":"Si no lo completa, intercepta automáticamente las primeras 50 palabras de la descripción del artículo","form.guide_price":"Precio de orientación oficial","input.guide_price":"Por favor, introduzca el precio de orientación oficial","basic_parameter":"Parámetros de base","form.stock_count":"Cantidad en stock","input.stock_count":"Por favor ingrese la cantidad de stock","form.stock_count.tips":"El registro de la hoja de bloqueo se borrará después de modificar el inventario","input.total_cost":"Por favor, introduzca el costo total","form.additional_cost.tips":"Añadir\/modificar costos adicionales","add_plus_total_cost":"Añadir costos adicionales","select.goods_location":"Por favor seleccione una ubicación de mercancía","form.recycle_type":"Tipos de reciclaje","diy_edit":"Personalizar (editar)","select.recycling_name":"Por favor seleccione reciclador","form.recycling_image":"Reciclar observaciones diagrama","form.recycling_image.tips":"(autoridad de la gestión del almacén - almacén - vea la figura de la observación de la recuperación)","form.target_audience":"La población aplicable","form.goods_guarantee_card":"Tarjeta de garantía de mercancía","guarantee_card_or_code":"Imagen de la tarjeta de garantía o fondo de foto codificada independientemente","privacy":"(no se muestra al exterior)","form.goods_tag":"La etiqueta","form.goods_attachment":"Accesorios para mercancía","max_add_img_count25":"(añadir hasta 25 imágenes)","synchronization.tips":"Sincronización de merchandising a tiendas asociadas y ferias online","synchronization.tips1":"Consejo: los precios de los pares se muestran en las tiendas asociadas y en la exposición en línea","save_and_up":"Guardar y estante","save_and_down":"Guardar y quitar el estante","inbound_and_up":"Almacenamiento y estante","only_inbound":"Sólo en almacén","add_location":"Añadir ubicación del artículo","form.inbound":"depositado","switch_grids":"Cambiar de celosía","intelligent_screenshots":"Captura de pantalla inteligente","forwarding":"reenvío","one_click_download_graphics":"Descargar gráficos en un clic","show_or_hide":"Mostrar\/ocultar","form.extended_info":"Ampliar la información","form.category":"clasificación","goods_operation_record":"Registro de operaciones de commodities","look":"ver","form.system_code.tips":"Esta codificación es generada automáticamente por el sistema, con la singularidad","look_custodial_customer":"Ver clientes alojados","warranty_card_year":"Año de garantía","last_update":"Actualizado por última","form.uptate_name":"Actualización de personal","form.shelf_time":"Tiempo en estante","form.inbound_name":"Personal en almacén","form.inbound_source":"Fuente de almacenamiento","iOS":"iOS","edit":"editor","lock":"Cerraduras de","toggle_location":"Cambiar de ubicación","goods_down":"El avión","goods_up":"De la","order_billing":"de","remove":"desmontaje","absence":"falta","existence":"La existencia de","redemption":"La redención","total_take_home_price":"Precio total a mano","look_cost_changes":"Ver cambios de costos","is_remove_goods":"¿Eliminar definitivamente la mercancía?","is_goods_existence":"¿Está seguro de que la mercancía existe?","is_goods_absence":"¿Seguro que falta un artículo?","absence_count":"Cantidad que falta","take_stock_remark":"Observaciones de inventario","optional":"(opcional a rellenar)","input.take_stock_remark":"Por favor, introduzca una observación de inventario. Ejemplo: para tomar prestado para visitar, para llevar a la feria, etc.","existence_count":"Número de presencia","input.existence_count":"Por favor introduzca la cantidad de presencia","form.stock_count.tips1":"Actualmente no hay stock disponible. Ir al formulario de bloqueo para abrir el formulario","lock_bill":"Bloqueo de orden abierto","is_redemption_pledge":"Reembolso confirmado de bienes prometidos","input.is_redemption_pledge":"Por favor, introduzca el precio de redención ($)","definite_redemption":"Redención definitiva","no_copy":"No hay contenido copiado todavía","redemption_and_error":"Existe (pero la ubicación de la mercancía es incorrecta)","form.stock_count.tips2":"El stock no puede ser inferior a 0","inbound_success":"Mercancía en estantes con éxito","is_goods_down":"¿Identificar mercancía retirada?","goods_down_success":"Mercancía retirada con éxito","added":"Ha sido añadido","long_press_data":"(larga clasificación por datos ajustable)","max_character6":"Introduzca hasta 6 caracteres","editParam":"Configuración del tipo de costo adicional","search_brand_name":"Buscar por marca","search_series_name":"Buscar por nombre de serie","share_mini_program":"Compartir tienda de pequeños programas","share_optional_goods":"Compartir (seleccionar) bienes","puzzle_making":"Fabricación de rompecabezas","text_marking":"Producción de textos","print_labels":"Imprime etiquetas con un clic","location_inform1":"1. Los datos de [ubicación de la mercancía] y los datos de [almacén] se mantienen sincronizados en tiempo real","location_inform2":"2, cuando la mercancía [abrir orden \"y [eliminar\" después de que no se mostrará en la posición de la mercancía","no_distribution_location":"Mercancía de ubicación no asignada","aggregate":"total","goods_pieces":"mercancía","location.tips0":"La ubicación de los productos se mostrará en la lista de almacenes, en la lista de venta, se puede rastrear en tiempo real para modificar la ubicación de los productos","location.tips1":"1. El sistema predeterminado posición general de los productos: en el camino, en la tienda, mantenimiento y mantenimiento.","location.tips2":"2. Creado de acuerdo con las necesidades reales del comerciante, por ejemplo: oficina de reloj directo, sucursal de westlake, etc.","max_character10":"Introduzca hasta 10 caracteres","confirm_delete_shipments":"¿Está seguro de eliminar la información de envío de los artículos seleccionados?","sampleGraph":"Ejemplo de diagrama","batch_shift":"Transferencia por lotes","shift.tips0":"Eliminar el artículo de la lista sin afectar el stock real","add_goods":"Añadir un artículo","scan_add":"Código de barrido añadido","h5_nonsupport":"H5 no soporta esta función temporalmente","agreement_not_exist":"El protocolo no existe","add_personnel":"Añadir una persona","add_time":"Añadir un tiempo","temporary":"Almacén temporal","search_temporary":"Búsqueda por número de posición temporal\/nombre de posición temporal","create_temporary":"Creación de posiciones temporales","goods_sold":"Mercancía vendida","serial_number":"números","founder":"creador","new_create_temporary":"Nuevo almacén temporal","confirm_delete_temporary":"Eliminación definitiva de posiciones temporales","temporary.tips0":"Almacén creado temporalmente para facilitar el agrupamiento temporal de mercancías","temporary.tips1":"1. Aplicación de intercambio de mercancías","temporary.tips2":"1.1 por ejemplo: almacén temporal de exposición, almacén temporal de suministro en vivo, almacén temporal de mantenimiento y mantenimiento.","temporary.tips3":"1.2 soporte para compartir el applet temporal cang wechat","temporary.tips4":"2. Características del almacén temporal","temporary.tips5":"2.1 la existencia simultánea de múltiples posiciones temporales es compatible con un commodity.","temporary.tips6":"2.2 unirse a un almacén temporal. La lista de almacenes sigue siendo visible.","temporary.tips7":"2.3 los cambios de mercancía no afectan la información original de la mercancía en stock.","temporary.tips8":"3. Orden de apertura temporal","temporary.tips9":"3.1 hay una identificación especial para la apertura temporal de órdenes en la pantalla de gestión de órdenes.","form.certificate_name":"Nombre real","input.currency_code.tips":"Por favor seleccione el sistema mostrar tipo de moneda","input.currency_code.tips1":"Tipo de moneda utilizada, no modificable una vez seleccionada","currency_code":"Tipo de moneda","today":"hoy","yesterday":"Ayer.","this_week":"Esta semana","this_month":"Este mes","last_month":"El último mes","months":"de","days":"el","order_billing_count":"Número de órdenes abiertas","order_code":"Código del pedido","order_status":"Estado del pedido","settlement_status":"Estado del contrato","sales_time":"Tiempo de venta","billing_personnel":"Personas que abren órdenes","billing_time":"Tiempo de apertura","order_remark":"Observaciones para pedidos","sales_return":"devuelto","alter_order":"Modificar un pedido","confirm_sales_return":"Confirmar para realizar la operación de devolución?","sales_return.tips0":"Después de la devolución, el artículo volverá a estar en stock hasta que no esté disponible y se deducirá en el análisis de ventas","input.sales_return_reason":"Por favor, introduzca el motivo de la devolución (opcional)","confirm_delete_operation":"Confirmar para proceder a la eliminación?","delete.tips0":"Después de eliminar el pedido, puede ver la papelera de reciclaje","input.delete_remark":"Por favor, introduzca una nota para eliminar (opcional)","sales_returnsales_return":"devuelto","status":"El estado","delivery":"envíos","not_shipped":"No entregado","shipped":"Ha sido enviado","returned_goods":"Ha sido devuelto","start_time":"Hora de inicio","end_time":"Hora de fin","quantity_sold":"venta","sales_volume":"ventajoso","gross_profit":"Ganancia bruta","gross_margin":"Margen bruto","look_sales_volume":"Ver análisis de ventas","salesman":"venta","form.order_type":"Tipos de órdenes","balance_paid":"Pagos ya liquidados","refunded":"reembolsado","form.annual_rate":"En la","form.transaction_price":"negociable","confirm_delete_select_order":"¿Seguro de eliminar el pedido seleccionado?","select_time":"Selecciona la hora","by_lowest_annual":"Mínimo por año","by_highest_annual":"Máximo por año","by_latest_sales":"Por ventas recientes","by_longest_sales":"Vendido por más tiempo","by_latest_delivery":"Por último enviado","by_longest_delivery":"Enviado por más tiempo","delivery_name":"Entrega de personas","delivery_time":"Tiempo de envío","explain.delivery":"Gestión de envíos","explain.delivery.tips0":"Las órdenes de bloqueo, órdenes de apertura entran en la interfaz de gestión de envíos - pendientes de envío","explain.delivery.tips1":"1. Mejorar la eficiencia de la tienda, la tienda puede establecer reglas, por ejemplo: rellene la dirección de envío, las ventas de la plataforma por defecto deben enviarse.","explain.delivery.tips2":"2. Envío conveniente, ya sf AP1, soporte sf superficie single barrido código, entrada manual.","explain.delivery.tips3":"3. La investigación rápida, orden enviada sincroniza la información logística de sf en tiempo real, y apoya wechat un clic para compartir a los clientes.","explain.delivery.tips4":"4. Los registros claros, apoyan la investigación de la información tal como el personal del envío, el dibujo del fondo del envío, el número de seguimiento de sf, etc.","immediate_delivery":"Para envío inmediato","form.delivery_remark":"Observaciones sobre entrega","input.delivery_remark":"Por favor, introduzca las observaciones de envío","search_delivery":"Buscar nota\/nombre del artículo\/número de pedido","employee_auth":"Permisos para empleados","input.employee_auth.search":"Por favor ingrese el nombre del empleado\/correo electrónico","operator":"operario","add_employee":"Añadir un empleado","employee_auth.tips0":"Las ventas de la tienda completan la acción de apertura de orden. Los pedidos se pueden ver en la función de gestión de pedidos.","employee_auth.tips1":"1. Modelo de identidad: el sistema recomienda tres modelos, que el comerciante puede editar y modificar por sí mismo.","employee_auth.tips2":"2. Los permisos sensibles están en la fuente roja, apertura discreta.","employee_auth.tips3":"3. Explicación de permisos sensibles","employee_auth.tips4":"3,1 precio de costo: no se puede ver después de almacenar sin permiso. Si la biblioteca tiene una demanda de visualización, abra con cuidado.","employee_auth.tips5":"3.2 precio por pares: de acuerdo con la división real del trabajo de la tienda, asignar la autoridad razonablemente.","employee_auth.tips6":"3.3 vista del cliente de custodia: vista de la información del cliente de la mercancía de envío.","employee_auth.tips7":"3.4 eliminación permanente: función dentro de la papelera de reciclaje, única para el operador sugerido.","employee_auth.tips8":"3.5 modificar el precio de costo: si no se puede modificar sin permiso, parte de la biblioteca tiene demanda, se abre con cautela (los cambios en el costo de las mercancías se pueden lograr a través de costos adicionales, como las tasas de mantenimiento).","employee_auth.tips9":"3.6 productos eliminados: los productos de la tienda se eliminan, los derechos sensibles se abren discretamente.","employee_auth.tips10":"3,7 orden de modificación: puede editar la información como la garantía posventa del precio de cierre de la orden, y abrir discretamente.","employee_auth.tips11":"3.8 eliminación de órdenes: propuesta exclusiva para los operadores","employee_auth.tips12":"3,9 permiso del personal: tener este permiso puede aumentar o disminuir la configuración del permiso para usted y otros personales, abrir cautelosamente.","employee_auth.tips13":"3.10 borrar los datos de la tienda: configurar el centro - configuración de parámetros de la tienda - un clic para borrar, incluyendo pedidos, mensajes, facturas, salarios, etc., irrecuperable.","enabled":"Ha sido activado","disabled":"Ha sido desactivado","edit_employee":"Modificar permisos de empleados","form.account":"La cuenta","input.employee_auth":"Por favor, introduzca el número de teléfono móvil\/correo electrónico del empleado","form.name":"Los nombres","input.name":"Por favor ingrese su nombre","form.role":"La identidad","select.role":"Por favor seleccione una identidad","create_salary":"Crear un salario","create_salary.tips0":"Crear este salario de empleado después de activar el botón, que se puede ver en la administración de salarios","enabling_accounts":"Habilita tu cuenta","enabling_accounts.tips":"Se recomienda desactivar esta opción si el empleado se va","set_auth":"Establecer los permisos","set_auth.tips0":"El botón abierto puede establecer el permiso","update_and_save":"La actualización de este módulo de identidad solo afecta los permisos predeterminados cuando se otorga una nueva identidad al usuario y no afecta los permisos de los usuarios que han utilizado esta identidad históricamente","left_slide_delete_role":"Desliza hacia la izquierda para eliminar la identidad","add_role":"Añadir una identidad","input.role_name":"Por favor ingrese un nombre de identidad","unable_edit_super_admin":"No se puede editar el superadministrador","add_success":"Añadido con éxito","add_error":"Error al agregar","delete_success":"Eliminado con éxito","delete_error":"Eliminación fallida","save_timeout":"Tiempo expirado para guardar","save_success":"Guardar el éxito","save_auth_set_success":"Permiso de guardar establecido con éxito","save_auth_set_error":"Error al guardar la configuración de permisos","update":"actualización","shop_manager":"DianChang","auth_and_save":"Permisos y ahorros","appc.ALL":"total","appc.BW":"Cuadro venas","appc.ZB":"joyas","appc.XB":"equipaje","appc.PS":"PeiShi","appc.XX":"Zapatos zapatos","appc.FS":"arnés","appc.QT":"otros","switch_stores_success":"Cambiar de tienda con éxito","new_shop_register":"Nuevo registro de tienda","immediate_switch":"Cambiar inmediatamente","immediate_register":"Regístrate ahora mismo","immediate_new_shop":"Apertura inmediata de tienda","expiration":"vencimiento","today_billing":"Orden abierta hoy","online_expo":"Exposición en línea","peer_group":"Círculo de compañeros","goods_sold_out":"Mercancía retirada del estante","peer_price":"Precio por pares","online_exhibition":"Exposición en línea","online_exhibition.tips1":"Artículos: 800,000 pares de inventario en tiempo real a precio fijo, tasa en tiempo real del 95%.","online_exhibition.tips2":"Productos de la primera página: los últimos artículos en las estantes, productos rebajados por encima de RMB 100 (los mejores precios en 45 días).","online_exhibition.tips3":"Búsqueda de palabras: cuanto más detallada sea la búsqueda, más precisos serán los resultados. Si hay menos resultados, puede utilizar la búsqueda difusa.","online_exhibition.tips4":"Búsqueda de imágenes: la búsqueda de imágenes muestra sólo una parte de los productos relacionados con el precio público. Si los resultados son menores, intente una búsqueda de palabras.","online_exhibition.tips5":"Un clic para reenviar: soporte un clic para descargar la copia de la imagen para reenviar el círculo de amigos.","online_exhibition.tips6":"Colección de mercancías: conveniente para la compra a granel de la mano del comprador.","online_exhibition.tips7":"Comprar: el comercio de pares puede ser un cuchillo, el precio de la negociación por favor sea gentil.","online_exhibition.tips8":"Vendedores: los comerciantes miembros de la tienda de lujo, la presencia es revisada por la plataforma.","online_exhibition.tips9":"Pago fuera de línea: soporte para ver la información de contacto de la tienda, las transacciones fuera de línea son arriesgadas antes de comerciar por su propia credibilidad.","online_exhibition.tips10":"Pago en línea: la supervisión de unionpay, la firma logística para recibir 24h en la cuenta, el comercio es más seguro.","online_exhibition.tips11":"Cargo por servicio: 0,6% de comisión de transacción, a cargo del comprador.","online_exhibition.tips12":"Apertura de billetera: my-platform authentification para pagos en línea, identificación de códigos de búsqueda de valoraciones y otras operaciones.","online_exhibition.tips13":"Monedero: retiro de 0,6% comisión, un solo límite de 100.000 por mes sin límite.","online_exhibition.tips14":"24h\/72h: la mercancía admite la operación de pago completo, por favor confirme con el vendedor por segunda vez.","online_exhibition.tips15":"Oferta: después de la oferta, el vendedor puede ponerse en contacto con el comprador directamente.","online_exhibition.tips16":"Mensaje de empuje: atar el nombre público del lujo, cuando el empuje de wfidelidade.","XB":"equipaje","tabbar.bid":"oferta","tabbar.collect":"La colección","tabbar.product":"Los productos","agreed":"Estar de acuerdo","not_responded":"Falta de respuesta","rejected":"Ha sido rechazado","each_other_agreed":"La otra parte ha acordado","each_other_not_responded":"La otra parte aún no ha respondido","each_other_rejected":"La otra parte ha rechazado","you_have_agreed":"Usted ha dado su consentimiento","you_have_not_responded":"Aún no has respondido","you_have_rejected":"Has rechazado","bid_search_placeholder":"Buscar nombre comercial","give_you_offer":"Hacer una oferta para usted","your_bid":"Su oferta","bidder":"postor","counteroffer":"contraparte","contact_TA":"Contactar con TA","i_received_bid":"Ofertas que he recibido","my_bid":"Mi oferta por","input.bid_price":"Por favor ingrese el precio de oferta","his_bid":"Su oferta","i_want_to":"Me gustaría tener","input.bid_price.tips":"El precio de oferta no puede ser menor o igual a 0","immediate_dicker":"Ofertas inmediatas","agree":"De acuerdo con","reject":"rechazo","pages.collect.lists.on_sale":"Bienes efectivos","pages.collect.lists.sold_out":"Bienes desactivados","form.real_name":"Nombre real","input.real_name.tips":"Por favor ingrese su nombre real","hot_search_price":"Hot comprobar precio","explore_now":"Explora ahora mismo","historical_check":"Historial ver precio","popular_brand":"Marca popular","public_price_inquiry":"Consulta de precio público","public_price_detail":"Detalles del precio público","counter_price":"Precios especiales disponibles","market_data":"Datos de oferta","market_average_price":"Precio medio","market_near_90day_price":"Precios disponibles para los últimos 90 días","public_price_detail.tips0":"La fuente de datos es el precio de exhibición de mercancías en la exposición en línea, el precio se ve afectado por los años de color y otros factores, solo para referencia","info":"información","error_feedback":"Hay comentarios falsos","public_price_inquiry_feedback":"Precio público consulta comentarios","input.model":"Por favor ingrese el modelo","input.counter_price":"Por favor, introduzca el precio especial","content_supplement":"Suplemento de contenido","input.content":"Por favor, introduzca el suplemento","public_price_inquiry_feedback.tips0":"Cargar 【 capturas de pantalla válidas 】 puede hacer que el problema se encuentra prioritariamente oh ~","send":"enviar","maintenance_search":"Búsqueda por nombre de póliza\/código independiente\/palabra clave","repair":"La reparación","service_cost":"Costo del servicio","charge_amount":"Cantidad a cobrar","perfect_singular":"Singular completo","actual_cost":"El costo real","actual_charge":"Carga real","diamond_setting":"Construida sobre el procedimiento","maintenance.tips0":"Tienda para realizar pedidos de reparación y mantenimiento","maintenance.tips1":"1. Apoye la creación de órdenes de servicio, incluyendo cantidad de servicio, costo, personal de mantenimiento, personal de recepción de órdenes, artículos de servicio, etc.","maintenance.tips2":"2. Apoye los servicios de reparación en curso, terminados y cancelados, apoye la edición, vea, filtre, comparta y otras operaciones.","confirm_delete_select_receipt":"¿Eliminar definitivamente el ticket de admisibilidad seleccionado?","in_progress":"En proceso","completed":"Ya terminado","cancelled":"Ha sido cancelado","by_latest_complete":"Por último terminado","by_longest_complete":"Presione el más largo terminado","by_latest_cancel":"Pulse más reciente para cancelar","by_longest_cancel":"Pulse el más largo para cancelar","maintenance_receipt_details":"Detalles de la hoja de aceptación de mantenimiento","share":"compartir","maintenance_details":"Detalles de reparación","extended_info":"Ampliar la información","service_type":"Tipos de servicios","estimated_charge":"Cantidad estimada de cargos","one_click_download":"Descargar en un clic","service_personnel":"Personal de servicio","order_taker":"Personas que reciben órdenes","estimated_service_cost":"Costo estimado del servicio","creation_time":"Hora de creación","creator":"Creación de personas","customer_info":"Información para clientes","store_sharing":"Compartir en tienda","store_sharing.tips1":"Permitir ver tienda todos los artículos en venta","is_show_detail_drawing":"Sí no mostrar diagrama de detalle","prices_shown_sharing":"Precio mostrado al compartir","set_applet_cover":"Configurar la portada del applet","add_maintenance_receipt.tips1":"Con el subíndice * la información es obligatoria, si la persona dentro de la orden actual no puede satisfacer las necesidades de su negocio, disponible en","add_maintenance_receipt.tips2":"[tipo de gestión de personal de reparación y mantenimiento]","add_maintenance_receipt.tips3":"añadir","input.goods_name50":"Por favor, introduzca el nombre comercial (dentro de 50 palabras)","service_type_multiple_choice":"Tipo de servicio (puede ser múltiple)","input.estimated_charge0":"Por favor, introduzca el costo requerido por el servicio. No llene el valor predeterminado 0","service_personnel_select":"Por favor seleccione servicio personal","order_taker_select":"Por favor seleccione persona de recepción","remark_placeholder":"Por ejemplo: el movimiento está dañado, necesita volver a la fábrica para su reparación, la duración de medio mes...","confirm_creation_service":"Confirmar la creación del servicio","show_all_employees":"Mostrar todo el personal","add_costom_service_type":"Añadir un tipo de servicio personalizado","input.add_costom_service_type10":"Por favor, introduzca un tipo de servicio personalizado (limitado a 10 palabras)","add_service_cost":"Costo de nuevos servicios","maintenance_content":"Contenido de reparación","input.maintenance_content":"Por favor, introduzca la reparación","input.service_cost":"Por favor, introduzca el costo del servicio","buying":"compra","uploading":"Subir en proceso","edit.repair":"Editar hoja de aceptación de reparación y mantenimiento","add.repair":"Nuevo formulario de aceptación de reparación y mantenimiento","my_big_brand":"Mi gran nombre","peers_looking_for_goods1000":"Más de 1000 pares buscando carga","all_brand":"Todas las marcas","latest_release":"Últimas en estantes","unit":"algo","release_style_requirements":"Publicar estilo demanda","new_recommendations_daily":"Nuevas recomendaciones diarias","one_click_inbound":"Repositorio en un clic","my_container":"Mi contenedor de carga","goods_on_sale":"Artículos vendidos","goods_being_sold":"Mercancía en venta","share_log":"Registros para compartir","share_log.tip0":"Deslice a la izquierda para eliminar, este enlace para compartir no funcionará después de eliminar el registro compartido","share_choice":"Compartir la selección","show_prices":"Mostrar los precios","sharer":"compartir","contact_information":"Contacto contacto","shop_card":"Tienda de tarjetas","by_latest_repair":"Por última reparación","by_longest_repair":"Según la reparación más larga","cancel_order":"Cancelar un pedido","cancael_reason":"Motivo de cancelación","input.cancel_order":"Por favor ingrese el motivo de cancelación","input.actual_amount":"Por favor, introduzca la cantidad real","complete_service":"Completa el servicio","actual_amount":"La cantidad real","input.actual_charge":"Introduzca la cantidad real cargada","input.actual_cost":"Por favor, introduzca el costo real","product.edit":"Editor de mercancía","open_vip":"Abrir una membresía","online_exhibition_vip":"Exposición online VIP (compra de productos)","open_vip.tip0":"Abra su membresía y disfrute de los servicios VIP exclusivos.","open_vip.tip1":"1w+ usuarios han abierto VIP","open_vip.tip2":"Inauguración exposición online VIP","vip":"miembros","vip_exclusive_privilege":"VIP exclusivo super privilegios","more_privileges":"Aún más privilegios","pay_after_discount":"Pago real después de la oferta","open_immediately":"Para abrir ahora","member_service_agreement":"Acuerdo de servicios para miembros","sales_and_inventory":"Venta y almacenamiento","data_analysis":"Análisis de datos","pc_back_end":"Fondo en PC","online_exhibition_sellers":"Vendedores de exposiciones en línea","small_program_store":"Tienda de pequeños programas","multi_platform_synchronization":"Sincronización de múltiples plataformas","appraisal_and_valuation":"Identificación y valoración","not_available":"No en estante","identify_order":"Identificación y valoración de órdenes","deleting":"borrado","logout":"Salir del login","loading":"Cargando en","confirm_to_agree":"Confirmar el consentimiento?","confirm_to_reject":"Confirmar el rechazo?","saler_tools.pages.base.share.shop.total_cost":"costo","saler_tools.pages.base.share.shop.peer_price":"Precio por pares","saler_tools.pages.base.share.shop.agent_price":"Precio de agencia","saler_tools.pages.base.share.shop.price":"Precio de venta","share_goods":"Bienes para compartir","share_shop":"Comparte la tienda","saler_tools.pages.base.share.lists.total_cost":"costo","saler_tools.pages.base.share.lists.peer_price":"Precio por pares","saler_tools.pages.base.share.lists.agent_price":"Precio de agencia","saler_tools.pages.base.share.lists.price":"Precio de venta","pages.message":"mensaje","pages.my":"mi","pages.collect":"La colección","pages.work":"consola","pages.home":"En la primera página","version":"La versión actual","user_agreement":"Acuerdo de usuario","service_agreement":"Acuerdo de servicios","privacy_policy":"Acuerdo de privacidad","operate":"La operación","settlement_price":"Precio de cierre","selected_goods":"Artículos ya seleccionados","goods_transferred_out":"Transferencia de mercancía","one_click_clear":"Vaciado en un clic","confirm_one_click_clear":"Confirmar un clic para vaciar?","confirm_delete_select_goods":"Confirmar eliminar los artículos seleccionados?","add_to":"Añadir a","commodity_inventory":"Inventario de mercancías","commodity_inventory.tip0":"Si el inventario termina, recuerde hacer clic en [hecho] oh ~","inventory_code":"Número de inventario","requested_goods":"merchandising","ordered_goods":"Mercancía ya servida","existing_goods":"Bienes de existencia","missing_goods":"Falta de bienes","inventory_checker":"Persona de inventario","create_inventory":"Crear un inventario de mercancías","commodity_inventory.top0":"Commodity admite múltiples formas de inventario","commodity_inventory.top1":"1. Inventario del almacén","commodity_inventory.top2":"2. Inventario provisional","commodity_inventory.top3":"3. Inventario de mercancías prometidas","commodity_inventory.top4":"4. Inventario de posición de mercancías","commodity_inventory.top5":"5. Apoye el inventario del código de barrido: las mercancías necesitan colgar bien la etiqueta del código qr por adelantado","you_will_delete":"Usted va a eliminar","you_will_complete":"Usted terminará","select_inventory_type":"Seleccione el tipo de inventario","inventory_store":"Inventario en almacén","inventory_temp_store":"Inventario provisional de posiciones","inventory_pawned_goods":"Inventario de mercancías prometidas","inventory_watch_location":"Inventario de posición de mercancía","own_goods":"Mercancía propia","select.inventory_name":"Por favor seleccione persona de inventario","form.inventory_name":"Personal de inventario","createSuccess":"Creando el éxito","create":"crear","inventory.tip1":"Seleccione las propiedades de la mercancía que desea inventariar","inventory.tip2":"Seleccione la clasificación de los productos que desea inventariar. Si no se llena, se predetermina todo","inventory_name":"Nombre del inventario","input.inventory_name":"Por favor ingrese un nombre de inventario","select.temp_inventory":"Selección de inventario temporal","select.watch_location":"Seleccione la ubicación de la mercancía inventario","inventory":"inventario","inventory_lists_completed":"Lista de inventario - completado","inventory_lists_underway":"Lista de inventario - en curso","modify_inventory_status":"Modificación del estado del inventario","not_counted":"No contabilizado","counted":"Hecho en inventario","check_form":"Por favor revise el formulario","not_found":"Datos no encontrados","form.work_name":"funciones","input.work_name.tips":"Por favor, introduzca una responsabilidad","select.principal":"Por favor seleccione responsable","form.principal":"jefe","form.weacht":"microseñal","input.weacht.tips":"Por favor ingrese un wechat","form.whats_up":"whats up","input.whats_up.tips":"Por favor ingrese whats up","form.mobile":"Teléfono móvil no","input.mobile.tips":"Por favor ingrese el número de teléfono móvil","add.contact":"Nuevos contactos añadidos","edit.contact":"Editar un contacto","contact_way":"Contacto contacto","confirm_delete_contact":"Confirmar la eliminación de este contacto?"}