{"storeID":"Numéro de magasin","expire":"échéance","warehousing":"En stock aujourd’hui","billing":"Facturé aujourd’hui","storeWallet":"Acheter un portefeuille","saveQRCode":"Sauvegarder le code qr","joinMember":"Ouvrir une adhésion","noviceGuide":"Guide pour débutants","inviteFriends":"Inviter un ami","inviter":"Les personnes que j’invite","securityDeposit":"Dépôt de garantie","withdraw":"Retraits d’espèces","commissionDetail":"Détail des commissions","topUpDetails":"Détails de recharge","punishDetails":"Détail des pénalités","quickService":"Un service rapide","personalReputation":"Une crédibilité personnelle","transfer":"Mes Transferts avec","auction":"Mes Ventes aux enchères","deal":"Mes Offres fermées","complaint":"Pour ma plainte","like":"Mes Goûts","collect":"De ma collection","bid":"Mon offre sur","aboutPlatform":"Sur la plateforme","personalData":"Informations personnelles contact","switchLanguage":"Changer la langue","experienceStoreVIP":"Expérience boutique VIP","CNY":"Yuan chinois","USD":"dollars","HKD":"hong-kong","EUR":"eur","JPY":"Le yen","GBP":"La livre sterling","AUD":"os","RUB":"Le rouble russe","CAD":"Le dollar canadien","CHF":"Le franc Suisse","DKK":"La couronne danoise","NOK":"Couronne norvégienne","SEK":"La couronne suédoise","NZD":"Dollar néo-zélandais","SGD":"Dollar de Singapour","THB":"itl","BRL":"Réal brésilien","MXN":"Le dollar mexicain","saler_tools.pages.index.index":"luxur cener","saler_tools.pages.member.index":"Centre des membres","saler_tools.pages.inbound.index":"stock","saler_tools.pages.outbound.index":"déstockage","saler_tools.pages.warehouse.inStockInvoice":"Ouvrir une commande chez vault merchandise","saler_tools.pages.warehouse.notInStockInvoice":"Commande non disponible en librairie","saler_tools.pages.warehouse.sampleGraph":"Exemple de diagramme","pages.auth.login.logining":"Connexion en cours","pages.auth.login.usernamePlaceholder":"Veuillez entrer le numéro de compte","pages.auth.login.passwordPlaceholder":"Veuillez entrer le code","pages.auth.login.resetpwd":"Mot de passe oublié","pages.auth.login.noAccount":"Pas encore de compte","pages.auth.login.toRegister":"Aller à l’enregistrement","pages.auth.login.agreeTips":"Se connecter signifie que vous acceptez","pages.auth.login.isAgreeTips":"Veuillez lire et accepter l’accord d’abord","pages.auth.login.mobilePlaceholder":"Veuillez entrer votre numéro de téléphone","pages.auth.login.oneClicklogin":"Un login rapide","pages.auth.login.accountLogin":"Compte mot de passe login","pages.auth.login.accountLoginTip":"Entrez le mot de passe du compte","pages.auth.login.accountLoginError":"Le marchand n’est pas ouvert compte mot de passe connexion","pages.auth.login.mobileLogin":"Login numéro de téléphone","pages.auth.login.mobileLoginTip":"Entrez votre numéro de téléphone captcha pour vous connecter","pages.auth.login.mobileLoginError":"Le marchand n’a pas activé la connexion par numéro de téléphone","pages.index.close":"Le site est fermé","pages.index.nosite":"Le site n’existe pas","pages.index.develop":"Configuration de l’environnement de développement","pages.article.list":"Le centre d’information","pages.article.detail":"Détails de l’article","pages.auth.index":"connexion","pages.auth.agreement":"Les accords","pages.auth.bind":"Lier le numéro de téléphone","pages.auth.login":"connexion","pages.auth.register":"l’enregistrement","pages.auth.resetpwd":"Récupérer votre mot de passe","pages.member.account":"Compte de membre","pages.member.address":"Adresse de livraison","pages.member.address_edit":"Modifier l’adresse de livraison","pages.member.apply_cash_out":"Demande de retrait","pages.member.balance":"Mon solde solde","pages.member.point":"Mes Points intégrés","pages.member.point_detail":"Détail des intégrations","pages.member.level":"Niveau de membre","pages.member.sign_in":"Mon connexion connexion","pages.member.cash_out":"Enregistrement de retrait","pages.member.cash_out_detail":"Détails de retrait","pages.member.commission":"Mes Commissions pour","pages.member.detailed_account":"Détails de l’eau courante","pages.member.personal":"Informations personnelles contact","pages.member.contact":"Service de la clientèle","pages.pay.browser":"paiement","pages.setting.index":"La mise en place","pages.verify.index":"Table de souscription","pages.verify.verify":"Profits et pertes","pages.verify.detail":"Détails de l’abonnement","pages.verify.record":"Enregistrement des annulations","pages.index.index":"luxur cener","pages.member.index":"Centre des membres","pages.product.inbound.list":"stock","pages.goodsForSale.list":"Marchandises en vente","pages.product.notInStockInvoice.list":"Commande non disponible en librairie","pages.goodsForSale.sampleGraph":"Exemple de diagramme","pages.product.editParam":"Paramètres de type de coût supplémentaire","pages.product.detail":"Détail des marchandises","pages.product.billing":"Marchandises ouvrir une commande","pages.order.detail":"Détails de commande","pages.log.order":"Enregistrement des modifications de commande","pages.order.list":"Gestion des commandes","pages.auth.list":"Droits des employés","pages.product.brand":"La marque","pages.product.position":"Emplacement de l’entrepôt","pages.temporary.list":"Un entrepôt temporaire","pages.temporary.select":"Sélectionnez une position temporaire à transférer","pages.repair.lists":"Réparation et maintenance","pages.repair.detail":"Détails de la fiche d’acceptation de réparation et d’entretien","pages.repair.edit":"Modifier le formulaire d’acceptation de réparation et d’entretien","pages.consignmentDelivery.list":"Transmission par envoi","pages.consignmentDelivery.item":"Consignation transmission liste des marchandises","pages.lockingList.list":"Verrouiller une seule marchandise","pages.lockingList.detail":"Détails de la fiche de verrouillage","pages.delivery.list":"Gestion des expéditions","pages.inventory.list":"Inventaire des marchandises","pages.inventory.underway":"Liste des inventaires - en cours","pages.inventory.detail":"Détails de l’inventaire","pages.storageAge.list":"Alerte d’âge de stock","pages.payroll.lis":"Gestion des salaires","pages.payroll.detail":"Détail des commissions salariales","pages.inventory.temporaryWarehouse":"Sélectionnez une position temporaire à transférer","pages.inventory.warehouse":"Créer un inventaire d’entrepôt","pages.inventory.pledge":"Créer un inventaire de marchandises en gage","pages.inventory.position":"Choisissez l’emplacement de la marchandise inventaire","pages.keepAccounts.list":"Autres comptes comptables","pages.keepAccounts.edit":"Faites une note","pages.keepAccounts.detail":"Détails de facturation","pages.shopBill.lists":"Relevé de compte","pages.shopBill.edit":"Modifier votre relevé","pages.log.list":"Journal des opérations","pages.pledge.list":"Marchandises en gage","pages.employeeAuthority.edit":"Droits des employés","pages.dataAnalysis.list":"Analyse des données","pages.dataAnalysis.salesVolume":"Analyse des ventes","pages.dataAnalysis.recycle":"Analyse du recyclage","pages.dataAnalysis.assets":"Analyse des actifs","pages.dataAnalysis.additionalCost":"Analyse des coûts supplémentaires","pages.dataAnalysis.pledgedGoods":"Analyse des marchandises en gage","requestFail":"La demande a échoué","notInDomainList":"Pas dans la liste des domaines légitimes demandés","baseUrlError":"Erreur de requête d’interface, veuillez vérifier la configuration du paramètre VITE_APP_BASE_URL ou la configuration pseudo-statique","currency":"une","getSmsCode":"Obtenir le captcha","smsCodeChangeText":"Récupérer en quelques secondes","captchaTitle":"Veuillez compléter la vérification","confirm":"La confirmation","cancel":"La suppression des","save":"La conservation","delete":"supprimé","captchaPlaceholder":"Veuillez entrer le captcha","mobilePlaceholder":"Veuillez entrer votre numéro de mobile","mobileError":"Veuillez entrer le numéro de téléphone correct","codePlaceholder":"Veuillez entrer le code de vérification mobile","memberCenter":"Le centre personnel","userAgreement":"Accord de l’utilisateur","and":"et","privacyAgreement":"Accord de confidentialité","isAgreeTips":"Veuillez lire et accepter l’accord d’abord","nickname":"surnom","nicknamePlaceholder":"Veuillez entrer un surnom","headimg":"profil","headimgPlaceholder":"Veuillez définir votre avatar","getAvatarNickname":"Obtenez votre avatar nickname","getAvatarNicknameTips":"Obtenir les avatars des utilisateurs, les surnoms pour améliorer les profils. Il est principalement utilisé pour fournir aux utilisateurs une interface identifiable centrée sur l’utilisateur","mobile":"Téléphone portable non","getMobile":"Obtenir un numéro de téléphone","mobileTips":"Veuillez obtenir le numéro de téléphone portable","point":"intégration","balance":"Le solde","login":"connexion","bind":"Codes 02109020","binding":"Dans la liaison","bindMobile":"Lier le numéro de téléphone","agreeTips":"Veuillez lire et accepter","pleaseAgree":"Veuillez cocher que vous avez lu et accepté","weixinUserAuth":"Liaison en un clic","mobileQuickLogin":"Numéro de téléphone connexion rapide","register":"l’enregistrement","complete":"L’achèvement du","close":"La fermeture","pay.orderInfo":"Informations sur commande","pay.confirmPay":"Confirmer le paiement","pay.payTitle":"Confirmez votre paiement","pay.notHavePayType":"Aucune méthode de paiement disponible","pay.notObtainedInfo":"Informations de paiement non obtenues","pay.paymentDocuments":"Ce document de paiement","pay.paySuccess":"Paiement effectué avec succès","pay.payFail":"Paiement échoué","pay.completePay":"Paiements effectués effectués","pay.incompletePay":"Paiements non effectués","pay.getting":"Obtenir les résultats de paiement en cours","myBalance":"Mon solde solde","myPoint":"Mes Points intégrés","customerService":"Contacter le service client","siteClose":"Le site est fermé","noSite":"Le site n’existe pas","scenic":"Les attractions","seeMore":"Voir plus de","way":"Les lignes","hotel":"Les hôtels","rise":"À compter de la","cardReserve":"Rendez-vous de projet","card":"Obtenir une carte secondaire","memberName":"Nom du membre","memberCode":"Code de membre","reserve":"rendez-vous","reserveSuccess":"Rendez-vous réussi avec","cardLink":"Sa carte","myLink":"mon","reserveBtn":"Aller à rush","cardBtn":"2","soldOut":"Vente,","unpaidOrder":"À payer","waitingOrder":"Pour être utilisé","remainOrder":"Déjà terminé avec","allOrder":"Pour toute commande","myOrder":"Mes Commandes ma commande","orderNo":"Numéro de commande","actualPayment":"Un paiement réel","orderClose":"Fermer une commande","orderFinish":"Confirmation de réception","orderDetail":"Pour de plus amples informations","wxPrivacyPopup.title":"Conseils de protection de la vie privée des utilisateurs","wxPrivacyPopup.descBefore":"Merci d’utiliser ce petit programme. Avant de l’utiliser, vous devez lire et accepter","wxPrivacyPopup.disagree":"Ne pas accepter","wxPrivacyPopup.agree":"Accepter et continuer","wxPrivacyPopup.contractName":"Directives de protection de la vie privée des utilisateurs","wxPrivacyPopup.disagreeDesc":"Ne pas accepter l’accord de confidentialité et ne pas pouvoir utiliser les fonctionnalités pertinentes","starLevel":"étoiles","star":"star","emptyAddress":"Pas d’adresse de livraison pour le moment. Veuillez d’abord créer une adresse","addAddress":"Nouvelle adresse de livraison","selectAddress":"Choisissez une adresse","coupon":"Le coupon","warehousingOfGoods":"Marchandises en stock","ownGoods":"Propres marchandises","consignmentGoods":"Envoi de marchandises","pledgedGoods":"Marchandises en gage","otherGoods":"Autres marchandises","maintenance":"Réparation et maintenance","merchandiseBilling":"Marchandises ouvrir une commande","inStockInvoice":"Ouvrir une commande chez vault merchandise","notInStockInvoice":"Commande non disponible en librairie","slogan":"Un logiciel de gestion de magasin de 2luxe qui vend","pages.language.title":"Changement de langue","form.require_tips_log":"* les informations sont obligatoires pour l’entreposage des marchandises","goods_category":"Classification des marchandises","goods_condition":"Marchandise en couleur","goods_image":"Photos des marchandises","form.goods_image_tips_log":"Téléchargez des images claires des marchandises qui aident à obtenir plus de trafic sur le salon en ligne! Aucun psoriasis, logo, ombres, etc.; Pas moins de 70% de largeur ou de hauteur de pixels efficaces. Télécharger jusqu’à 9 images","goods_attribute":"Propriétés des marchandises","goods_attribute_tips_log":"Les attributs des marchandises complètent l’information sur les marchandises et facilitent la recherche et le filtrage des marchandises","consignment_goods":"Envoi de marchandises","pawned_goods":"Marchandises en gage","others":"autres","tips_i_see":"Je l’ai compris","form.goods_sku_tips_log":"Fourni par le fournisseur ou le fabricant, est l’identification de chaque produit à la fin de la production ou de l’approvisionnement","form.goods_sku_placeholder":"Veuillez entrer le code hs","form.goods_code_tips_log":"Sont définis par les vendeurs eux-mêmes pour la gestion interne des stocks et des dossiers de vente","goods_sku":"Code des marchandises","goods_code":"Le codage indépendant","form.text_clear":"Un clic pour effacer","brand":"La marque","form.brand_select_placeholder":"Veuillez perdre pour choisir une marque","series":"série","form.series_select_placeholder":"Veuillez sélectionner la série","model":"Les modèles","form.model_select_placeholder":"Veuillez sélectionner le modèle","condition_new":"Tout neuf inutilisé","condition_used":"d’occasion","form.check_data":"Veuillez vérifier le formulaire","error.find_goods_empty":"Impossible de trouver un article à modifier","error.goods_id_require":"Veuillez sélectionner les articles à modifier","error.picture_cannot_be_empty":"L’image du produit ne peut pas être vide","error.select_edit_data":"Veuillez sélectionner les données modifiées","check_form_data":"Veuillez vérifier le formulaire","base.data.add":"Nouvelles données ajoutées","base.data.edit":"Éditer vos données","success":"Succès de l’opération","sex.male":"Les hommes","sex.female":"Les femmes","sex.secret":"La confidentialité","sex.other":"autres","sex.unknow":"general","product_warranty_card.have":"il","product_warranty_card.nothing":"sans","form.recycling_time_placeholder":"Veuillez sélectionner un temps de récupération","form.goods_tips.repetition":"Le conseil actuel existe déjà","form.goods_tips.required":"Veuillez entrer le contenu du conseil","form.goods_tips.tips":"Les conseils sont affichés uniquement sur la page de détail des marchandises d’entrepôt","form.input_clear":"Un clic pour effacer","goods_attribute.no_attachment":"Aucun accessoire disponible","goods_attribute.packaging_box":"Coffret d’emballage","goods_attribute.invoice":"La facture","goods_attribute.receipt":"Le récépissé","goods_attribute.warranty_card":"Carte de prestation de services","goods_attribute.certificate":"Le certificat","goods_cost.form.cost_name_required":"Veuillez sélectionner un type de coût","goods_cost.form.money_required":"Veuillez remplir le montant du coût","mvmt_type":"Type de mouvement","case_matl":"Matériau du cas","dial_dia":"Diamètre du cadran","matl":"Produits homogénéisés","sz":"Pieds inch","fit_sz":"Mètres mètres","form.placeholder_case_matl":"Veuillez entrer le matériau du boîtier","form.placeholder_dial_dia":"Veuillez entrer le diamètre du cadran","form.placeholder_matl":"Veuillez entrer le matériel","form.placeholder_sz":"Veuillez entrer les dimensions","form.placeholder_fit_sz":"Veuillez entrer la taille","form.placeholder_mvmt_type":"Veuillez entrer le type de mouvement","nothing":"sans","ALL":"La totalité des","BW":"montres-bracelets","ZB":"bijouterie","XX":"chaussures","FS":"vêtements","QT":"autres","PS":"accessoires","form.goods_unlock.tips":"Après déverrouillage, il sera libéré comme stock disponible","add_tips":"Ajouter un tip","unlock":"déverrouillage","form.goods_unlock.reason":"Veuillez saisir la raison du déverrouillage (facultatif)","input.add_tips.name":"Veuillez entrer le nom du conseil","all.employees.online":"Tous les employés en ligne","explain.on.sale":"Marchandises en vente","explain.warehouse":"Les entrepôts","explain.warehouse6":"2. Soutenez l’information prolongée de marchandises (toute) vue, telle que: codage indépendant, année de garantie de carte, information de remarque, temps de récupération, personne de récupération.","explain.warehouse0":"Opération complète d’entreposage des marchandises:","explain.warehouse3":"Opération facile d’entrepôt:","explain.warehouse4":"1. La page d’accueil prend en charge des opérations rapides telles que: ajouter des coûts supplémentaires, changer l’emplacement des marchandises, changer les évaluateurs, voir les journaux d’opérations, etc.","explain.warehouse5":"2. Soutenir la sélection des marchandises dans l’entrepôt, comme: type de recyclage, personne de recyclage, temps de recyclage, emplacement des marchandises, étiquette, etc.","explain.warehouse7":"3. Soutenez les statistiques de données d’entrepôt, telles que: sur les étagères aujourd’hui, téléchargé aujourd’hui, marchandises totales, coût et ainsi de suite.","explain.warehouse8":"4. Soutenez l’opération par lots, telle que: le partage par lots, l’impression par lots, la suppression par lots, l’édition par lots.","explain.warehouse9":"Opérations de marchandises:","explain.warehouse10":"1. Soutenez toutes les opérations de marchandises, telles que: édition, feuille de verrouillage, impression, cadre supérieur et inférieur.","explain.warehouse11":"2. Soutenez l’information prolongée de marchandises (toute) vue, telle que: codage indépendant, année de garantie de carte, information de remarque, temps de récupération, personne de récupération.","explain.order0":"La vente en magasin complète l’action d’ouverture de commande. Les commandes peuvent être visualisées dans la fonction de gestion des commandes.","explain.order1":"1. Voir toutes les données de vente du magasin pour voir les ventes passées du magasin, la marge brute, le nombre de ventes, le rendement annualisé, etc.","explain.order2":"Les ventes de magasins peuvent être analysées en fonction du type de recyclage, du type de commande, etc.","explain.order3":"Les fonctions de modification de commande, de retour, de partage et d’expédition peuvent être réalisées en modifiant la commande.","explain.order4":"2. Envoi de noeud","explain.order5":"Gérer les commandes de consignation, les comptes clients avec l’option de liquidation.","explain.order6":"3. Déjà retourné","explain.order7":"Soutenez toutes les commandes de retour, les raisons de retour, etc. pour voir.","explain.order":"Gestion des commandes","explain.lock":"Verrouiller une seule marchandise","form.payment_receipt_log":"Les graphiques de détail téléchargés peuvent toujours être utilisés pour la synchronisation sur des plateformes tierces telles que 95 cent, tik yin, etc. En même temps, ils peuvent être utilisés pour l’affichage entre pairs","form.payment_receipt_log0":"Oui non obligatoire pour les bons d’ouverture\/de verrouillage","form.payment_receipt_log1":"Peut être défini dans les paramètres du centre de réglage\/paramètres du magasin - verrouillage des bons d’ouverture de commande requis,","form.payment_receipt_log2":"Après avoir défini les champs obligatoires, vous devez télécharger [voucher] lors de l’ouverture ou du verrouillage de la prochaine commande.","go_to_settings":"Aller à settings","form.salesman.select":"Veuillez sélectionner un commercial","add.after_sales_service":"Ajouter une garantie après-vente personnalisée","input.after_sales_service":"Veuillez entrer votre garantie après-vente personnalisée (limitée à 10 mots)","tips.after_sales_service":"La garantie après-vente actuelle existe déjà","max_img_count9":"Ajouter jusqu’à 9 images","form.receipt_voucher":"Bon de collecte","form.remark":"remarques","input.remark":"Veuillez entrer un message de remarque (limité à 250 mots)","form.delivery_address":"Adresse de livraison","form.after_sales_service":"Garantie après vente","custom":"Personnalisé et personnalisé","input.delivery_address":"Par exemple: université du zhejiang, 866 yuhangtang road, district de xihu, hangzhou 13077584114, zhangsan (limité à 250 mots)","form.in_total":"total","tips.order_type":"Types de commandes","form.order_type.select":"Veuillez sélectionner un type de commande","error":"Échec de l’opération","out_of_stock":"Pas encore en stock","form.custodial_customer":"Hébergement du client","form.settlement":"Paragraphe nœuds","form.settlement.no":"Paiements non contractés","form.settlement.tips":"Détermination à effectuer des opérations de liquidation","copy":"La reproduction","form.original_take_home_price":"Prix original à la main","upload.settlement":"Veuillez télécharger le bon de paiement (facultatif)","form.settlement.remark":"Remarques sur le contrat","input.settlement.remark":"Veuillez entrer le message de noeud remarque","no_data":"Données non disponibles","error.transaction_time_is_incorrect":"Le type d’heure de requête est incorrect","register_account":"Enregistrer un compte","input.certificate_name.tips":"Veuillez entrer votre vrai nom","form.email":"La boîte aux lettres","input.email.tips":"Veuillez entrer votre email","form.password":"Les mots de passe","input.password.tips":"Veuillez entrer le code","form.confirm_password":"Confirmer le mot de passe","input.confirm_password.tips":"Veuillez entrer le mot de passe à nouveau","input.confirm_password.tips2":"Deux mots de passe incohérents","form.code":"Code de vérification","input.code.tips":"Veuillez entrer le code de vérification email","get.code":"Obtenir le captcha","try_again_in_seconds":"Réessayer dans quelques secondes","form.invitation_code":"Référence (facultatif)","input.invitation_code.tips":"Veuillez entrer l’id de référence ou le numéro de magasin","register_btn":"l’enregistrement","go_login":"Aller au login","input.effective_email.tips":"Veuillez entrer une adresse email valide","code_success":"Captcha envoyé avec succès","code_error":"Échec de l’envoi du captcha","account_exist":"Déjà un compte,","reset_password":"Changer votre mot de passe","form.old_password":"Ancien mot de passe","input.old_password.tips":"Veuillez entrer l’ancien mot de passe","confirm_edit":"Détermination des modifications","explain.inStock":"Ouvrir une commande chez vault merchandise","explain.onSale":"Marchandises en vente","pages.lockOrder.list":"Verrouiller une seule marchandise","pages.lockOrder.detail":"Détails de la fiche de verrouillage","explain.lock1":"1. Pour empêcher une marchandise de vendre deux, par exemple: wechat reçoit le dépôt pour garder les marchandises, pour éviter d’autres personnes de vendre encore.","explain.lock0":"La fonction unique de verrouillage est par l’intermédiaire de la plate-forme de vente ou de précommande des produits recommandés pour vous de verrouiller l’opération unique.","screen":"sélection","form.lock":"Confirmez la marchandise unique de verrouillage","form.lock.tips":"Après la feuille de verrouillage, la pièce de stock de la feuille de verrouillage ne peut pas être vendue par d’autres","form.salesman":"Personnel de vente","form.earnest":"Acompte (facultatif)","default0":"Ne pas remplir par défaut 0","form.voucher":"certificats","form.expected_transaction":"Transaction prévue (à remplir optionnellement)","input.address":"Veuillez entrer une adresse de livraison","form.lock_remark":"Remarques sur la fiche de verrouillage (facultatif)","input.lock_remark":"Veuillez entrer la fiche de verrouillage remarque","form.delivery_address.optional":"Adresse de livraison (optionnel)","form.lock_num":"Nombre de feuilles de verrouillage","default1":"Ne pas remplir le défaut est 1","saler_tools.pages.identify.lists.wait_pay":"À payer","saler_tools.pages.identify.lists.wait_supply":"À ajouter","saler_tools.pages.identify.lists.finish":"Déjà terminé avec","saler_tools.pages.identify.lists.cancel":"A été annulé","saler_tools.pages.identify.lists.identifying":"En cours d’évaluation","appraisal":"Identification et évaluation","appraisal0":"I. identification et évaluation","appraisal1":"1. Délai de vieillissement: 3-5 minutes pour produire des résultats pendant la période 10:00-22:00.","appraisal2":"2. Cycle: 300 évaluateurs qualifiés donnent continuellement les résultats dans les 72 heures.","appraisal3":"3. Coût: chaque utilisateur est libre trois fois. Les membres de la boutique 19,9 RMB\/fois, les non-membres 39,9 \/ fois.","appraisal4":"Ii. Identification de l’évaluateur","appraisal5":"1. Les évaluateurs sont invités à un audit via la plateforme (experts de la segmentation).","appraisal6":"2. Revenu de l’évaluateur d’estimation: 50% du revenu de la commande est attribué à l’évaluateur d’estimation qui a «le résultat d’estimation le plus rapide» et «le prix le plus élevé».","appraisal7":"Iii. Résultats des commandes","appraisal8":"Évaluation 1.picture: plus l’information est complète, plus le résultat est précis. Essayez de prendre - les points d’authenticité, les détails de couleur, les accessoires (petit billet, la carte de garantie, tout - l’emballage).","appraisal9":"2. Identification d’image: exactitude 99,4% (selon la partie visible de jugement de l’image), si le doute peut être envoyé au centre d’évaluation pour l’identification physique.","appraisal10":"3. Évaluation de l’image: le prix de récupération recommandé avec une grande probabilité est le prix de base du billet (valide pour 72h)","appraisal11":"Remarque: si la première place et la deuxième et troisième place sont plus grandes différences, il est recommandé de consulter le service à la clientèle d’abord pour savoir si la citation est incorrecte, pour éviter les pertes inutiles.","appraisal12":"Iv. Services de porte-bagages","appraisal13":"1. Charge: la commission de 2,5% pour les acheteurs de porte-bagages (jusqu’à 3000 plafonds), gratuite pour les vendeurs.","appraisal14":"2. Comment faire le commerce: contactez le service à la clientèle du luxe - sf au centre de contrôle de qualité du luxe - contrôle de qualité passé - les acheteurs de porte-à-faux battent le paiement.","appraisal15":"3. Nature de la transaction intermédiaire: afin de protéger les droits et intérêts des acheteurs et des vendeurs, pour éviter les «litiges réels et faux», «au couteau à la main» et d’autres situations.","identify0":"Regarde vraiment","identify1":"De l’image que vous prenez, le point d’évaluation soumis pour juger fondamentalement en conformité avec le processus de marque de «voir la vraie» conclusion.","identify2":"Regardez le congé","identify3":"De l’image que vous prenez, les points d’évaluation soumis pour juger les différentes parties du processus de marque a des différences, de \"voir faux\" conclusions.","identify4":"Impossible à voir","identify5":"De l’image que vous prenez, le point d’évaluation soumis, etc. en raison de l’angle de tir, de la lumière, etc., ne peut pas être déterminé, la conclusion \"ne peut pas être vu clairement\".","identify6":"Cette conclusion est à titre informatif seulement et n’a aucun effet juridique; En cas de désaccord, on peut choisir le \"centre d’évaluation du luxe\" pour l’identification physique.","identify":"Détails de commande","order_details":"Détails de commande","my_order":"Mes Commandes ma commande","place_order":"Publier une commande","appraisal_photo":"Évaluation des biens photo","appraisal_tips":"Téléchargez le diagramme clair des marchandises, l’identification et l’évaluation seront plus précises","upload_photos":"Télécharger une image","max_img_count50":"(télécharger jusqu’à 50 photos)","is_have_attachment":"Avec ou sans accessoires","multiple_choice":"DuoXuan","form.year":"année","select_year":"Veuillez sélectionner une année","form.product_info":"Informations sur marchandises","form.product_info.tips":"Veuillez décrire exactement la couleur de l’article avec les défauts, la citation sera plus précise.","form.product_info.placeholder":"Description détaillée du style, de la taille, de l’année, des accessoires, des imperfections et d’autres informations pour rendre la structure d’évaluation plus précise.","select_goods_category":"Veuillez sélectionner la classification des marchandises","input.goods_code":"Veuillez entrer le codage indépendant","i_agree":"J’ai lu et j’accepte","appraisal_notice":"Avis aux acheteurs identifiés et évalués","appraisal_expense":"Frais d’identification et d’évaluation","form.original_cost":"+ u’d","immediate_payment":"Payer immédiatement avec","years":"en","saler_tools.pages.identify.detail.goods_category":"La classification","saler_tools.pages.identify.detail.goods_category.tips":"Veuillez sélectionner une catégorie","saler_tools.pages.identify.add.goods_category":"La classification","saler_tools.pages.identify.add.goods_category.tips":"Veuillez sélectionner une catégorie","fold":"Rengainez vos","unfold":"l’ouverture","appraisal_appraiser":"Identifier les évaluateurs","appraisal_result":"Résultats de l’identification","appraisal_remark":"Évaluer évaluateur laisser un message","appraisal_explain":"Le résultat de cette évaluation est basé sur la partie visible de l’image fournie par l’utilisateur.","icon.home":"La page de couverture","icon.my":"mon","look_true":"Regarde vraiment","look_false":"Regardez le congé","look_unclear":"Impossible à voir","issue_appraisal":"Publier une évaluation d’évaluation","in_appraisal":"Identification évaluation en cours","end_appraisal":"Identification évaluation fermé","order_info":"Informations sur commande","order_no":"Numéro de commande","appraisal_money":"Identification valeur estimée montant","payer":"Payeur de","pay_time":"Temps de paiement","form.before_select_brand":"Veuillez d’abord sélectionner la marque","i_want_identification":"Je veux une évaluation","goods_detail":"Détail des marchandises","form.shop_name":"Nom du magasin","input.shop_name.tips":"Veuillez entrer le nom du magasin","shop_address":"Adresse du magasin","input.shop_address.tips":"Veuillez entrer l’adresse des détails du magasin","register_immediately":"Inscrivez-vous dès maintenant","share_img":"Partager la couverture","share_img.tips0":"Utilisé pour partager des applets de marchandises pour afficher,","share_img.tips1":"Une image avec le code shop image peut être téléchargée.","share_img.tips3":"Le rapport de longueur d’image recommandé est de 5:4","input.share_img":"Télécharger la couverture applet","wechat_friend":"Amis sur wechat","facebook":"facebook","goods_link":"Copier le lien","share_product":"Biens à partager","share_img.tips2":"Cliquez sur la gauche pour télécharger la couverture","batch_share":"Partager en vrac","batch_print":"Imprimer en vrac","batch_delete":"Supprimer en vrac","batch_edit":"Édition par lots","search_placeholder":"Recherche par nom commercial\/description\/remarque\/codage indépendant","item_show":"montre","item_hide":"cachée","all_info":"Toutes les informations","uploaded_today":"Téléchargé aujourd’hui","listed_today":"Disponible aujourd’hui","total_goods_count":"Total des marchandises","total_cost":"Le coût total","look_warehouse":"Voir les actifs d’entrepôt","form.count":"Le nombre de","form.take_home_price":"Prix de départ","form.peer_price":"Prix par pairs","form.agent_price":"Prix de l’agence","form.sale_price":"Prix de vente","form.location":"Position des marchandises","form.update_time":"Temps de mise à jour","pack_up_more":"Rangez plus de","see_more":"Voir plus de","form.initial_cost":"Le coût original","form.plus_total_cost":"Coût total supplémentaire","add":"L’addition de","form.inbound_time":"Temps de stockage","form.system_code":"Codage du système","alter":"La modification","form.recycling_name":"Personnel de recyclage","form.appraiser_name":"Les évaluateurs","add_public_price_information":"Informations complémentaires sur le prix public","look_log":"Voir le journal des opérations","no_goods":"Pas encore de produit","not_filled":"Ne pas remplir","form.recycling_time":"Temps de recyclage","OK":"déterminer","goods_total_initial_cost":"Coût total des marchandises","goods_plus_total_cost":"Coût total supplémentaire des marchandises","explain.own_goods":"Propre entrepôt de marchandises","explain.consignment_goods":"Entrepôt de marchandises de consignation","explain.pawned_goods":"Entrepôt de marchandises en gage","explain.others":"Autres entrepôts de marchandises","by_latest_update":"Presse dernière mise à jour","by_longest_update":"Par la plus ancienne mise à jour","by_latest_storage":"Presse en stock dernier","by_longest_storage":"Par stocké le plus longtemps","by_highest_price":"Top par prix","by_lowest_price":"Plus bas par prix","available":"Déjà sur l’étagère","select_all":"Aléatoire!","reverse":"Contre facultatif","select.appraiser_name":"Veuillez sélectionner un évaluateur","continuous_storage":"Stockage en continu","public_price_info.tips":"Sélectionnez le tableau de prix public pour remplir les paramètres de base","upload_ai":"(peut soutenir le téléchargement ou l’illustration générale d’ai)","NEW":"NEW","add_quality_pictures":"Ajouter des images de qualité","more_attractive":"Plus attrayant oh!","ai_result":"Résultats d’identification AI","public_price_info.tips1":"Le choix du tableau de prix public vous remplira automatiquement des informations de base sur les marchandises","public_price":"GongJia","more_public_price_img":"Voir plus de prix public","goods_video":"Vidéos de marchandises","goods_video.tips":"(la durée de la vidéo ne doit pas dépasser 60 secondes)","add_goods_video":"Ajouter des vidéos de marchandises","detail_drawing":"Carte des détails","including_defect_drawing":"(contient le diagramme des défauts, etc.)","look_sample_graph":"Voir un exemple de diagramme","max_img_count25":"Jusqu’à 25 images","goods_description":"Désignation des marchandises","goods_description.tips":"(la description détaillée permet aux utilisateurs de mieux connaître votre produit)","goods_description.placeholder":"Exemple: rolex plonger noir aqua ghost 1160 16 ans ensemble complet de marchandises dures chaudes, dégustation de bienvenue","intelligent_filling":"Paramètres de remplissage intelligents","intelligent_filling.tips":"Le système reconnaît le contenu de la description des marchandises, les paramètres de la marque de base des paramètres des marchandises de la série de modèles remplis","diy.goods_tips":"Conseils pour personnaliser","form.goods_name":"Le nom commercial","goods_description.placeholder1":"Si vous ne remplissez pas, les 50 premiers mots de la description de la marchandise sont automatiquement interceptés","form.guide_price":"Prix d’orientation officiel","input.guide_price":"Veuillez entrer le prix indicatif officiel","basic_parameter":"Paramètres de base","form.stock_count":"Quantité en stock","input.stock_count":"Veuillez entrer la quantité en stock","form.stock_count.tips":"L’enregistrement de la fiche de verrouillage sera effacé après la modification de l’inventaire","input.total_cost":"Veuillez entrer le coût total","form.additional_cost.tips":"Ajouter\/modifier des coûts supplémentaires","add_plus_total_cost":"Ajouter des coûts supplémentaires","select.goods_location":"Veuillez sélectionner un emplacement de marchandise","form.recycle_type":"Type de recyclage","diy_edit":"Personnaliser (modifier)","select.recycling_name":"Veuillez sélectionner recycleur","form.recycling_image":"Récupération remarque diagramme","form.recycling_image.tips":"(autorité de gestion d’entrepôt - entrepôt - voir le diagramme de remarque de récupération)","form.target_audience":"La foule applicable","form.goods_guarantee_card":"Carte de garantie pour marchandises","guarantee_card_or_code":"L’image de la carte de garantie ou le fond de photo codé indépendamment","privacy":"(pas d’affichage externe)","form.goods_tag":"l’étiquetage","form.goods_attachment":"Accessoires pour marchandises","max_add_img_count25":"(ajouter jusqu’à 25 images)","synchronization.tips":"Synchronisation des marchandises aux magasins associés et aux expositions en ligne","synchronization.tips1":"Conseil: les prix des pairs sont affichés dans les magasins affiliés et les expositions en ligne","save_and_up":"Sauvegarder et servir","save_and_down":"Sauvegarder et retirer","inbound_and_up":"Stockage et rangement","only_inbound":"Seulement en stock","add_location":"Ajouter un article emplacement","form.inbound":"stock","switch_grids":"Changer de grille","intelligent_screenshots":"Capture d’écran intelligente","forwarding":"transmission","one_click_download_graphics":"Télécharger des images en un clic","show_or_hide":"Afficher\/masquer","form.extended_info":"Informations étendues","form.category":"La classification","goods_operation_record":"Enregistrement des opérations de marchandises","look":"voir","form.system_code.tips":"Le codage est généré automatiquement par le système, avec l’unicité","look_custodial_customer":"Voir les clients hébergés","warranty_card_year":"Année de garantie","last_update":"Dernière mise à jour","form.uptate_name":"Renouveler le personnel","form.shelf_time":"Temps de stockage","form.inbound_name":"Personnel en entrepôt","form.inbound_source":"Source de stockage","iOS":"iOS","edit":"Rédacteur en chef","lock":"Serrures unique","toggle_location":"Changer de localisation","goods_down":"un","goods_up":"rayons","order_billing":"facturation","remove":"Le retrait","absence":"manquantes","existence":"La présence","redemption":"Le remboursement","total_take_home_price":"Prix total à la main","look_cost_changes":"Voir les changements de coûts","is_remove_goods":"Supprimer définitivement la marchandise?","is_goods_existence":"Déterminer que les marchandises existent?","is_goods_absence":"Vous êtes certain que l’article manque?","absence_count":"Quantité manquante","take_stock_remark":"Remarques sur l’inventaire","optional":"(à remplir au choix)","input.take_stock_remark":"Veuillez entrer une remarque d’inventaire. Exemple: emprunté pour une visite, pris pour une exposition, etc.","existence_count":"Nombre de présence","input.existence_count":"Veuillez entrer la quantité de présence","form.stock_count.tips1":"Il n’y a plus de stock disponible. Veuillez aller à la commande verrouillée pour ouvrir la commande","lock_bill":"Lock une commande ouverte","is_redemption_pledge":"Confirmation du rachat des marchandises en gage","input.is_redemption_pledge":"Veuillez entrer le prix d’échange ($)","definite_redemption":"Un rachat définitif","no_copy":"Pas de contenu copié pour l’instant","redemption_and_error":"Existe (mais la marchandise est mal localisée)","form.stock_count.tips2":"L’inventaire ne peut pas être inférieur à 0","inbound_success":"Marchandise sur les étagères avec succès","is_goods_down":"Déterminer la marchandise retirée?","goods_down_success":"Marchandises retirées avec succès","added":"A été ajouté","long_press_data":"(long tri par données réglable)","max_character6":"Entrez jusqu’à 6 caractères","editParam":"Paramètres de type de coût supplémentaire","search_brand_name":"Recherche par marque","search_series_name":"Recherche par nom de série","share_mini_program":"Partager la boutique petit programme","share_optional_goods":"Partager (sélectionner) biens","puzzle_making":"Création de puzzles","text_marking":"Production de textes","print_labels":"Imprimez vos étiquettes en un clic","location_inform1":"1, [emplacement des marchandises] les données et [entrepôt] les données restent synchronisées en temps réel","location_inform2":"2, lorsque les marchandises [ouvrir la commande \"et [supprimer\" après ne sera pas affiché dans la position des marchandises","no_distribution_location":"Marchandises de localisation non allouées","aggregate":"total","goods_pieces":"Pièce de marchandise","location.tips0":"L’emplacement des marchandises sera affiché dans la liste d’entrepôt, dans la liste de vente, peut être suivi en temps réel pour modifier l’emplacement des marchandises","location.tips1":"1. Position générale des marchandises par défaut du système: en route, dans le magasin, entretien et entretien.","location.tips2":"2. Créé selon les besoins réels des commerçants, tels que: bureau direct de montre, succursale de westlake, etc.","max_character10":"Entrez jusqu’à 10 caractères","confirm_delete_shipments":"Sûr de supprimer les informations d’expédition de l’article sélectionné?","sampleGraph":"Exemple de diagramme","batch_shift":"Transfert en lots","shift.tips0":"Retirer l’article de la liste sans affecter le stock réel","add_goods":"Ajouter un article","scan_add":"Code de balayage ajouté","h5_nonsupport":"Cette fonction n’est pas actuellement supportée par H5","agreement_not_exist":"Le protocole n’existe pas","add_personnel":"Ajouter une personne","add_time":"Ajouter un temps","temporary":"Un entrepôt temporaire","search_temporary":"Recherche par numéro d’entrepôt temporaire\/nom d’entrepôt temporaire","create_temporary":"Création de positions temporaires","goods_sold":"Marchandises vendues en","serial_number":"numéro","founder":"Le créateur","new_create_temporary":"Nouvel entrepôt temporaire","confirm_delete_temporary":"Suppression définitive des positions temporaires","temporary.tips0":"Entrepôts créés temporairement pour faciliter le regroupement temporaire des marchandises","temporary.tips1":"1. Application de partage de marchandises","temporary.tips2":"1,1 par exemple: entrepôt temporaire d’exposition, entrepôt temporaire d’approvisionnement en direct, entrepôt temporaire d’entretien et de conservation.","temporary.tips3":"1.2 soutien temporaire bung wechat applet partager","temporary.tips4":"2. Caractéristiques de stockage temporaire","temporary.tips5":"2.1 la présence simultanée de plusieurs positions temporaires sur un seul produit.","temporary.tips6":"2.2 rejoignez un entrepôt temporaire. La liste des entrepôts est toujours visible.","temporary.tips7":"2.3 les changements de marchandises n’affectent pas l’information sur les marchandises en stock d’origine.","temporary.tips8":"3. Ordre d’ouverture temporaire","temporary.tips9":"3.1 il y a une identification spéciale pour les ordres d’ouverture temporaires dans l’écran de gestion des ordres.","form.certificate_name":"Votre nom réel","input.currency_code.tips":"Veuillez sélectionner le système afficher le type de monnaie","input.currency_code.tips1":"Le type de devise utilisé, ne peut pas être modifié une fois sélectionné","currency_code":"Type de monnaie","today":"aujourd’hui","yesterday":"Hier,","this_week":"Cette semaine","this_month":"Ce mois-ci,","last_month":"Le mois dernier,","months":"le","days":"le","order_billing_count":"Nombre de commandes ouvertes","order_code":"Code de commande","order_status":"Statut de commande","settlement_status":"Statut des paiements","sales_time":"Heures de vente","billing_personnel":"Ouverture de commande personnes","billing_time":"Temps d’ouverture de commande","order_remark":"Remarques sur commande","sales_return":"De retour","alter_order":"Modifier une commande","confirm_sales_return":"Confirmer pour effectuer l’opération de retour?","sales_return.tips0":"Après le retour, l’article est remis en stock à la vente et déduit dans l’analyse de vente","input.sales_return_reason":"Veuillez saisir la raison de votre retour (facultatif)","confirm_delete_operation":"Confirmer pour effectuer l’opération de suppression?","delete.tips0":"La corbeille peut être vue après la suppression de la commande","input.delete_remark":"Veuillez entrer une remarque pour supprimer (facultatif)","sales_returnsales_return":"De retour","status":"l’état","delivery":"l’expéditeur","not_shipped":"Non expédié","shipped":"Déjà livré avec","returned_goods":"A été retourné","start_time":"Heure de début","end_time":"Temps de fin","quantity_sold":"La vente","sales_volume":"vente","gross_profit":"Bénéfice brut","gross_margin":"Taux brut","look_sales_volume":"Voir l’analyse des ventes","salesman":"La vente","form.order_type":"Types de commandes","balance_paid":"Paiements déjà clôturés","refunded":"Ont été remboursés","form.annual_rate":"annualisé","form.transaction_price":"Prix de vente","confirm_delete_select_order":"Sûr de supprimer la commande sélectionnée?","select_time":"Choisissez votre heure","by_lowest_annual":"Minimum par année","by_highest_annual":"Par année la plus élevée","by_latest_sales":"Par ventes récentes","by_longest_sales":"Vendu par le plus ancien","by_latest_delivery":"Par dernier expédié","by_longest_delivery":"Expédié par le plus long","delivery_name":"Personnes à expédier","delivery_time":"Délai de livraison","explain.delivery":"Gestion des expéditions","explain.delivery.tips0":"Les commandes de verrouillage, les commandes d’ouverture vont à l’interface de gestion des expéditions - en attente","explain.delivery.tips1":"1. Améliorer l’efficacité du magasin, le magasin peut définir des règles, par exemple: remplissez l’adresse de livraison, les ventes de plate-forme par défaut doivent être expédiées.","explain.delivery.tips2":"2. La livraison commode, a bâti sf AP1, prend en charge sf surface simple balayage code, entrée manuelle.","explain.delivery.tips3":"3. Enquête rapide, les commandes expédiées synchronisent les informations logistiques sf en temps réel, et soutiennent wechat un bouton pour partager les clients.","explain.delivery.tips4":"4. Les dossiers clairs, soutiennent la personne d’expédition, le dessin de fond d’expédition, le numéro de suivi sf et d’autres enquêtes d’information.","immediate_delivery":"Pour livraison immédiate","form.delivery_remark":"Remarques sur l’expédition","input.delivery_remark":"Veuillez entrer une remarque de livraison","search_delivery":"Recherche remarque\/nom de l’article\/numéro de commande","employee_auth":"Droits des employés","input.employee_auth.search":"Veuillez entrer le nom\/email de l’employé","operator":"opérateur","add_employee":"Ajouter un employé","employee_auth.tips0":"La vente en magasin complète l’action d’ouverture de commande. Les commandes peuvent être visualisées dans la fonction de gestion des commandes.","employee_auth.tips1":"1. Modèle d’identité: le système recommande trois modèles, qui peuvent être édités et modifiés par les marchands eux-mêmes.","employee_auth.tips2":"2. Les autorisations sensibles sont en rouge, ouverture discrète.","employee_auth.tips3":"3. Explication des autorisations sensibles","employee_auth.tips4":"3.1 prix de coût: ne peut pas être vu après avoir été mis dans l’entrepôt sans autorisation, si la bibliothèque a une demande de visualisation, ouvrir avec prudence.","employee_auth.tips5":"3.2 prix par les pairs: selon la division réelle du travail du magasin, attribution raisonnable de l’autorité.","employee_auth.tips6":"3.3 vue des clients hébergés: vue des informations des clients sur les marchandises expédiées.","employee_auth.tips7":"3.4 suppression permanente: fonction dans la corbeille, unique à l’opérateur suggéré.","employee_auth.tips9":"3.6 marchandises supprimées: les marchandises du magasin sont supprimées, les droits sensibles sont ouverts discrètement.","employee_auth.tips10":"3,7 modifiez l’ordre: il peut éditer les informations telles que la garantie après-vente du prix de transaction de l’ordre et ouvrir discrètement.","employee_auth.tips11":"3.8 suppression d’ordres: proposition exclusive aux opérateurs","employee_auth.tips12":"3,9 autorité du personnel: avec cette autorité, vous pouvez augmenter ou diminuer les paramètres de l’autorité de vous-même et d’autres personnes, ouvrir prudemment.","employee_auth.tips13":"3.10 effacer les données du magasin: définir le centre - paramètres de magasin - un clic pour effacer, y compris les commandes, les messages, les factures, les salaires, etc., ne peut pas être récupéré.","enabled":"A été activé","disabled":"A été désactivé","edit_employee":"Modifier les droits des employés","form.account":"Le compte","input.employee_auth":"Veuillez entrer le numéro de téléphone de l’employé\/email","form.name":"Le nom","input.name":"Veuillez entrer votre nom","form.role":"l’identité","select.role":"Veuillez sélectionner une identité","create_salary":"Créer un salaire","create_salary.tips0":"Créer ce salaire d’employé après avoir activé le bouton, qui peut être vu dans la gestion de la paie","enabling_accounts":"Activer le compte","enabling_accounts.tips":"Il est recommandé de désactiver cette option si l’employé quitte","set_auth":"Définir les autorisations","set_auth.tips0":"Le bouton ouvert peut placer l’autorité","update_and_save":"La mise à jour de ce module d’identité affecte uniquement les droits par défaut pour les nouveaux utilisateurs, et n’affecte pas les droits des utilisateurs qui utilisent cette identité historiquement","left_slide_delete_role":"Balayez vers la gauche pour supprimer l’identité","add_role":"Ajouter une identité","input.role_name":"Veuillez entrer un nom d’identité","unable_edit_super_admin":"Impossible d’éditer le super-administrateur","add_success":"Ajouté avec succès","add_error":"Échec de l’ajout","delete_success":"Supprimé avec succès","delete_error":"Suppression échouée","save_timeout":"Délai de sauvegarde expiré","save_success":"Sauvé avec succès","save_auth_set_success":"Autorisation d’enregistrement définie avec succès","save_auth_set_error":"Échec de l’enregistrement des paramètres d’autorisation","update":"Mise à jour","shop_manager":"Délégués syndicaux","auth_and_save":"Permissions et économies","appc.ALL":"La totalité des","appc.BW":"Tableau sectionnés","appc.ZB":"bijouterie","appc.XB":"Fabrication d’articles de voyage","appc.PS":"accessoires","appc.XX":"chaussures","appc.FS":"vêtements","appc.QT":"autres","switch_stores_success":"Changer de magasin avec succès","new_shop_register":"Inscription nouvelle boutique","immediate_switch":"Basculer instantanément","immediate_register":"Inscrivez-vous dès maintenant","immediate_new_shop":"Ouverture immédiate du magasin","expiration":"échéance","today_billing":"Commande ouverte aujourd’hui","online_expo":"Exposition en ligne","peer_group":"Cercle de pairs","goods_sold_out":"La marchandise a été retirée","peer_price":"Prix par pairs","online_exhibition":"Exposition en ligne","online_exhibition.tips1":"Marchandises: 800 000 pièces de stock en temps réel à prix fixe, taux en temps réel de 95%.","online_exhibition.tips2":"Produits de la page d’accueil: derniers articles sur les étagères, produits réduits de plus de 100 RMB (prix le plus bas 45 jours).","online_exhibition.tips3":"Recherche textuelle: plus le mot-clé recherché est détaillé, plus les résultats sont précis. Pour moins de résultats, vous pouvez utiliser une recherche floue.","online_exhibition.tips4":"Recherche d’images: la recherche d’images ne montre qu’une partie des produits à prix public associés. Si les résultats sont moins nombreux, vous pouvez essayer une recherche de texte.","online_exhibition.tips5":"Un clic pour transférer: soutenez un clic pour télécharger des copies d’image pour transférer des moments d’amis.","online_exhibition.tips6":"Collection de marchandises: commode pour l’achat de main en vrac.","online_exhibition.tips7":"Achat: le commerce par les pairs peut être un petit couteau, la négociation des prix s’il vous plaît tendre.","online_exhibition.tips8":"Vendeurs: le luxe vend et stocke les marchands membres, la présence est vérifiée par la plate-forme.","online_exhibition.tips9":"Paiement hors ligne: le soutien pour voir les informations de contact du magasin, les transactions hors ligne sont risqué avant le commerce pour obtenir sa propre crédibilité.","online_exhibition.tips10":"Paiement en ligne: surveillance d’unionpay, réception de signature logistique 24h à la facture, commerce plus sûr.","online_exhibition.tips11":"Frais de service: 0,6% de frais de transaction, à la charge de l’acheteur.","online_exhibition.tips12":"Ouverture du portefeuille: my-platform authentification pour les opérations de paiement en ligne, identification des codes de recherche d’estimation, etc.","online_exhibition.tips13":"Portefeuille: frais de retrait de 0,6%, limite unique de 100 000 par mois sans plafond.","online_exhibition.tips14":"24h\/72h: la marchandise prend en charge l’opération de paiement intégral, s’il vous plaît confirmer une deuxième fois avec le vendeur.","online_exhibition.tips15":"Offre: après avoir fait une offre, le vendeur peut contacter directement l’acheteur.","online_exhibition.tips16":"Message push: liant le luxe public compte, quand la fidélité wechat push.","XB":"Fabrication d’articles de voyage","tabbar.bid":"Les offres","tabbar.collect":"Les collections","tabbar.product":"produits","agreed":"A été convenu","not_responded":"Absence de réponse","rejected":"A été refusé","each_other_agreed":"L’autre partie a donné son consentement","each_other_not_responded":"L’autre partie n’a pas répondu","each_other_rejected":"L’autre partie a refusé","you_have_agreed":"Vous avez donné votre consentement","you_have_not_responded":"Vous n’avez pas répondu","you_have_rejected":"Vous avez refusé","bid_search_placeholder":"Recherche par nom commercial","give_you_offer":"Faites votre offre","your_bid":"Votre offre pour","bidder":"soumissionnaire","counteroffer":"Le marchand","contact_TA":"Contacter TA avec","i_received_bid":"Offres que j’ai reçues","my_bid":"Mon offre sur","input.bid_price":"Veuillez entrer le prix de l’offre","his_bid":"De son offre","i_want_to":"Je veux le","input.bid_price.tips":"Le prix de l’offre ne peut pas être inférieur ou égal à 0","immediate_dicker":"Une offre immédiate","agree":"Le consentement","reject":"Le refus","pages.collect.lists.on_sale":"Marchandises en vigueur","pages.collect.lists.sold_out":"Marchandise hors service","form.real_name":"Votre nom réel","input.real_name.tips":"Veuillez entrer votre vrai nom","hot_search_price":"Hot vérifier le prix","explore_now":"Explorez dès maintenant","historical_check":"Historique vérifier le prix","popular_brand":"Marques populaires par","public_price_inquiry":"Demande de prix public","public_price_detail":"Détails du prix public","counter_price":"Prix par cabinet","market_data":"Données sur les prix","market_average_price":"Offre prix moyen","market_near_90day_price":"Prix sur les derniers 90 jours","public_price_detail.tips0":"La source de données est le prix d’affichage des marchandises d’exposition en ligne, le prix est affecté par les années de couleur et d’autres facteurs, pour référence seulement","info":"l’information","error_feedback":"Il y a de faux commentaires","public_price_inquiry_feedback":"Prix public enquête feedback","input.model":"Veuillez entrer le numéro de modèle","input.counter_price":"Veuillez entrer le prix du comptoir","content_supplement":"Supplément de contenu","input.content":"S’il vous plaît entrer le supplément","public_price_inquiry_feedback.tips0":"Télécharger 【 capture d’écran valide 】 peut faire le problème en priorité trouvé oh ~","send":"l’envoi","maintenance_search":"Recherche par nom de police\/codage indépendant\/mot clé","repair":"maintenance","service_cost":"Coût des services","charge_amount":"Montant des charges","perfect_singular":"Compléter le singulier","actual_cost":"Le coût réel","actual_charge":"Les charges réelles","diamond_setting":"diamants","maintenance.tips0":"Magasin pour les commandes commerciales de réparation et d’entretien","maintenance.tips1":"1. Soutenir la création des ordres de service, y compris le montant du service, le coût, le personnel de maintenance, le personnel de réception des ordres, les articles de service, etc.","maintenance.tips2":"2. Soutenez les services de réparation en cours, terminés et annulés. Soutenez l’édition, la vue, la sélection, le partage et d’autres opérations.","confirm_delete_select_receipt":"Supprimer définitivement la fiche d’admissibilité sélectionnée?","in_progress":"En cours de réalisation","completed":"Déjà terminé avec","cancelled":"A été annulé","by_latest_complete":"Par récemment terminé","by_longest_complete":"Appuyez sur le plus long terminé","by_latest_cancel":"Appuyez sur récent annuler","by_longest_cancel":"Appuyez sur le plus long pour annuler","maintenance_receipt_details":"Détails de la fiche d’acceptation d’entretien","share":"Le partage","maintenance_details":"Détails de réparation","extended_info":"Informations étendues","service_type":"Types de services","estimated_charge":"Montant estimé des charges","one_click_download":"Télécharger en un clic","service_personnel":"Personnel au service","order_taker":"Personnes recevant l’ordre","estimated_service_cost":"Coût estimé du service","creation_time":"Temps de création","creator":"Créer une personne","customer_info":"Informations pour clients","store_sharing":"Partager en magasin","store_sharing.tips1":"Autoriser à voir la boutique tous les articles en vente","is_show_detail_drawing":"Montrer le diagramme de détail oui non","prices_shown_sharing":"Prix affichés lors du partage","set_applet_cover":"Définir la couverture applet","add_maintenance_receipt.tips1":"Avec * les informations sont obligatoires, si les personnes dans la commande actuelle ne sont pas en mesure de répondre aux besoins de votre entreprise, disponible à","add_maintenance_receipt.tips2":"[type de gestion du personnel de réparation et d’entretien]","add_maintenance_receipt.tips3":"Ajouter à","input.goods_name50":"Veuillez entrer le nom commercial (50 mots)","service_type_multiple_choice":"Type de service (plusieurs options possibles)","input.estimated_charge0":"Veuillez entrer le coût requis pour le service. Ne pas remplir par défaut 0","service_personnel_select":"Veuillez sélectionner le service personnel","order_taker_select":"Veuillez sélectionner une personne de réception","remark_placeholder":"Exemple: le mouvement est endommagé et doit être retourné à l’usine pour réparation, la durée est d’un demi-mois...","confirm_creation_service":"Confirmer la création du service","show_all_employees":"Afficher tout le personnel","add_costom_service_type":"Ajouter un type de service personnalisé","input.add_costom_service_type10":"Veuillez entrer un type de service personnalisé (limité à 10 mots)","add_service_cost":"Coût des nouveaux services","maintenance_content":"Contenu de réparation","input.maintenance_content":"Veuillez entrer la réparation","input.service_cost":"Veuillez entrer le coût du service","buying":"achat","uploading":"En cours de chargement","edit.repair":"Modifier le formulaire d’acceptation de réparation et d’entretien","add.repair":"Nouveau formulaire d’acceptation de réparation et d’entretien","my_big_brand":"Mon grand nom","peers_looking_for_goods1000":"1000+ confrères à la recherche de marchandises","all_brand":"Toutes les marques","latest_release":"Derniers sur les tablettes","unit":"pièces","release_style_requirements":"Publier la demande de style","new_recommendations_daily":"Nouvelles recommandations quotidiennes","one_click_inbound":"Stockage en un clic","my_container":"Mon conteneur mon conteneur","goods_on_sale":"Produits déjà vendus","goods_being_sold":"Marchandises en vente","share_log":"Partager un record","share_log.tip0":"Le curseur gauche peut être supprimé. Ce lien de partage ne sera plus valide après la suppression de l’enregistrement de partage","share_choice":"Partager la sélection","show_prices":"Afficher les prix","sharer":"Partager par personne","contact_information":"Contact contact contact","shop_card":"Carte de magasin","by_latest_repair":"Par la dernière réparation","by_longest_repair":"Selon la plus longue réparation","cancel_order":"Annuler une commande","cancael_reason":"Motif de l’annulation","input.cancel_order":"Veuillez saisir la raison de l’annulation","input.actual_amount":"Veuillez entrer le montant réel","complete_service":"Complétez votre service","actual_amount":"Le montant réel","input.actual_charge":"Veuillez entrer le montant réel facturé","input.actual_cost":"Veuillez entrer le coût réel","product.edit":"Editeur de marchandises","open_vip":"Ouvrir une adhésion","online_exhibition_vip":"Exposition en ligne VIP (acheter)","open_vip.tip0":"Devenez membre et profitez des services VIP exclusifs.","open_vip.tip1":"1w+ utilisateurs ont ouvert VIP","open_vip.tip2":"Ouverture de l’exposition en ligne VIP","vip":"Dans les états membres","vip_exclusive_privilege":"VIP exclusif super privilège","more_privileges":"Encore plus de privilèges","pay_after_discount":"Paiement réel après l’offre","open_immediately":"Pour ouverture immédiate","member_service_agreement":"Accord de services aux membres","sales_and_inventory":"Vente et stockage","data_analysis":"Analyse des données","pc_back_end":"Arrière-plan côté PC","online_exhibition_sellers":"Vendeur d’exposition en ligne","small_program_store":"Boutique de petits programmes","multi_platform_synchronization":"Synchronisation sur plusieurs plateformes","appraisal_and_valuation":"Identification et évaluation","not_available":"Non sur étagère","identify_order":"Identification et évaluation des commandes","deleting":"Supprimer en cours","logout":"Déconnexion du login","loading":"Chargement en cours","confirm_to_agree":"Confirmer le consentement?","confirm_to_reject":"Confirmer un refus?","saler_tools.pages.base.share.shop.total_cost":"Prix de revient","saler_tools.pages.base.share.shop.peer_price":"Prix par pairs","saler_tools.pages.base.share.shop.agent_price":"Prix de l’agence","saler_tools.pages.base.share.shop.price":"Prix de vente","share_goods":"Biens à partager","share_shop":"Partager la boutique","saler_tools.pages.base.share.lists.total_cost":"Prix de revient","saler_tools.pages.base.share.lists.peer_price":"Prix par pairs","saler_tools.pages.base.share.lists.agent_price":"Prix de l’agence","saler_tools.pages.base.share.lists.price":"Prix de vente","pages.message":"Le message","pages.my":"mon","pages.collect":"Les collections","pages.work":"console","pages.home":"La page de couverture","version":"La version actuelle","user_agreement":"Accord de l’utilisateur","service_agreement":"Contrat de service","privacy_policy":"Accord de confidentialité","operate":"opérations","settlement_price":"Prix de clôture","selected_goods":"Articles déjà sélectionnés","goods_transferred_out":"Transfert de marchandises","one_click_clear":"Vider en un clic","confirm_one_click_clear":"Confirmez un clic pour vider?","confirm_delete_select_goods":"Confirmer supprimer les articles sélectionnés?","add_to":"Ajouter à","commodity_inventory":"Inventaire des marchandises","commodity_inventory.tip0":"Si l’inventaire est terminé, pensez à cliquer sur [terminé] oh ~","inventory_code":"Inventaire non.","requested_goods":"Marchandise à vendre","ordered_goods":"Marchandises déjà servies","existing_goods":"Marchandise de présence","missing_goods":"Marchandises manquantes","inventory_checker":"Inventaire des personnes","create_inventory":"Créer un inventaire des marchandises","commodity_inventory.top0":"Les marchandises prennent en charge l’inventaire de plusieurs façons","commodity_inventory.top1":"1. Inventaire d’entrepôt","commodity_inventory.top2":"2. Inventaire provisoire","commodity_inventory.top3":"3. Inventaire des marchandises en gage","commodity_inventory.top4":"4. Inventaire des positions des marchandises","commodity_inventory.top5":"5. Inventaire de code de balayage de soutien: les marchandises doivent être accroché bien l’étiquette de code qr à l’avance","you_will_delete":"Vous allez supprimer","you_will_complete":"Vous allez compléter","select_inventory_type":"Choisissez le type d’inventaire","inventory_store":"Inventaire de l’entrepôt","inventory_temp_store":"Inventaire provisoire des positions","inventory_pawned_goods":"Inventaire des marchandises en gage","inventory_watch_location":"Inventaire des positions des marchandises","own_goods":"Propres marchandises","select.inventory_name":"Veuillez sélectionner inventaire personne","form.inventory_name":"Inventaire des personnes","createSuccess":"Créer le succès","create":"La création de","inventory.tip1":"Sélection des propriétés des marchandises à inventorier","inventory.tip2":"Sélectionnez la classification des marchandises à inventorier. Si vous ne remplissez pas, tous sont par défaut","inventory_name":"Nom de l’inventaire","input.inventory_name":"Veuillez entrer un nom d’inventaire","select.temp_inventory":"Choisir un inventaire temporaire","select.watch_location":"Choisissez l’emplacement de la marchandise inventaire","inventory":"l’inventaire","inventory_lists_completed":"Liste d’inventaire - terminé","inventory_lists_underway":"Liste des inventaires - en cours","modify_inventory_status":"Modifier l’état de l’inventaire","not_counted":"Pas d’inventaire","counted":"Sur l’inventaire","check_form":"Veuillez vérifier le formulaire","not_found":"Aucune donnée trouvée","form.work_name":"Les fonctions","input.work_name.tips":"Veuillez entrer vos responsabilités","select.principal":"Veuillez sélectionner responsable","form.principal":"Responsable de","form.weacht":"Micro et signal","input.weacht.tips":"Veuillez entrer un signal micro","form.whats_up":"whats up","input.whats_up.tips":"Veuillez entrer whats up","form.mobile":"Téléphone portable non","input.mobile.tips":"Veuillez entrer votre numéro de téléphone","add.contact":"Nouveaux contacts ajoutés","edit.contact":"Editer un contact","contact_way":"Contact contact contact","confirm_delete_contact":"Confirmer la suppression de ce contact?","select_type":"Sélectionnez un type","add_type":"Ajouter un type","selected_type":"Le type a été sélectionné","amount":"Le montant de","input.amount":"Veuillez entrer un montant","image":"photo","max_img_count3":"Jusqu’à 3 images","original_total_cost":"Coût total original","parameter_error":"Paramètres incorrects","form.additional_total_cost":"Prix de revient total","input.order_billing_count":"Veuillez entrer le nombre de commandes ouvertes","transaction_price":"Prix de clôture","input.final_selling_price":"Veuillez entrer le prix de vente final","select_sales_time":"Choisissez l’heure de vente","order_type_setting":"Paramètres du type d’ordre","wait_deliver_goods":"À expédier","input.search":"Veuillez entrer le contenu de recherche","please_select":"Veuillez sélectionner un","price":"prix","cost_price":"Prix de revient","condition":"7","idle":"Inutilisé non utilisé","no_lock":"Fiche non verrouillée","select_employee":"Veuillez sélectionner employé","form.shop_name2":"Nom du magasin 2","please_setting_authority":"Veuillez activer le bouton [définir les autorisations] avant de définir les autorisations","input.authority":"Veuillez entrer le nom de l’autorité pour rechercher","marketing_poster":"Affiche de marketing","multiple_graphs_share":"Plusieurs graphiques à partager","product_share":"Partage des marchandises","consignment_delivery":"Transmission par envoi","consignment_delivery_lists":"Liste de transmission de consignation","switch_default_price.tip":"Après avoir changé le prix par défaut, le prix de règlement modifié sera remplacé par le prix proportionnel original sélectionné. Est-ce que cette opération est définitive?","settlement_price_default":"Le prix de règlement est par défaut","consignment_delivery.tip1":"Le propriétaire ramasse les marchandises dans l’entrepôt et attend que le destinataire les ramasse une fois la sélection terminée","claim_code":"Extrait le code","gross_merchandise_inventory":"Stock total de marchandises","gross_merchandise_valuation":"Valeur totale des biens","to_be_withdrawn":"À extraire","create_consignment_delivery":"Créer un envoi","consignment_delivery.tip2":"Entrez le code de ramassage dans la liste de transmission pour ramasser","claim_code_transfer_order":"Veuillez entrer le code de transfert à huit chiffres","extract":"extraction","consignment_delivery.tip3":"Effectuer la création d’un ordre de transfert de consignation, qui peut réaliser le transfert des photos et des détails des marchandises du magasin A au magasin B","consignment_delivery.tip4":"1. Expéditeur: créez la liste de transmission, vous pouvez rapidement sélectionner les marchandises de l’entrepôt, et soutenez le prix de règlement en utilisant le prix de vente, le prix de pairs, le prix d’agent, le prix de coût un claquement.","consignment_delivery.tip5":"2. Destinataire: entrez le code de retrait de l’expéditeur à 8 chiffres. Vous pouvez retirer les marchandises en un clic. Il suffit de terminer le prix dans l’entrepôt pour les vendre sur les étagères.","consignment_delivery.tip6":"La suppression de la liste d’envoi entraîne la vidange de la marchandise d’envoi du destinataire. Veuillez supprimer avec précaution!","receive":"La réception","shop_logo":"LOGO du magasin","shop_logo.tips":"Pour l’affichage d’exposition en ligne","shop_qr_code":"Boutique qr code","shop_registration_time":"Heure d’inscription au magasin","certificate_name":"Nom de certification","telephone":"Ligne téléphonique fixe","input.telephone":"Veuillez entrer un téléphone fixe","detailed_address":"Une adresse complète","phone_number":"Numéro de téléphone","input.phone_number":"Veuillez entrer le numéro de téléphone","shop_profile":"Boutique en bref","input.shop_profile":"Veuillez entrer le profil du magasin","unedited_state.tips":"Actuellement dans un état non édité. Veuillez cliquer sur le bouton ci-dessous pour changer de statut","shop_info":"Informations sur shop","setup_center":"Configurer le centre","personal_settings":"Un cadre personnel","personal_data":"Informations personnelles contact","avatar":"profil","shop_info.tips":"Boutique (LOGO, nom, région, adresse), télécharger la couverture applet","message_notification":"Notification des messages","message_notification.tips":"Messages de magasin, notifications d’amis, messages système, etc.","address_administration":"Gestion des adresses","account_association":"Association du compte","wechat_binding":"Liaison avec wechat","bound":"A été lié","cell_phone_number":"Numéro de téléphone","email_address":"Adresse courriel courriel","not_bound":"Non lié à","shop_parameter_setting":"Paramètres du magasin","lock_invoice_voucher_must_be_set":"Formulaire de verrouillage formulaire d’ouverture bon requis paramètres","online_exhibition_default_parameter_settings":"Paramètres par défaut pour l’exposition en ligne","maintenance_personnel_type_management":"Type de personnel de maintenance et de réparation","additional_cost_type_settings":"Paramètres de type de coût supplémentaire","shop_classification_management":"Gestion des catégories de magasins","order_type_management":"Gestion des types d’ordres","exhibition_location_management":"Gestion des lieux d’exposition","joint_venture_and_online_exhibition_setup":"Affiliation et mise en place d’exposition en ligne","the_selling_price_is_visible_to_fans":"Prix de vente visible pour les fans","peer_price_is_visible_to_fans":"Peer price visible pour les fans","blacklist":"Liste noire","contact_way.tips":"Modifier\/ajouter (contacts de magasin, employés de magasin)","upload_the_cover_of_affiliate_and_online_exhibition_shop":"Télécharger la couverture du magasin affilié et exposition en ligne","other_settings":"Les autres paramètres","about_us":"À propos de nous","check_version":"Vérifiez la version","current_version":"La version actuelle","personal_information_and_permissions":"Renseignements personnels et autorisations","third_party_information_sharing_list":"Liste de partage d’informations par des tiers","clear_cache":"Vider votre cache","register_shop":"Enregistrer votre boutique","storage_age_warning":"Alerte d’âge de stock","early_warning_record":"Enregistrement d’alerte rapide","storage_age_is_more_than":"Parc de plus de","storage_age_warning.tips1":"1. Selon les besoins du commerçant peut être sélectionné pour les attributs des marchandises, la classification des marchandises pour la période d’alerte et de rappel.","storage_age_warning.tips2":"2. Il peut rapidement récupérer les marchandises de longue durée de stockage pour l’ajustement des prix, l’analyse des stocks, les actions de vente, etc.","storage_age_warning.tips3":"3. Soutenir la sélection des marchandises par cycle d’âge de stock, partager et transférer pour promouvoir les ventes.","reminded_goods_count":"Total des articles rappelés","reminded_goods_value":"La valeur totale des marchandises a été rappelée","expired_reminder":"Rappel déjà passé","email_login":"Login par email","bind_mailbox":"Lier votre boîte mail","email":"Adresse courriel courriel","please_wait_a_minute":"Veuillez patienter une minute et réessayer","email_already_bind":"La boîte mail a été liée","is_email_login":"Email login activé oui non","personal_password":"Mon mot de passe","input.personal_password":"Veuillez entrer mon mot de passe","modify_success":"Modifié avec succès","image_type_error":"Seules les images au format jpeg, PNG sont autorisées","image_size_error":"La taille de l’image ne doit pas dépasser 2m","change_login_type":"Changer de login","wechatLogin":"Connexion à wechat","phoneLogin":"Login numéro de téléphone mobile","account":"Le compte","emailLogin":"Login par email","input.phone":"Veuillez entrer votre numéro de mobile","input.email":"Veuillez entrer votre email","input.wechat":"Veuillez entrer un signal micro","email_login_is_not_enabled":"Email login pas encore ouvert","logging_in":"Connexion en cours...","invalid_goods":"Marchandise hors service","on_sale_goods":"Marchandises en vente","detail_picture":"Photos des détails","synthesis":"intégrée","daily":"Le quotidien","monthly":"mensuel","sales_analysis":"Analyse des ventes","recovery_analysis":"Analyse du recyclage","asset_analysis":"Analyse des actifs","additional_cost_analysis":"Analyse des coûts supplémentaires","pledged_goods_analysis":"Analyse des marchandises en gage","data_analysis.tips":"Voir les données opérationnelles du magasin en temps réel","current_shop":"La boutique actuelle","order":"commandes","total_sales_volume":"Total des ventes","total_sales":"Total des ventes","profit":"Les bénéfices","total_returned_goods_units":"Total des retours (pièces)","total_returned_goods_money":"Total des retours ($)","return_profit":"Bénéfice des retours","total_amount_inbound":"Total en stock","total":"total","total_cost_inbound":"Coût total de stockage","money":"Les métadonnées","total_shelf_volume":"Total sur étagère","total_amount_lock":"Nombre total de blocs","product":"produits","settlement_total":"Total des règlements","settlement_total_sales":"Total des ventes réglées","settlement_total_cost":"Coût total du règlement","settlement_profit":"Bénéfice du règlement","only_additional_cost_goods_in_warehouse":"Compter seulement les frais supplémentaires pour les marchandises dans l’entrepôt (ne comprend pas les commandes ouvertes et les marchandises supprimées)","quantity_goods":"Quantité de marchandises","total_money":"Montant total total","proportion":"%","unit_a":"mois","agent_commission":"Commission de l’agence","strap_or_accessories":"Bracelets\/accessoires","courier_fee":"Frais de messagerie","Maintenance_and_washing":"Entretien lavage protection","type_of_additional_cost":"Types de coûts supplémentaires","click_landscape_to_view":"Cliquez sur paysage pour voir","attribute":"attributs","particulars":"La ventilation","cost":"Les coûts","gross_amount_cost":"Total des coûts","attribute_analysis":"Analyse des propriétés","category_analysis":"Analyse par catégorie","to":"à","quantity_pledged":"Nombre de garanties","total_amount_pledged":"Montant total en gage","redemption_quantity":"Nombre de rachats","pledge_leaderboard":"Placez le classement","total_cost_recovery":"Coût total de recouvrement","total_quantity_recovered":"Quantité totale récupérée","entry_details":"Accéder aux détails","sales_leaderboard":"Classement des ventes","tips":"rappel","single_sales":"Vente par personne","single_sales_tips":"Lorsque plusieurs vendeurs existent pour une commande, seul le premier vendeur est compté.","multiple_sales":"Vente de plusieurs","multiple_sales.tips":"Lorsque plusieurs vendeurs existent pour une commande, plusieurs noms sont comptés","cost_recovery":"Récupérer les coûts","recycle_and_sell":"Recyclé et vendu","sales_amount":"Volume des ventes","payroll_management":"Gestion des salaires","payroll":"Des traitements","swipe_left_to_delete":"Glissière à gauche supprimable","gross_salaries":"Salaire brut brut","other_time":"Autre temps disponible","to_be_issued":"À délivrer","salary_commission_details":"Détail des commissions salariales","select.employee":"Sélectionner un employé","date_on_board":"Date d’entrée en fonction","selective_need_statistics":"Sélection des propriétés des biens nécessitant une performance statistique","other_orders":"Pour toute autre commande","customer_orders":"Commande du client","friend_orders":"Commande de commerçant ami","agent_orders":"Commandes pour agents","test_control":"Test et contrôle","total_gross_profit":"Bénéfice brut total","total_cost_recovered_by_TA":"Total des coûts récupérés par TA","online":"La ligne","other":"autres","peer":"Les pairs","store":"Points de vente","general":"general","the_profits_generated_by_TA_recycling":"Bénéfices générés par TA recycling","profit_on_maintenance":"Marges de réparation et d’entretien","basic_salary":"minima","other_money":"Autres paiements effectués","sales_commission":"Commission des ventes","set_default_commission":"Définir une commission par défaut","sales_points":"Points de vente","option":"Le programme","gross_profit_points":"Marge brute point de retrait","commission_on_sales":"Commission sur le nombre de pièces vendues","recovery_commission":"Commission de recyclage","cost_recovery_points":"Récupération des points de levage des coûts","commission_on_unit_recovered_pieces":"Commission sur le nombre de pièces recyclées","TA_recycling_generated_profit_points":"Points de retrait de profit générés par TA recycling","maintenance_commission":"Commission de réparation et d’entretien","maintenance_profit_commission":"Commission sur les bénéfices d’entretien","click_fold":"Cliquez et rangez","click_unfold":"Cliquez pour agrandir","issued":"A été envoyé","await_issue":"À délivrer","issued_payroll":"Paiement des salaires","total_original_cost_of_recovered_goods":"Récupération du coût total original des marchandises","total_additional_cost_of_recovered_goods":"Marchandises récupérées coût total supplémentaire","sales_points.tips1":"1. Point de vente = montant de la vente de la commande * pourcentage de commission","sales_points.tips2":"2. Différents rapports de commission peuvent être définis pour différents types d’ordre","gross_profit_points.tips1":"1. Point de retrait de profit brut = (montant de la vente de la commande - montant du coût de la commande) * pourcentage de commission","gross_profit_points.tips2":"2. Différents rapports de commission peuvent être définis pour différents types d’ordre","commission_on_sales.tip1":"1. Nombre de points de vente = montant de la vente de la commande * pourcentage de commission","commission_on_sales.tip2":"2. Différents rapports de commission peuvent être définis pour différents types d’ordre","cost_recovery_points.tips1":"1. Coût récupéré = coût total des marchandises récupérées au cours du mois * pourcentage de commission","cost_recovery_points.tips2":"2. Différentes proportions de commission peuvent être définies pour différents types de recyclage","commission_on_unit_recovered_pieces.tips1":"1. Commission sur le nombre de pièces récupérées = nombre de pièces de marchandise récupérées au cours du mois * pourcentage de commission","commission_on_unit_recovered_pieces.tips2":"2. Différentes proportions de commission peuvent être définies pour différents types de recyclage","TA_recycling_generated_profit_points.tips1":"1. Point de retrait du bénéfice de la production de TA recyclé = bénéfice de TA recyclé après la vente des marchandises * pourcentage de la commission","TA_recycling_generated_profit_points.tips2":"2. Différentes proportions de commission peuvent être définies pour différents types de recyclage","maintenance_profit_points":"Réparation entretien profit lift point","maintenance_profit_points.tips1":"1. Bénéfice de réparation et d’entretien point de retrait de profit = bénéfice de réparation et d’entretien * pourcentage de commission","sales_commission_default_setting":"Commission des ventes paramètres par défaut","reclaim_commission_default_setting":"Recyclage commission paramètres par défaut","reclaim_profits_from_production":"Points de retrait rentables pour la production de recyclage","comfirm_save_payroll_particulars":"Confirmer que les détails de salaire mensuels de l’employé sont sauvegardés?","confirm_save":"Confirmer pour sauvegarder","comfirm_issue_payroll":"Confirmer le versement du salaire mensuel de l’employé?","confirm_issue":"Confirmation de délivrance","general_percentage_of_commission":"Pour les marchandises et les commandes dont le type de recyclage n’a pas été sélectionné, le pourcentage de [générique] est utilisé par défaut","issued_payroll_not_editable":"Salaire versé et non modifiable","other_keep_accounts":"Autres comptes comptables","all_categories":"Toutes les catégories","expenditure":"Les dépenses","income":"Les recettes","write_down":"Faites une note","other_keep_accounts.tips1":"Enregistrez les dépenses des entreprises non recyclées. Il est facile de voir les dépenses supplémentaires et les revenus du mois en cours ou de l’historique. Par exemple: loyer, électricité et électricité, découverte d’exposition, etc.","all_staff":"Tout le personnel","billing_details":"Détails de facturation","type":"type","manual_creation":"Créé par artificiel","serial_numbers":"Numéro de série","associated_order_number":"Numéro de commande associé","occurrence_date":"Date de l’événement","amount_of_expenditure":"Montant des dépenses","fill_amount":"Remplissez le montant","selective_classification":"Choisissez une classification","select_date":"Sélectionnez une date","input.remark50":"Veuillez entrer un message de remarque (limité à 50 mots)","add_costom_classification":"Ajouter une classification personnalisée","input.costom_classification10":"Veuillez entrer une classification personnalisée (limité à 10 mots)","maintenance_fees":"Frais de maintenance","exhibition_fees":"Cotisations aux expositions","total_deposit":"Total du dépôt","exp_trans_price":"Total estimé de la transaction","earnest_money":"l’acompte","expected_transaction":"Prévisions de clôture","total_original_cost_of_goods":"Coût total original des marchandises","additional_cost_of_goods":"Coût additionnel des marchandises","by_latest_lock":"Par ordre de verrouillage récent","by_longest_lock":"Commande par la plus longue serrure","by_highest_earnest_money":"Selon le dépôt le plus élevé","by_lowest_earnest_money":"Selon le dépôt minimum","lock_details":"Détails de la fiche de verrouillage","lock_record":"Enregistrement de la feuille de verrouillage","view_product_details":"Voir les détails de l’article","deposit_payment":"Paiement de l’acompte","last_updated_time":"Dernière mise à jour","lock_remark":"Remarques sur la fiche de verrouillage","ticket_holder":"Verrouillage individuel personne","lockout_time":"Temps de commande de verrouillage","quantity_of_ticket":"Nombre de feuilles de verrouillage","unlock_success":"Débloquer le succès","operation_log":"Journal des opérations","operating_personnel":"Les opérateurs","operation_module":"Le module opérationnel","operating_time":"Heures de fonctionnement","operation_content":"Contenu des opérations","operation_log.tips0":"Lien complet permettant de retracer les opérations liées aux employés, visualiser les opérations","all_modules":"Tous les modules","order_modification_record":"Enregistrement des modifications de commande","before_modification":"Avant la modification","after_modification":"Après modification","statement_of_account":"Relevé de compte","create_statement":"Créer un relevé","selected_product_attributes":"Propriétés des biens sélectionnés","total_cost_of_statement":"Total des factures","statement_of_account.tips1":"Créez le coût des marchandises et le montant en espèces à déclarer pour faciliter le personnel des finances pour voir les marchandises et le chiffre d’affaires de fonds pour le mois ou l’historique.","comfirm_delete_statement":"Confirmer la suppression de ce relevé?","have_deleted":"A été supprimé","select_statement_type":"Veuillez cocher le type de réconciliation","total_cost_of_goods":"Total du coût des marchandises","cash":"espèces","total_assets":"Total des actifs","cost_of_goods":"Coût des marchandises","due_funds":"Devrait être financé","sales_profit":"Bénéfices des ventes","service_profit":"Profit des services","other_income_and_expenditure":"Autres recettes et dépenses","payroll_expenses":"Dépenses de salaires","commodity_consignor":"Client des marchandises","pledged_price":"Prix en gage","call_price":"Rachat du prix","redemption_time":"Temps de rachat","total_inventory":"Stock total disponible","sold_count":"Vente,","usable":"disponible","warehouse_billing":"Ouverture de commande d’entrepôt","temporary_invoice":"Ordre d’ouverture temporaire","customerServiceTitle":"Vous êtes invités à nous contacter pour vos précieux commentaires!","quick_navigation":"Une navigation rapide","sign_out":"Pertes et profits","pages.member.sign_out":"Pertes et profits","comfirm_sign_out":"Détermination de la déconnexion","is_comfirm_sign_out":"La déconnexion est-elle définitive?","sign_out_success":"Déconnexion avec succès","logouting":"Déconnexion en cours...","captcha_error":"Code de vérification incorrect","captcha_expired":"Le captcha n’est plus valide","system_center":"Configuration du système","pages.product.add":"La publication","shop_apply_already_exist":"La boutique existe déjà","search":"recherche","not_yet_open":"Pas encore ouvert","ADD_ORDER":"À expédier","RETURN_ORDER":"De retour","LOCK_ORDER":"Serrures unique","FINISH_ORDER":"Finalisation de commande","select_show_price":"Sélectionnez le prix à afficher","diy_price":"Personnalisez votre prix","input.diy_price":"Veuillez entrer un prix personnalisé","select_goods_share":"Choisir un produit à partager","online_exhibition_cover":"Couverture d’exposition en ligne","cur_new_version":"Actuellement est déjà la dernière version","mini_program_cover":"Couverture de petits programmes","suggested_aspect_ratio_of_5:4":"Rapport d’aspect recommandé de 8:3","recycle_type_settings":"Réglage du type de recyclage","tag_settings":"Réglage des tags","download_images":"Télécharger les photos","copy_text":"Copier le texte","switch":"commutation","convenient_operation":"Facile à manipuler","download":"Le téléchargement","copy_success":"Copiez avec succès","save_loading":"En cours de conservation","noChat":"Conseils: vous n’avez pas de message de chat pour le moment. Commencez une discussion avec vos amis maintenant ~","reconnecting":"La connexion a été déconnectée, essayez de vous reconnecter...","delete_chat":"Supprimer ce chat","top_chat":"Top ce chat","appc.totol_cost":"Prix de revient","appc.customer_service":"Contacter le service client","appc.bid_search_placeholder":"Recherche par nom commercial","appc.condition_used":"d’occasion","appc.condition_new":"Tout neuf inutilisé","appc.sale_price":"Prix de vente","appc.price":"Prix de vente","appc.agent_price":"Prix de l’agence","appc.total_cost":"Prix de revient","appc.peer_price":"Prix par pairs","appc.copy_text":"Copier le texte","appc.download_images":"Télécharger les photos","appc.switch_grids":"Changer de grille","appc.switch_swiper":"Changer la roue","appc.product_detail":"Détail des marchandises","appc.product_info":"Informations sur marchandises","appc.goods_description":"Désignation des marchandises","appc.brand":"La marque","appc.series":"série","appc.model":"Les modèles","appc.copy":"La reproduction","appc.copy_success":"Copiez avec succès","appc.cancel":"La suppression des","appc.OK":"déterminer","appc.tips":"rappel","appc.download_tips":"Êtes-vous sûr de télécharger l’image dans l’album de votre téléphone?","appc.download_success":"Télécharger avec succès","unable_to_contact_oneself":"Incapacité à se contacter","goods_no_stock":"Stocks insuffisants de marchandises","my_shop":"Ma boutique en ligne","goods_image_be_empty":"L’image de la marchandise ne peut pas être vide","selected":"A choisi","query_price_max":"Le prix maximum","query_price_min":"Le plus bas prix","goods_lock_num_not_del":"La liste de verrouillage de la présence de marchandises ne peut pas être supprimée","transfer_to_temp_warehouse":"Transfert à l’entrepôt provisoire","QRCode":"Code qr","service_type_setting":"Configuration du type de service","product_position_setting":"Réglage de l’emplacement des marchandises","product_tips":"Conseils pour marchandises","select_at_least_one":"Veuillez sélectionner au moins un article","transaction_price_cannot_empty":"Le prix de clôture ne peut pas être vide","cannot_bid_on_myself":"Incapacité à enchérir sur ses propres biens","order_is_returneed":"La commande a été retournée","please_select_order":"Veuillez sélectionner une commande","please_input_price":"Veuillez sélectionner une commande","please_input_money":"Veuillez remplir le montant","pledge_time":"Durée d’expiration du gage","select_pledge_time":"Veuillez sélectionner pledge expire time","contact_info_of_client":"Contact du client","select_goods_attribute":"Veuillez sélectionner biens propriétés","goods_name_require":"Le nom commercial ne peut pas être vide","select_recycle_type":"Veuillez sélectionner un type de recyclage","select_expire_time":"Veuillez sélectionner pledge expire time","redeemed":"A été racheté","expired":"A expiré","not_redeemed":"Non échangé","delivery_status":"Statut de livraison","category_ids_not_empty":"La classification des marchandises ne peut pas être vide","bill_name":"Nom de facturation","input.bill_name":"Veuillez entrer un nom de facturation","total_revenue":"Total des recettes","my_qrcode":"Mon code qr","shop_not_available_im":"Le marchand n’a pas ouvert de messagerie instantanée","im.group":"Groupe de parler","im.loading_message":"Initialisation de la page, s’il vous plaît plus tard...","im.at_me":"[quelqu’un @moi]","im.at_all":"[@ tous les membres]","im.read":"A lire","im.unread":"Pas lire","im.read_count":"Les gens ont lu","im.just_now":"vient","im.minute_ago":"Quelques minutes avant","im.yesterday":"Hier,","im.online":"L’utilisateur est actuellement en ligne","im.send":"l’envoi","im.send_failed":"Échec de l’envoi","im.empty_message":"Impossible d’envoyer un message vide","im.text":"Le texte","im.image":"photo","im.voice":"vocale","im.video":"La vidéo","im.voice_call":"Les appels vocaux","im.video_call":"Un appel vidéo","im.push_off_line":"«Vous êtes connecté ailleurs et vous serez forcé d’être déconnecté»"}