{"storeID":"Art eines geschäftes.","expire":"Verderbnis.","warehousing":"Heute schon.","billing":"Heute fällig.","storeWallet":"Geschäften.","saveQRCode":"Mit der zweiten dimension","joinMember":"Neuzugang.","noviceGuide":"Der lehrling.","inviteFriends":"Freunde einladen.","inviter":"Ich habe den mann eingeladen","securityDeposit":"Nachschusssicherheit.","withdraw":"Überweisung.","commissionDetail":"Schnitt. Schnitt.","topUpDetails":"Die weiß bescheid","punishDetails":"Die strafe wird klar sein.","quickService":"Greifen sie zu.","personalReputation":"Private ehre.","transfer":"Meinen transfer.","auction":"Meine auktion.","deal":"Wir sind im geschäft","complaint":"Meine beschwerde.","like":"Meine note","collect":"Das sind alles zusammenstellungen.","bid":"Mein preis.","aboutPlatform":"Auf der plattform.","personalData":"Daten. - ho!","switchLanguage":"Neue sprachen tauschen.","experienceStoreVIP":"So probier doch mal den VIP","CNY":"Der yuan.","USD":"Der dollar","HKD":"Hongkonger dollar.","EUR":"In euros.","JPY":"Yen.","GBP":"Pfund!","AUD":"Beim melanchon.","RUB":"Der russische rubel","CAD":"Kanadischen dollar.","CHF":"Schweizer franken.","DKK":"Die krone?","NOK":"Kronen.","SEK":"Kronen.","NZD":"Neuseelands dollar","SGD":"3. Singapur","THB":"Der baht.","BRL":"Brasilianischer real.","MXN":"Mexikanisches geld.","saler_tools.pages.index.index":"luxur cener","saler_tools.pages.member.index":"Zentrale?","saler_tools.pages.inbound.index":"Mein Speicher.","saler_tools.pages.outbound.index":"Ausgegangen.","saler_tools.pages.warehouse.inStockInvoice":"Die bücherei wird bezahlt","saler_tools.pages.warehouse.notInStockInvoice":"Die bücherregale werden nicht abgeholt","saler_tools.pages.warehouse.sampleGraph":"Models.","pages.auth.login.logining":"Loggen sie ein.","pages.auth.login.usernamePlaceholder":"Bitte geben sie die kontonummer ein","pages.auth.login.passwordPlaceholder":"Code eingeben.","pages.auth.login.resetpwd":"Ich hab die kombination vergessen.","pages.auth.login.noAccount":"Es gibt noch keine konten","pages.auth.login.toRegister":"Zum anmelden.","pages.auth.login.agreeTips":"Wenn sie einloggen, ist das ihre zustimmung","pages.auth.login.isAgreeTips":"Bitte lesen sie zuerst und stimmen sie dem protokoll zu","pages.auth.login.mobilePlaceholder":"Geben sie eine handynummer ein","pages.auth.login.oneClicklogin":"Greifen sie zu!","pages.auth.login.accountLogin":"Das kontonummer eingegeben","pages.auth.login.accountLoginTip":"Gib die kontonummer und das passwort ein","pages.auth.login.accountLoginError":"Der händler hat das konto-passwort nicht eingegeben","pages.auth.login.mobileLogin":"Und loggen sie sich ein.","pages.auth.login.mobileLoginTip":"Geben sie die authentifizierungsnummer ein","pages.auth.login.mobileLoginError":"Der händler hatte seine handynummer nicht eingegeben","pages.index.close":"Der server ist gesperrt","pages.index.nosite":"Die seiten existieren nicht.","pages.index.develop":"Bau die umwelt","pages.article.list":"Welches wollen sie?","pages.article.detail":"Details zu den artikeln","pages.auth.index":"Einloggen.","pages.auth.agreement":"Ein deal.","pages.auth.bind":"Nimm das handy","pages.auth.login":"Einloggen.","pages.auth.register":"Eine liste ausfüllen.","pages.auth.resetpwd":"Hol den code zurück.","pages.member.account":"mitgliedschaft","pages.member.address":"Die adresse für den empfang.","pages.member.address_edit":"Editor tor adresse bearbeiten","pages.member.apply_cash_out":"Antrag auf zurückgebarung.","pages.member.balance":"Meine kontoübersicht","pages.member.point":"Meine punkte?","pages.member.point_detail":"Verdienste sammeln","pages.member.level":"mitgliedschaft","pages.member.sign_in":"Ich checke ab","pages.member.cash_out":"Du hast ein neues konto?","pages.member.cash_out_detail":"Einzelheiten, bitte.","pages.member.commission":"Meine provision?","pages.member.detailed_account":"Das wasser leuchtet klar","pages.member.personal":"Daten. - ho!","pages.member.contact":"Kellner.","pages.pay.browser":"Ist bezahlt.","pages.setting.index":"Und einstellung.","pages.verify.index":"Hauptquartier für nationale sicherheit","pages.verify.verify":"Für atomwaffen.","pages.verify.detail":"Hauptquartier der nationalen sicherheit","pages.verify.record":"Über nationale sicherheit.","pages.index.index":"luxur cener","pages.member.index":"Zentrale?","pages.product.inbound.list":"Mein Speicher.","pages.goodsForSale.list":"Es steht auf dem markt.","pages.product.notInStockInvoice.list":"Die bücherregale werden nicht abgeholt","pages.goodsForSale.sampleGraph":"Models.","pages.product.editParam":"Zusätzlicher kostentyp festlegen","pages.product.detail":"Details über Waren","pages.product.billing":"Rechnung nr. 1.","pages.order.detail":"Order bitte.","pages.log.order":"Protokolle ändern.","pages.order.list":"Auftragsmanagement -","pages.auth.list":"Zugang für mitarbeiter.","pages.product.brand":"branding","pages.product.position":"Lagerraum ortung.","pages.temporary.list":"Vorübergehend. Los.","pages.temporary.select":"Wählen sie den temporären transport","pages.repair.lists":"Wartungsarbeiten! Wartungsarbeiten!","pages.repair.detail":"Archivierung und dinner-angaben","pages.repair.edit":"Bearbeiten sie den vertrag für reparatur und wartung","pages.consignmentDelivery.list":"Senden und Senden.","pages.consignmentDelivery.item":"Liste der verschifften Waren","pages.lockingList.list":"Das reicht nicht!","pages.lockingList.detail":"Einzelheiten zum schloss","pages.delivery.list":"Bloße verwaltung","pages.inventory.list":"Inventur des Waren.","pages.inventory.underway":"Inventarliste - fertig","pages.inventory.detail":"Aufzeichnungen.","pages.storageAge.list":"Es ist ein kult-signal.","pages.payroll.lis":"Gehaltsmanagement - management","pages.payroll.detail":"Die Löhne werden in zahlen erfaßt","pages.inventory.temporaryWarehouse":"Wählen sie den temporären transport","pages.inventory.warehouse":"Legen sie eine inventur an.","pages.inventory.pledge":"Wenn das nicht der punkt ist, warum wir keine karriere haben","pages.inventory.position":"Wenn ich schwarze zahlen","pages.keepAccounts.list":"Rechnungen bearbeiten","pages.keepAccounts.edit":"Ein stift.","pages.keepAccounts.detail":"rechnungen","pages.shopBill.lists":"Die abrechnung.","pages.shopBill.edit":"Stimmen sie mit mir ab.","pages.log.list":"Captains, logbuch.","pages.pledge.list":"Die tauschware.","pages.employeeAuthority.edit":"Zugang für mitarbeiter.","pages.dataAnalysis.list":"Das ist eine datenanalyse.","pages.dataAnalysis.salesVolume":"Ich sage dir was:","pages.dataAnalysis.recycle":"Ich brauche eine rückholung.","pages.dataAnalysis.assets":"Analyse Von vermögenswerten","pages.dataAnalysis.additionalCost":"Eine zusätzliche kostenanalyse.","pages.dataAnalysis.pledgedGoods":"Das ziel: 'balance halten'","requestFail":"Bitte abgelehnt.","notInDomainList":"Keine der namen, die hier zu finden sind","baseUrlError":"Das email-signal wurde gelöscht. Bitte prüft die suche nach einem shoreprofil für die als stichwahl erforderlichen stichelessel Oder short base_einstellungen","currency":"finanzieren","getSmsCode":"Authentifizierungscode eingeben","smsCodeChangeText":"Sekunde, dann hol's dir wieder","captchaTitle":"Authentifizierung vollständig.","confirm":"Abschuss bestätigen.","cancel":"korrekt","save":"Intakt?","delete":"Löschen.","captchaPlaceholder":"Bitte geben sie die authentifizierungscodes ein","mobilePlaceholder":"Geben sie mir ihr handy","mobileError":"Bitte geben sie die korrekte handynummer ein","codePlaceholder":"Geben sie bitte die handybestätigung ein","memberCenter":"Eine zentrale.","userAgreement":"Eine vereinbarung.","and":"und","privacyAgreement":"Es ist ein datengeschäft.","isAgreeTips":"Bitte lesen sie zuerst und stimmen sie dem protokoll zu","nickname":"Ein spitzname.","nicknamePlaceholder":"Bitte geben sie ihren spitznamen ein","headimg":"Einen kopf.","headimgPlaceholder":"Bitte stellt den kopf auf","getAvatarNickname":"Besorgen sie ihren spitznamen","getAvatarNicknameTips":"Der zugriff auf eine benutzerbeschreibung Oder abgespitzte spitznamen zur verfeinerung der persönlichen daten dient vor allem dazu, dem benutzer eine benutzerabhängige, zentrale oberfläche zur verfügung zu stellen","mobile":"Das handy.","getMobile":"Hol das handy.","mobileTips":"Die handynummer, bitte","point":"verdienste","balance":"kontostand","login":"Einloggen.","bind":"Binde!","binding":"Ein bingo.","bindMobile":"Nimm das handy","agreeTips":"Lesen sie und stimmen sie zu","pleaseAgree":"Markieren sie bitte lesen und sprechen sie nach","weixinUserAuth":"Der schalter","mobileQuickLogin":"Handy 12, leichter einloggen","register":"Eine liste ausfüllen.","complete":"Weg!","close":"Noch näher.","pay.orderInfo":"Daten, daten.","pay.confirmPay":"Bestätige bezahlung.","pay.payTitle":"Bestätige zahlung.","pay.notHavePayType":"Es gibt keine zahlungsweise","pay.notObtainedInfo":"Keine informationen über zahlungen erhalten","pay.paymentDocuments":"Die dokumente zu bezahlen.","pay.paySuccess":"Rechnung ausgeführt.","pay.payFail":"Zahlung nicht möglich","pay.completePay":"Zahlung ausgeführt.","pay.incompletePay":"Nicht fertig, zahlen.","pay.getting":"Zahlungsergebnisse werden erzielt","myBalance":"Meine kontoübersicht","myPoint":"Meine punkte?","customerService":"Probieren sie den kundendienst.","siteClose":"Der server ist gesperrt","noSite":"Die seiten existieren nicht.","scenic":"Sehenswürdigkeiten.","seeMore":"Ich will mehr sehen.","way":"Leitung?","hotel":"Hotel.","rise":"an","cardReserve":"Ich habe einen termin für mein projekt.","card":"Mach die karte.","memberName":"mitgliedschaft","memberCode":"mitgliedschaft","reserve":"Die reservierungen?","reserveSuccess":"Reservierung bestätigt.","cardLink":"Subbed.","myLink":"Für mich.","reserveBtn":"Hol es dir sofort.","cardBtn":"Die akte.","soldOut":"Verkauft, unbekannt","unpaidOrder":"Noch zu zahlen.","waitingOrder":"In gebrauch","remainOrder":"Erfolgreich.","allOrder":"Alle bestellungen.","myOrder":"Meine bestellung.","orderNo":"Null.","actualPayment":"Bestätigt.","orderClose":"Beenden sie die bestellung.","orderFinish":"Bestätige empfang.","orderDetail":"Einzelheiten?","wxPrivacyPopup.title":"Hinweise zum datenschutz","wxPrivacyPopup.descBefore":"Danke, dass sie dieses kleine programm benutzt haben. Bevor sie es benutzen, sollen sie es lesen und erlauben","wxPrivacyPopup.descAfter":"Wenn sie auf \"ja\" klicken und fortfahren, zeigen sie, dass sie den inhalt verstanden und verstanden haben und dass er für sie verbindlich ist; Die funktion für nebenprogramme kann nicht weiter ausgeführt werden, wenn sie keine zustimmung geben","wxPrivacyPopup.disagree":"Die bedingungen sind unannehmbar.","wxPrivacyPopup.agree":"Nimm es an und fahre fort.","wxPrivacyPopup.contractName":"Leitlinien zum schutz der privatsphäre der nutzer","wxPrivacyPopup.disagreeDesc":"Unabhängig Von der privatsphäre kann die betreffende funktion nicht genutzt werden","starLevel":"Die sterne.","star":".","emptyAddress":"Die adresse wird zunächst festgelegt, bevor sie abgegeben wird","addAddress":"Geben sie eine neue adresse für empfang ein","selectAddress":"Wähle die adresse aus.","coupon":"Dame?","warehousingOfGoods":"Lagerung Von Waren","ownGoods":"Die händler","consignmentGoods":"Und verkauf.","pledgedGoods":"Die tauschware.","otherGoods":"Andere Waren","maintenance":"Wartungsarbeiten! Wartungsarbeiten!","merchandiseBilling":"Rechnung nr. 1.","inStockInvoice":"Die bücherei wird bezahlt","notInStockInvoice":"Die bücherregale werden nicht abgeholt","slogan":"Nämlich ein billiges restaurant mit allen Waren zu haben","pages.language.title":"Und wechseln","form.require_tips_log":"Nummeriert * informationen sind der wichtigste bestandteil der auslage eines handelsartikels","goods_category":"Die liste der Waren","goods_condition":"8. Kleid","goods_image":"Waren bildgut.","form.goods_image_tips_log":"Das hochladen klarer warenbilder und datenströme über ausstellungen erleichtern. A: nichts für truggerrtes, logo und schatten; Nur 9 bilder werden hochgeladen, maximal 70 prozent Oder 70 prozent gültige pixel","goods_attribute":"Beschaffenheit.","goods_attribute_tips_log":"Alle diese eigenschaften sind wichtig als ergänzung zu den informationen, die zur warensuche und -selektion beitragen","consignment_goods":"Und verkauf.","pawned_goods":"Die tauschware.","others":"Andere?","tips_i_see":"Ich hab's! Ich hab's!","form.goods_sku_tips_log":"Wird vom lieferanten Oder hersteller geliefert, ist jedes produkt an der seite zu identifizieren, die es produziert Oder liefert","form.goods_sku_placeholder":"Geben sie bitte den produktcode ein","form.goods_code_tips_log":"Es wird vom verkäufer selbst festgelegt und verwendet, um die internen bestände und die verkaufszahlen zu verwalten","goods_sku":"Eine handelscodes.","goods_code":"Verschlüsselte codes.","form.text_clear":"Und dann ist schluss.","brand":"branding","form.brand_select_placeholder":"Bitte, wählen sie ihre marke aus","series":"Panda.","form.series_select_placeholder":"Wählt eure bücher aus.","model":"Modell?","form.model_select_placeholder":"Bitte suchen sie ihr modell aus.","condition_new":"Aber noch nichts in betrieb.","condition_used":"Gebraucht.","form.check_data":"Prüfen sie das formular.","error.find_goods_empty":"Waren Waren nicht auffindbar, die bearbeitet werden mussten","error.goods_id_require":"Bitte wählen sie die ware aus, die bearbeitet werden muss","error.picture_cannot_be_empty":"Die produktbilder bleiben Leer","error.select_edit_data":"Bitte wählen sie die modifizierten daten aus","check_form_data":"Prüfen sie das formular.","base.data.add":"Daten hinzufügen.","base.data.edit":"Daten bearbeiten","success":"Operation erfolgreich.","sex.male":"männer","sex.female":"die","sex.secret":".. unter uns bleiben.","sex.other":"Saldo wird geprüft","sex.unknow":"Generisch.","product_warranty_card.have":"haben","product_warranty_card.nothing":"ohne","form.recycling_time_placeholder":"Bitte wählen sie den einzuladenen zeitpunkt aus","form.goods_tips.repetition":"Der inhalt ist bereits vorhanden","form.goods_tips.required":"Geben sie den inhalt des sticks ein","form.goods_tips.tips":"Alle hinweise in diesem artikel finden sie auf der rückseite \"warehouse\"","form.input_clear":"Und dann ist schluss.","goods_attribute.no_attachment":"Kein anhang.","goods_attribute.packaging_box":"Den kassenbon.","goods_attribute.invoice":"Quittung.","goods_attribute.receipt":"quittung","goods_attribute.warranty_card":"Schutz?","goods_attribute.certificate":"Zertifikat.","goods_cost.form.cost_name_required":"Bitte bestimmen sie den kostentyp","goods_cost.form.money_required":"Bitte geben sie die kostensumme ein","mvmt_type":"Typen im motorrad-bereich","case_matl":"Die hülle","dial_dia":"Durchmesser des ziffernscheins","matl":"Talente.","sz":"Ein meter.","fit_sz":"Lineal.","form.placeholder_case_matl":"Bitte geben sie eine scheinschale ein","form.placeholder_dial_dia":"Bitte geben sie den durchmesser des ziffernzeigers ein","form.placeholder_matl":"Bitte geben sie ein material ein","form.placeholder_sz":"Geben sie die größe ein.","form.placeholder_fit_sz":"Bitte geben sie größe ein","form.placeholder_mvmt_type":"Geben sie den kernsprengsatz ein","nothing":"ohne","ALL":"Das ganze glas.","form.goods_unlock.tips":"Nach freigabe der sperre werden die vorhandenen bestände freigelassen","add_tips":"Geben sie neue tipps.","unlock":"Öffne die verriegelung.","form.goods_unlock.reason":"Bitte geben sie einen grund zum entsperren ein (wählen sie den ausdruck)","input.add_tips.name":"Bitte geben sie einen namen ein","all.employees.online":"Gesamte linie.","explain.on.sale":"Es steht auf dem markt.","explain.warehouse":"Das lagerhaus.","explain.warehouse6":"2. Die erweiterung des rohstoffs unterstützen (alle) informationssuche, wie etwa die gesonderte kodierung, angaben zum jahr der card, angaben zum zeitplan der ernte, ablaufdatum, recycling der angehörigen.","explain.warehouse0":"Lagerraum fertigstellen:","explain.warehouse1":"1. Nur lagerraum: im rektionsprozess Von rohstoffen, die nicht zum verkauf angeboten werden, z. B. die Waren nicht im laden geliefert, nicht prüft Oder gewartet werden müssen","explain.warehouse3":"Frachtlager in gemüsesorten:","explain.warehouse4":"1.auf der titelseite unterstützt schnellläufe wie z. B. zusätzliche kosten, ändert die position der güter, ändert die forenzensor, überprüft die bedienungsanleitungen usw.","explain.warehouse5":"2.die auswahl Von lagerprodukten unterstützen: recycling, recycling, zeit der entsorgung, platzierung der güter, kennzeichnung usw.","explain.warehouse7":"3. Unterstützt warehouse-statistiken wie: heute im laden, heute hochladen, die gesamtzahl der Waren, die kosten usw.","explain.warehouse8":"4.einzelpersonen als einzelpersonen unterstützen: teilen, drucken, löschen und bearbeiten","explain.warehouse9":"Bedienen sie ware.","explain.warehouse10":"1. Alle Waren unterstützen: bearbeiten, ankreuzen, drucken, aufladen und ablegen","explain.warehouse11":"2. Die erweiterung des rohstoffs unterstützen (alle) informationssuche, wie etwa die gesonderte kodierung, angaben zum jahr der card, angaben zum zeitplan der ernte, ablaufdatum, recycling der angehörigen.","explain.on.sale0":"1. Lagerprodukte und regale nennen einen einkauf. Geben sie an, dass die ware verkäuflich ist. Das ladenpersonal kann den verkauf mit einer geste an einen freundeskreis weiterleiten.","explain.order0":"Die verkaufsausführung ist beendet. Die bestellung kann in der funktion auftragsverwaltung ausgeführt werden.","explain.order1":"1. Überprüfen sie alle verkaufsdaten im geschäft. Gucken sie ihren jüngsten umsatz, ihren umsatz, ihren umsatz, ihren jahresgewinn usw.","explain.order2":"Eine prüfung unterstützt die rückholart, den bestelltyp und die art der ausführung.","explain.order3":"Bestellung können bearbeitet, zurückgegeben, geteilt und verteilt werden durch bearbeiten der bestellung.","explain.order4":"2. Karten am markt","explain.order5":"Die versandaufträge und kundenstände werden mittels der festlegung der stammkunden geregelt.","explain.order6":"3. Die güter wurden zurückgegeben","explain.order7":"Unterstützt alle bestellungen für die erstattung und den grund für die erstattung usw.","explain.order":"Auftragsmanagement -","explain.lock":"Das reicht nicht!","form.payment_receipt_log":"Die details des hochlads werden schon jetzt für die synchronisierung anderer plattformen wie 95 punkte und bits und für die präsentation unter kollegen verwendet","form.payment_receipt_log0":"Quittung\/schlösser erforderlich erforderlich","form.payment_receipt_log1":"Sie können das eingabesymbol im zentrum\/geschäft festlegen - das zertifikat zertifikat ausgefüllt werden","form.payment_receipt_log2":"Wenn die einstellungen bereits ausgefüllt sind, werden sie beim nächsten mal das & guck-up - # -dokument laden","go_to_settings":"Ich bin an die docks unterwegs.","form.salesman.select":"Bitte suchen sie ihren vertreter aus","add.after_sales_service":"Und nimmt garantien zum verkauf auf","input.after_sales_service":"Ich sehe, dass sie nicht langsamer werden können.","tips.after_sales_service":"Dass regeln zum verkauf stehen","max_img_count9":"Höchstens neun fotos hinzufügen","form.receipt_voucher":"rechnungen","form.remark":"bemerkungen","input.remark":"Bemerkungen bitte geben sie angaben vor (knapp 250 wörter","form.delivery_address":"Die adresse für den empfang.","form.after_sales_service":"Ich sehe, dass sie nicht langsamer werden können.","custom":"Selbstdefiniert.","input.delivery_address":"Beispielsweise: in der stadt 130 7.7.84114 zhejiang in der provinz hangzhou in der westafrikanischen provinz hangzhou, die 866 zhejiang universität (130 zeichen)","form.in_total":"Gesamtansicht.","tips.order_type":"Art der bestellung","form.order_type.select":"Bitte wählen sie den auftragstyp aus","error":"Operation abgebrochen","out_of_stock":"Vorübergehende einstellung.","form.custodial_customer":"Kunden einstellen","form.settlement":"zahlen","form.settlement.no":"Zahlt sich nicht aus.","form.settlement.tips":"Legt fest, wie ihr die knoten lösen wollt","copy":"Kopie.","form.original_take_home_price":"Den originalpreis?","upload.settlement":"& entschlüsselungszertifikate # hochladen (wählen","form.settlement.remark":"bemerkungen","input.settlement.remark":"Bitte geben sie informationen zu den bemerkungen ein","no_data":"Eine vermutung nimmt man Von zeit zu zeit.","error.transaction_time_is_incorrect":"Die abfrage ist inkorrekt","register_account":"Die controller.","input.certificate_name.tips":"Bitte geben sie ihren richtigen namen ein","form.email":"Briefkasten.","input.email.tips":"Bitte geben sie ihren briefkasten ein.","form.password":"kennwort","input.password.tips":"Code eingeben.","form.confirm_password":"Passwort bestätigt.","input.confirm_password.tips":"Bitte geben sie ihr passwort nochmal ein","input.confirm_password.tips2":"Beide codes stimmen nicht überein","form.code":"Authentifizierungscode:","input.code.tips":"Bitte geben sie einen zugangscode ein","get.code":"Authentifizierungscode eingeben","try_again_in_seconds":"Sag es nochmal","form.invitation_code":"Zuständige person (auswählt)","input.invitation_code.tips":"Bitte geben sie die nummer des berechners Oder eines hauses ein","register_btn":"Eine liste ausfüllen.","go_login":"Loggen sie sich ein.","input.effective_email.tips":"Bitte geben sie eine gültige e-mail - adresse ein","code_success":"Authentifizierungscode bestätigt","code_error":"Authentifizierungscode nicht übertragen","account_exist":"Bereits existierende konten.","reset_password":"Codes ändern.","form.old_password":"Der alte code.","input.old_password.tips":"Bitte geben sie den alten code ein","confirm_edit":"Endgültige änderung.","explain.inStock":"Die bücherei wird bezahlt","explain.onSale":"Es steht auf dem markt.","pages.lockOrder.list":"Das reicht nicht!","pages.lockOrder.detail":"Einzelheiten zum schloss","explain.lock1":"1. Verhindern, dass eine ware zweimal verkauft wird, zum beispiel: mikronacks gegen zahlung eines anlages und verhindern, dass andere mitarbeiter den verkauf nicht noch einmal tätigen.","explain.lock0":"Die blockfunktion ist der verkauf eines Waren Oder die bestellung eines bestimmten produkts zur anwendung eines menüs.","screen":"Selektion.","form.lock":"Okay, diesmal das paket sichern","form.lock.tips":"Ein schloss darf nicht verkauft werden","form.salesman":"Verkäufer?","form.earnest":"Anzahlung gesucht","default0":"Ist die standardzahl nicht automatisch null","form.voucher":"ausweis","form.expected_transaction":"Wird hiermit ausgesucht.","input.address":"Bitte geben sie die anschrift ein","form.lock_remark":"Verfasserzeile (ausschreiben","input.lock_remark":"Bitte geben sie die bemerkungen ein","form.delivery_address.optional":"Adresse zum empfang (ausfüllen","form.lock_num":"Ein schloss. Nur eine nummer.","default1":"Ist die standardzahl nicht automatisch eins","saler_tools.pages.identify.lists.wait_pay":"Noch zu zahlen.","saler_tools.pages.identify.lists.wait_supply":"Wir kommen noch.","saler_tools.pages.identify.lists.finish":"Erfolgreich.","saler_tools.pages.identify.lists.cancel":"abgesagt","saler_tools.pages.identify.lists.identifying":"Geschätzter wert.","appraisal":"Geschätzter preis.","appraisal0":"1. Prüfung und begutachtung","appraisal1":"1. Verjährungszeit: 10:00 und 22:00 uhr uhr: resultat: 3.5 minuten.","appraisal2":"2. Zyklus: in 72 stunden werden 300 diagnostiker weiter befragt.","appraisal3":"3. Kosten: dreimal gratis, 19.9 dollar (in der geschäft) und 39.9 (in der mitgliedschaft) pro teilnehmer.","appraisal4":"Jetzt nicht. - okay, len","appraisal5":"1. Analyst müssen zur prüfung Von analytikern über eine plattform zur prüfung (experten für ausgewählte bereiche) eingeladen werden.","appraisal6":"2. Erträge für geografen: eine einigung Von 50% der einnahmen wird dem gezählt, der als der höchste preiswert für die runde berechnet wird.","appraisal7":"3. Ergebnis der bestellung","appraisal8":"1. Prüfung und analyse Von bildern: je umfassender die informationen, desto genauer das ergebnis. Möglichst viele punkte für die authentifizierung, farbdetails, anhang (kleingeld, versicherung, vollpackung).","appraisal9":"2. Lagebeurteilung: : 94% genauigkeit (abhängig Von bildern, welche ein teil des richtwertes sind), wie es möglich ist, vor ort unsicherheit zu erzeugen","appraisal10":"3. Bild schätzen: eine höhere wahrscheinlichkeit, den verkaufspreis zu erhöhen (7h berechtigt)","appraisal11":"Anmerkung: sind die unterschiede zwischen dem ersten und dem zweiten und den dritten stärker, empfiehlt es sich, die frage zu stellen, ob der kundendienst die falschen angebote annimmt, um unnötige verluste zu vermeiden.","appraisal12":"Moneyshot für sie. - moneyshot für sie","appraisal13":"1. Honorar: für den fahrer, der einen provision Von 2,5% (3.000 pills) erhält, zahlt der verkäufer gratis.","appraisal14":"2. Wie gehen wir damit um: kontaktieren sie mit der hilfs-lieferung mit zugriff auf das vergewaltigt-center dos. Testen sie es mit vollem zugang.","appraisal15":"3. Der charakter des makler: \"tatsächliche streitigkeiten\" Oder \"schwert in die hand\" werden vermieden, um den schutz des eigentums beider parteien zu gewährleisten.","identify0":"Sie jault.","identify1":"Die suchergebnisse aus den Von ihnen erstellten bildern und den vorgelegten punkten stimmen weitgehend mit der einschätzung der marke überein.","identify2":"Fake it.","identify3":"Das resultat der fälschungen, die anhand der Von ihnen gesammelten bilder und der eingabe Von punkten vorgenommen werden, ist eine überprüfung der marker nach lokalen angaben.","identify4":"Ich konnte es nicht klar erkennen.","identify5":"Das ergebnis sind die Von ihnen aufgenommenen bilder, die dapunkte, die wegen der kamerawinkel, der lichtverhältnisse und so weiter nicht bestimmt werden können","identify6":"Diese schlussfolgerung ist nur als hinweis und nicht rechtsgültig; Bestätigt man den einspruch, kann man sich bei der überprüfung des \"rapspaunbekannter identifizierungszentrum\" weiter bewerben.","identify":"Order bitte.","order_details":"Order bitte.","my_order":"Meine bestellung.","place_order":"Eine anforderung erteilen.","appraisal_photo":"Der begutachtung Von handelsfotos","appraisal_tips":"Das hochladen klarer rechnungen, um den genauen schätzwert zu ermitteln","upload_photos":"Bild hochladen.","max_img_count50":"Bis zu 50 bilder hochladen","is_have_attachment":"Gibt es ein anhang?","multiple_choice":"Kommt an die reihe.","form.year":"Jahr.","select_year":"Wählen sie das jahr aus!","form.product_info":"Eine rohstoff-information.","form.product_info.tips":"Bitte beschreiben sie die beschaffenheit und die mängel genau, und der preis wird zutreffenderer sein.","form.product_info.placeholder":"Detaillierte angaben zur struktur, größe, größe, zum jahr, zur verfügung und zur fehlerhaftigkeit: eine genaue bewertungsstruktur.","select_goods_category":"Bitte suchen sie die Waren nach kategorie aus","input.goods_code":"Gib den unabhängigen code ein","i_agree":"Ich hab's gelesen und zugestimmt","appraisal_notice":"Angebote für bieter","appraisal_expense":"Geschätzter preis.","form.original_cost":"1.150 zum ersten.","immediate_payment":"Sofortige zahlung.","years":"im","saler_tools.pages.identify.detail.goods_category":"Katalogisieren.","saler_tools.pages.identify.detail.goods_category.tips":"Bitte sortieren sie die liste aus.","saler_tools.pages.identify.add.goods_category":"Katalogisieren.","saler_tools.pages.identify.add.goods_category.tips":"Bitte sortieren sie die liste aus.","fold":"Zieh das weg.","unfold":"Ausrücken.","appraisal_appraiser":"Der schadensachverständiger","appraisal_result":"Wichtige ergebnisse?","appraisal_remark":"Der treueberater. Okay","appraisal_explain":"Das urteil der beurteilung beruht auf den angaben des benutzers","icon.home":"Die titelseite.","icon.my":"Für mich.","look_true":"Sie jault.","look_false":"Fake it.","look_unclear":"Ich konnte es nicht klar erkennen.","issue_appraisal":"Freigabe der bewertung?","in_appraisal":"Geschätzter wert.","end_appraisal":"Geschätzter preis:","order_info":"Daten, daten.","order_no":"Bestellnummer?","appraisal_money":"Der begutachtung festlegen.","payer":"bezahlung","pay_time":"Ich bezahle für zeit.","form.before_select_brand":"Dann wählen sie die marke aus","i_want_identification":"Ich lasse den schätzwert prüfen","goods_detail":"Details über Waren","form.shop_name":"Eine art ladengeschäft?","input.shop_name.tips":"Bitte geben sie einen ladennamen ein","shop_address":"Geschäftsadresse, bitte.","input.shop_address.tips":"Bitte geben sie die genaue wegbeschreibung ein","register_immediately":"Tragen sie sofort ein!","share_img":"Teilen sie den einband","share_img.tips0":"Der beim gruppenteilen ein anwendung findet,","share_img.tips1":"Ein bild eines code-ports kann hochgeladen werden.","share_img.tips3":"Sie empfiehlt, die länge der bilder 5:4 zu erhöhen","input.share_img":"Das cover eines kleinen programms wird hochgeladen","wechat_friend":"Einem freund Von wechat.","facebook":"facebook","goods_link":"Der kopierte link.","share_product":"Teil die ware.","share_img.tips2":"Klicken sie auf die linke seite, um das cover zu hochladen","batch_share":"Einen großen anteil.","batch_print":"Der massenproduktion.","batch_delete":"Das gerät löschen.","batch_edit":"bearbeitung","search_placeholder":"Es gibt auch einzelne eintragungen. Sucht einen artikel der kategorie\/beschreibung\/gesonderte kodierung","item_show":"Sicht.","item_hide":"Versteckt?","all_info":"Gesamte daten.","uploaded_today":"Lade es heute hoch.","listed_today":"Heute! Wir spielen!","total_goods_count":"Gesamtzahl der rohstoffe","total_cost":"Das kommt auf die rechnung.","look_warehouse":"Kontrolliere den lagerraum.","form.count":"Mengen.","form.take_home_price":"Erster preis?","form.peer_price":"Mir genauso viel.","form.agent_price":"Zu einem preis.","form.sale_price":"Zu unserem verkaufspreis.","form.location":"Sicht, position der ware.","form.update_time":"Aktualisiert die zeit!","pack_up_more":"Lasst noch mehr packen.","see_more":"Ich will mehr sehen.","form.initial_cost":"Originalkosten.","form.plus_total_cost":"Das ganze schnappen wir uns.","add":"Hinzufügen.","form.inbound_time":"Aufgelesen!","form.system_code":"Kodierung läuft.","alter":"Geändert?","form.recycling_name":"Recycling.","form.appraiser_name":"Identifizierte personen.","add_public_price_information":"Ergänzende informationen zum öffentlichen preis","look_log":"Kontrolliere logbuch","no_goods":"Vorübergehende sperrzone.","not_filled":"Nicht ausgefüllt","form.recycling_time":"Zeit zur recycling","OK":"Könnten?","goods_total_initial_cost":"rohstoffpreise","goods_plus_total_cost":"Die rechnung für die ware umfasst die bruttokosten","explain.own_goods":"händler","explain.consignment_goods":"Ein laden für Waren","explain.pawned_goods":"Das lagerhaus wird geplündert","explain.others":"Warehouse für andere güter","by_latest_update":"Aktuelle nachrichten.","by_longest_update":"Drücken sie die ultimative aktualisierung","by_latest_storage":"Drück die neue ausgabe ein","by_longest_storage":"Gib mir so lange ein, wie du brauchst","by_highest_price":"Höchstpreise, kein problem.","by_lowest_price":"Ja, das will ich.","available":"Laden und entsichern.","select_all":"Eine reine wahl.","reverse":"Konwählt.","select.appraiser_name":"Bitte wählen sie die spezialisten aus","continuous_storage":"Serientöser lagerraum.","public_price_info.tips":"Wählen sie ein medium, das die parameter als basislaire mit einbeziehen soll","upload_ai":"Das herunterladen Oder abbild kann unterstützt werden","NEW":"NEW","add_quality_pictures":"Hochwertige bilder hinzufügen","more_attractive":"Findest du sie nicht attraktiv?","ai_result":"Al hat die lösung gefunden.","public_price_info.tips1":"Wenn sie eine notekarte auswählen, wird diese informationen automatisch für sie wiederhergestellt","public_price":"Geschäftlich.","more_public_price_img":"Siehe die karten in erweitert","goods_video":"Ein produktvideo.","goods_video.tips":"Video darf nicht länger als 60 sekunden dauern.","add_goods_video":"Fügt produktvideo hinzu","detail_drawing":"Einzelheiten.","including_defect_drawing":"Mit ungültigen karten & etc","look_sample_graph":"Guck außerhalb des bereichs.","max_img_count25":"Höchstens 25 bilder","goods_description":"Mit der beschreibung.","goods_description.tips":"Detaillierte beschreibung hilft dem benutzer, ihr produkt besser zu verstehen","goods_description.placeholder":"Beispielsweise begrüßt man den namen rolex-seemann ghost 1160 jahre lang mit ganz besonderen hartprodukten","intelligent_filling":"Gefüllte parameter.","intelligent_filling.tips":"Das system füllt eine reihe Von markenmodellen der handelsparameter aus, indem es den inhalt der produktbeschreibungen erkennt","diy.goods_tips":"Das ist eine innenansicht","form.goods_name":"Handelsnamen, bitte.","goods_description.placeholder1":"In dem fall werden die ersten 50 worte der warentbeschreibung automatisch abgefangen","form.guide_price":"Amtlicher preis","input.guide_price":"Bitte geben sie den offiziellen preis ein","basic_parameter":"Grundparameter. - sehr gut.","form.stock_count":"Inventarlisten.","input.stock_count":"Bitte nennen sie die inventarliste","form.stock_count.tips":"Nach änderungen des inventar werden die manifest der aufzeichnungen gelöscht","input.total_cost":"Bitte geben sie die gesamtkosten ein","form.additional_cost.tips":"Zusätzlichen kosten hinzufügen\/modifizieren","add_plus_total_cost":"Zusätzlichen kosten hinzufügen","select.goods_location":"Bitte wählen sie die position der ware aus","form.recycle_type":"Art der rückholung","diy_edit":"Selbstdefiniert (bearbeiten","select.recycling_name":"Bitte wählen sie die rufnummer aus","form.recycling_image":"Die hälfte der siedlungen","form.recycling_image.tips":"(inventarverwaltungsrechte im warehouse - siehe spalte","form.target_audience":"\"Die bevölkerung.\"","form.goods_guarantee_card":"Bar.","guarantee_card_or_code":"Gelöschte bilder sind auf video","privacy":"Kein falsches bild","form.goods_tag":"Label.","form.goods_attachment":"handelsanhänge","max_add_img_count25":"Bis zu 25 bilder werden hinzugefügt","synchronization.tips":"Alle Waren an meinen geschäftspartner und geschäftspartner synchronisiert","synchronization.tips1":"Tipp: die wechselpreise zeigen an meinen geschäftspartner und vorgesetzten","save_and_up":"Halte dich fest und lass es hängen","save_and_down":"Rettet und setzt den rahmen","inbound_and_up":"Ladet ihn ein und legt ihn ins lager","only_inbound":"Nur im lagerhaus.","add_location":"Produktposition hinzufügen.","form.inbound":"Mein Speicher.","switch_grids":"Formation wechseln.","intelligent_screenshots":"Screenshot machen.","forwarding":"Kopieren.","one_click_download_graphics":"Die erste taste zum download","show_or_hide":"Anzeige\/ausblenden","form.extended_info":"Information anbauen.","form.category":"Katalogisieren.","goods_operation_record":"Unterlagen über die unternehmungen.","look":"Ich kontrolliere sie.","form.system_code.tips":"Es ist digital. Die kennung ist zwingend","look_custodial_customer":"Check your hosting account.","warranty_card_year":"Jahr der barkeeper","last_update":"Letzter aufruf.","form.uptate_name":"Aktualisierung.","form.shelf_time":"Zeit für den einlauf!","form.inbound_name":"Verpflegungsempfang.","form.inbound_source":"Unglaubliche quelle.","iOS":"iOS","edit":"Make up","lock":"Schloss.","toggle_location":"Position ändern!","goods_down":"Steig aus!","goods_up":"Beeilung!","order_billing":"Quittungen!","remove":"Entfernen.","absence":"Jean-luc?","existence":"\"Noch.\"","redemption":"Eine erlösung?","total_take_home_price":"Alles, was ich habe.","look_cost_changes":"Ich checke die kosten.","is_remove_goods":"Sicher, dass man die ware wegholt?","is_goods_existence":"Ob die ware da ist?","is_goods_absence":"Wahre warenknappheit?","absence_count":"Und es gibt keine anzahl.","take_stock_remark":"bemerkungen","optional":"(wählende karte)","input.take_stock_remark":"Bitte geben sie bemerkungen zu den bemerkungen ein. Z.b. : durch ausleihen gehalten, zum ausstellungsstück geführt und so weiter","existence_count":"Es gibt Mengen.","input.existence_count":"Bitte geben sie die nummer ein","form.stock_count.tips1":"Die inventarliste ist nicht mehr voll, bitte loggen sie die kasse ab","lock_bill":"Schloss öffnen","is_redemption_pledge":"Rückerstattung der anzahlung","input.is_redemption_pledge":"Bitte geben sie einen us dollar ein","definite_redemption":"Bestätigen sie eine rückerstattung.","no_copy":"Kopie wird nicht eingefügt","redemption_and_error":"Ja, aber die ware ist falsch platziert","form.stock_count.tips2":"Die vorräte liegen nicht unter null","inbound_success":"Die ware ist erfolgreich","is_goods_down":"Gehen sie bitte wieder raus?","goods_down_success":"Die ware ist durch den regler raus","added":"General hinzugefügt.","long_press_data":"Dateien können verstellbar sein","max_character6":"Geben sie höchstens 6 zeichen ein","editParam":"Zusätzlicher kostentyp festlegen","search_brand_name":"Suche nach dem markennamen:","search_series_name":"Name einer suchmaschine","share_mini_program":"Die einen kleinen laden laden","share_optional_goods":"Anteil (auswahl) an Waren","puzzle_making":"Zeichnungen.","text_marking":"Keinen text erstellen","print_labels":"Ein tastendruck auf eine karteikarte","location_inform1":"1. Die daten sind in echtzeit synchronisiert, und auch die daten einer lagerhalle","location_inform2":"2. Wenn güter nicht im bild gespeichert sind, werden sie nicht angezeigt","no_distribution_location":"Ein nicht verteilter artikel","aggregate":"Gesamtansicht.","goods_pieces":"Das war ein artikel.","location.tips0":"Die position der ware wird in der lagerhaus liste angezeigt, dort wird sie verkauft und kann die position der ware in echtzeit verfolgen","location.tips1":"1. Der standardzustand des systems: unterwegs, im laden, reparaturen und erhaltung","location.tips2":"2. Basierend auf dem, was unternehmen wirklich brauchen, z. B. kabelkanal, filialen im westsee usw.","location.tips3":"3. Der name einer ware kann nicht geändert werden, so dass sie immer nur in persoenlicher Lage liegt. 4. Die platzierung der artikel schnell bearbeiten: unterstützung beim zupacken, transport & etc","max_character10":"Geben sie höchstens 10 zeichen ein","confirm_delete_shipments":"Die sendung zu beenden? - ja.","sampleGraph":"Models.","batch_shift":"Beendet es.","shift.tips0":"A) die ware aus der liste zu entfernen, ohne den tatsächlichen bestand zu beeinträchtigen","add_goods":"8. Güterbestellung hinzufügen","scan_add":"Scan vervollständigt","h5_nonsupport":"H5 unterstützt diese funktion nicht Von kurzfristig","agreement_not_exist":"Das protokoll existiert nicht.","add_personnel":"Zusätzlichen personaleinsatz.","add_time":"Zeit hinzufügen","temporary":"Vorübergehend. Los.","search_temporary":"Durchsucht zwischenräume\/zwischenräume","create_temporary":"Schaffen sie den temporären raum.","goods_sold":"Verkauft.","serial_number":"Nummern.","founder":"Der gründer.","new_create_temporary":"Erbauen sie ein provisorisches lagerhaus.","confirm_delete_temporary":"Legt fest, die zwischenräume zu entfernen","temporary.tips0":"Eine temporäre lagerhalle, in die alle Waren temporär eingebunden werden können","temporary.tips1":"1. Anwendung nur für 2 güter teilen","temporary.tips2":"1.1 beispiel: vorübergehende ausstellungsräume, kostenlose fertigungen unmittelbar vor ort; reparaturen, ausbesserungsräume für zwischenräume.","temporary.tips3":"1,2 unterstützung für den austausch über einen temporären suchprogramm","temporary.tips4":"2. Charakter eines temporären lagerraums","temporary.tips5":"2.1 für einen artikel gibt es mehrere temporäre lagerräume.","temporary.tips6":"Schwarze zahlen sind nicht möglich. Die laderliste ist noch vorhanden.","temporary.tips7":"Die änderung der 2.3 hat keine auswirkungen auf die informationen über die einzelnen rohstoffe.","temporary.tips8":"3. Öffnung Von zwischenabgängen","temporary.tips9":"In 3.1 gibt eine spezielle bezeichnung in der grafie-schnittstelle Von bestellungen.","form.certificate_name":"Ihren echten.","input.currency_code.tips":"Bitte wählen sie das system aus, um den währungstyp anzuzeigen","input.currency_code.tips1":"Der verwendete geldtyp darf nicht geändert werden","currency_code":"In währungen","today":"heute","yesterday":"Gestern nacht","this_week":"Diese woche.","this_month":"Diesen monat.","last_month":"Letzten monat","months":"im","days":"vom","order_billing_count":"Pur pur!","order_code":"Codes.","order_status":"Status der bestellung","settlement_status":"Bezahlung festgelegt.","sales_time":"Zeit zum verkauf","billing_personnel":"Geld in sicht.","billing_time":"Beginnt mit einem liefertermin.","order_remark":"bemerkungen","sales_return":"(mann) schick die ware zurück.","alter_order":"Die bestellung ändern.","confirm_sales_return":"Bestätige rückholung?","sales_return.tips0":"Wenn die ware zurückgegeben wird, werden die Waren wieder hergestellt und nach bestandskontrollen abgezogen","input.sales_return_reason":"Bitte geben sie den rückstellgrund ein (wählen sie das feld)","confirm_delete_operation":"Lösch-vorgänge werden bestätigt.","delete.tips0":"Nach löschen der bestellung kann eine vorschau durchgeführt werden","input.delete_remark":"Bitte geben sie die spalte \"bemerkungen\" ein","sales_returnsales_return":"(mann) schick die ware zurück.","status":"Versetzen.","delivery":"Es ist ausgeliefert.","not_shipped":"Es ist nicht geliefert.","shipped":"Es ist ausgeliefert.","returned_goods":"Haben die zurückgegeben.","start_time":"Zeit zu starten.","end_time":"Die zeit ist um.","quantity_sold":"Verkauft.","sales_volume":"Umsatz.","gross_profit":"Profit Oder so.","gross_margin":"Komplette saat.","look_sales_volume":"Ich kontrolliere den umsatz.","salesman":"Verkauft.","form.order_type":"Art der bestellung","balance_paid":"Der rest ist abgeschlossen.","refunded":"Ich habe ihn zurückgeholt.","form.annual_rate":"Die jahre.","form.transaction_price":"Preis!","confirm_delete_select_order":"Bestätigt das löschen dieser bestellung?","select_time":"Ich wähle den tag.","by_lowest_annual":"Zum minimum pro jahr","by_highest_annual":"Maximal pro jahr","by_latest_sales":"Auf die neuesten verkaufszahlen!","by_longest_sales":"Ich verhandle mit dem ältesten","by_latest_delivery":"Es ist die nächste sendung!","by_longest_delivery":"Es ist die einfachste bestellung","delivery_name":"Die versandabteilung.","delivery_time":"Uhrzeit der sendung?","explain.delivery":"Bloße verwaltung","explain.delivery.tips0":"Ketten-bestellungen, bestellungen sind in der versand-schnittstelle zum verteilen der standby","explain.delivery.tips1":"1. Effizienzsteigerungen: es kann regeln festlegen, z. B. das ausfüllen der nachstelladresse, die weitergabe der standard-plattform ist zur weitergabe erforderlich.","explain.delivery.tips2":"2. Der bequemste block, bei AP1 ist in voller fahrt, unterstützt block-monogam und manuelle eingabe.","explain.delivery.tips3":"3. Schnelle rückfragen, versandaufträge synchronisieren die logistischen informationen in echtzeit und unterstützen den austausch mit einem tastendruck.","explain.delivery.tips4":"4. Es muss deutlich dokumentiert werden, wie man informationen zum akzeptierungsteam, zu akzeptierungspläne und zur hobannummern unterstützt.","immediate_delivery":"Das ist es sofort.","form.delivery_remark":"Die sendung","input.delivery_remark":"Bitte geben sie die sendung ein","search_delivery":"Es gibt bemerkungen zwischen bemerkungen","employee_auth":"Zugang für mitarbeiter.","input.employee_auth.search":"Bitte geben sie den namen des personals\/einen posteingang ein","operator":"In der hand?","add_employee":"Zusätzlichen personaleinsatz.","employee_auth.tips0":"Die verkaufsausführung ist beendet. Die bestellung kann in der funktion auftragsverwaltung ausgeführt werden.","employee_auth.tips1":"1. Identitätsmodels: das system empfiehlt drei modelle, die händler selbst bearbeiten und ändern können.","employee_auth.tips2":"2.sensible lntermität ist rote schrift. Vorsicht ist geboten.","employee_auth.tips3":"3. Die formulierung \"sensible kompetenzen","employee_auth.tips4":"3.1: keine berechtigungen in letzter zeit. Wenn ein lagerhaus nachschauen will, sind die vorratskanäle aktiv.","employee_auth.tips5":"Geben wir es an den 3,2 wechselpreis: die arbeitsteilung im geschäft untereinander gerecht verteilen.","employee_auth.tips6":"3.3 zugriff auf hosting\/kundenblick: auslagerungstyp und kundeninformationen.","employee_auth.tips7":"Wozu hat der geschäftsführer noch länger zeit? Nur noch 3,4 prozent endkasse.","employee_auth.tips8":"3. Änderungen des anpassungspreises: sind keine rechte änderungen möglich, ist ein teil der lagerleitung erforderlich und ist zurückhaltend eingerichtet (eine kostenveränderung kann durch zusätzliche kosten wie ernährung geschehen).","employee_auth.tips9":"3,6 % % sierte Waren: auslöschbare Waren aus dem geschäft wurden gelöscht; sensible angelegenheiten sind mit vorsicht zu beachten.","employee_auth.tips10":"Hebe die bestellung ab: daten können bearbeitet werden, die die bestellung zum verkauf erhalten.","employee_auth.tips11":"3.8 die bestellung löschen: der server ist exklusiv","employee_auth.tips12":"3,9 personal haben zugang: mit diesem zugang können sich und andere personen ihre vorrechte verringern und sind uneingeschränkt aktiv.","employee_auth.tips13":"W räumen die ladendaten: zentrum einrichten - alle parameter festlegen - mit einer taste löschen, in der bestellung, nachrichten, rechnungen, lohnzahlungen usw. nicht wiederhergestellt werden können.","enabled":"Wurde aktiviert.","disabled":"\"Keine strom mehr.\"","edit_employee":"Änderungen der mitarbeiterrechte","form.account":"Kontonummer.","input.employee_auth":"Bitte geben sie ihre handynummer Oder ihr e-mail-postfach ein","form.name":"Namen, bitte?","input.name":"Geben sie bitte ihren namen ein.","form.role":"Identitäten.","select.role":"Identifizieren sie sich selbst.","create_salary":"Du kreierst das gehalt","create_salary.tips0":"Nachdem der knopf aktiviert ist, erstellt man die persönliche vergütung des angestellten. Die auswertung der gehaltsverwaltung ist möglich","enabling_accounts":"Zugriff aktiviert.","enabling_accounts.tips":"Diese einstellung wird empfohlen, wenn das personal entlassen wird","set_auth":"Begrenzter zugang","set_auth.tips0":"Gültige einstellungen erlauben","update_and_save":"Durch die aktualisierung des identitätsmoduls können sich nur die standardrechte auf die neue identität auswirken, nicht aber die rechte der benutzer, die diese identität bereits vor einiger zeit verwendeten","left_slide_delete_role":"Nach links schieben, um die identität zu löschen","add_role":"Identität hinzufügen.","input.role_name":"Bitte geben sie den namen des mannes ein","unable_edit_super_admin":"Chefredakteurin kann nicht greifen","add_success":"Abbruch. Abbruch.","add_error":"Abbruch. Abbruch.","delete_success":"Löschen erfolgreich.","delete_error":"Löschen fehlgeschlagen","save_timeout":"Zeit speichern","save_success":"Erhaltung erfolgreich","save_auth_set_success":"Zugriff auf speichermedium gewährt","save_auth_set_error":"Fehler bei der speichern Von speichern","update":"Aktualisiert.","shop_manager":"Herr wirt!","auth_and_save":"Zugriff und erhaltung.","appc.ALL":"Das ganze glas.","switch_stores_success":"Erster wechsel, fertig.","new_shop_register":"Registrierung eines neuen geschäftes","immediate_switch":"Gleich wechsel.","immediate_register":"Tragen sie sofort ein!","immediate_new_shop":"Sofort aufmachen.","expiration":"Verderbnis.","today_billing":"Essen wir heute.","online_expo":"Auf einer linie.","peer_group":"Kreise bilden.","goods_sold_out":"Die ware ist aus den regalen gefallen","peer_price":"Mir genauso viel.","online_exhibition":"Auf einer linie.","online_exhibition.tips1":"Waren: 800 000 exemplare käuflich in echtzeit auf lager und erzeugen 95 prozent in echtzeit.","online_exhibition.tips2":"Titelseite: aktuelle Waren, um mehr als 100 yuan billiger zu haben (45-tage-mindestpreis).","online_exhibition.tips3":"Textsuche: je genauer die suchwörter werden, desto präziser ist das ergebnis und desto weniger lässt sich eine vage suche durchführen","online_exhibition.tips4":"Suche nach bild: eine bildsuche zeigt nur teile der angegebenen öffentlichen Waren. Ergebnis: eine textsuche kann dann durchgeführt werden","online_exhibition.tips5":"Ein tastendruck vorwärts: unterstützung eine taste zum herunterladen Von bildern, kopien Von texten und schicken sie den freundeskreis.","online_exhibition.tips6":"Sammlung: gut bezahlt, um güter in großen Mengen zu kaufen.","online_exhibition.tips7":"Einkaufen: kaufen sie ein messer, machete einen preis.","online_exhibition.tips8":"Verkäufer: wurde in allen restaurants verkauft und verkauft.","online_exhibition.tips9":"Schmiergeld: hinterlass die kontaktdaten zum geschäft, erwarte glaubwürdigkeit, wenn der handel nicht stattfindet.","online_exhibition.tips10":"Online-bezahlung: unionpay, logistik und 24h für rechnungen. Sicherer ist der handel.","online_exhibition.tips11":"Dienste: bei einer transaktion Von 0,6 % geht der käufer als täter unter.","online_exhibition.tips12":"Haben sie die brieftasche geöffnet? - meine plattform zur online-authentifizierung für online-dienste, analysen, codes und so weiter.","online_exhibition.tips13":"Die differenz: $0,6 % ist als gebühr erlaubt, bis zu 120.000 monate als deckung.","online_exhibition.tips14":"24h\/ 7h: thrombose-unterstützung volle zahlung, bitte bestätigen sie den verkäufer ein zweites mal.","online_exhibition.tips15":"Bieten: am preis kann sich der verkäufer direkt an den käufer wenden.","online_exhibition.tips16":"Die tipp: die namen der mitarbeiter wurden in ihrer datenbank vermerkt.","tabbar.bid":"Gebote zu geben.","tabbar.collect":"Sammle sie.","tabbar.product":"Handelswaren.","agreed":"Der kommandant hat zugestimmt.","not_responded":"Noch nicht geantwortet.","rejected":"Abgelehnt.","each_other_agreed":"Sie haben sich geeinigt.","each_other_not_responded":"Eine antwort fehlt.","each_other_rejected":"Sie haben abgelehnt.","you_have_agreed":"Das können wir absagen.","you_have_not_responded":"Sie haben noch nicht geantwortet.","you_have_rejected":"Du hast abgelehnt.","bid_search_placeholder":"Suche nach handelsnamen","give_you_offer":"Ich gebe dir ein angebot.","your_bid":"Ihr preis?","bidder":"Der bieter.","counteroffer":"Buchmacher.","contact_TA":"Verbinden sie mich mit TA.","i_received_bid":"Ich habe das gebot bekommen","my_bid":"Mein preis.","input.bid_price":"Bitte geben sie den preis ein","his_bid":"Sein preis","i_want_to":"Ich möchte es.","input.bid_price.tips":"Der preis darf nicht unter null liegen","immediate_dicker":"Verhandeln sie sofort.","agree":"(sheriff) einverstanden.","reject":"Wie? - nein!","pages.collect.lists.on_sale":"Ein effizienter artikel.","pages.collect.lists.sold_out":"Fehlerhafte ware","form.real_name":"Ihren echten.","input.real_name.tips":"Bitte geben sie ihren richtigen namen ein","hot_search_price":"Hot charts.","explore_now":"Suchen sie ihn auf.","historical_check":"Historische buchprüfung","popular_brand":"Die populäre marke.","public_price_inquiry":"Quittung.","public_price_detail":"9. Was kostet er?","counter_price":"Und der preis?","market_data":"Die börsendaten.","market_average_price":"I met a dollar","market_near_90day_price":"Die kurse sind fast 90 tage","public_price_detail.tips0":"Zu den quellen gehörten die eingefroreten produkte, die den preis zeigten, und die preise wurden durch faktoren wie den farbverlauf beeinflusst und nur zu referenzzwecken verwendet","info":"Botschaft.","error_feedback":"Falsche meldung.","public_price_inquiry_feedback":"Fifty-fifty. Meine güte","input.model":"Geben sie den typ an.","input.counter_price":"Bitte geben sie den ladenpreis ein","content_supplement":"Inhalt ergänzt.","input.content":"Bitte geben sie den ergänzenden inhalt ein","public_price_inquiry_feedback.tips0":"Ein upload (gültige signatur) erlaubt es an erster stelle, probleme zu sehen","send":"Senden.","maintenance_search":"Durchsucht jede policen nach namen\/begriffen und schlüsselwörtern","repair":"reparatur","service_cost":"Kosten für den service.","charge_amount":"Von der verwaltung.","perfect_singular":"Singular komplett.","actual_cost":"Die wahren kosten.","actual_charge":"Gebühren verlangen.","diamond_setting":"Diamant.","maintenance.tips0":"Das geschäft übernimmt aufträge für reparaturen und reparaturen","maintenance.tips1":"1. Die erstellung Von dienstleistungsaufträgen unterstützen, die dienstleistungen in bezug auf umfang, kosten, wartungsarbeiten, auftragsdienst, leistungserbringung usw. Umfassen","maintenance.tips2":"2.unterstützung laufende, abgeschlossene und bereits annullierte wartungsdienste sowie operationen wie bearbeitung, inspektion, auswahl und weitergabe.","confirm_delete_select_receipt":"Bestätigt das entfernen der ausgewählten empfangsliste?","in_progress":"Es ist noch ein spieler hier am werk.","completed":"Erfolgreich.","cancelled":"abgesagt","by_latest_complete":"Drück auf die letzten paar tage.","by_longest_complete":"Drück auf die nummer, bis du fertig bist","by_latest_cancel":"Sagen sie auf abbruch.","by_longest_cancel":"Drück auf maximum","maintenance_receipt_details":"Angaben zur reparatur","share":"Was? Teilen.","maintenance_details":"Wartungsarbeiten - details","extended_info":"Information anbauen.","service_type":"Verschiedene arten Von dienstleistungen","estimated_charge":"Der preis wird festgelegt.","one_click_download":"Und dann ein tasten.","service_personnel":"Abgesandten.","order_taker":"Jemanden wie dich?","estimated_service_cost":"Die voraussichtlichen kosten für den service.","creation_time":"Zeit kreieren?","creator":"Rekrut. - ja.","customer_info":"Informationen der kunden","store_sharing":"Anteil am geschäft","store_sharing.tips1":"Erlaubt die durchsicht aller geschäfte zum verkauf","is_show_detail_drawing":"Zeigen sie mir die details","prices_shown_sharing":"Der preis einer kommunion","set_applet_cover":"Das wird mein cover","add_maintenance_receipt.tips1":"Die suchinformationen * sind zwingend erforderlich und können ausgefüllt werden, wenn personen in der laufenden bestellung ihre operativen bedürfnisse nicht erfüllen können","add_maintenance_receipt.tips2":"Ich bin der meinung, dass alle maschinen","add_maintenance_receipt.tips3":"Fügt zu.","input.goods_name50":"Bitte geben sie einen handelsnamen ein (in fünfzig worten)","service_type_multiple_choice":"Verschiedene arten Von dienstleistungen (auswahl","input.estimated_charge0":"Bitte geben sie die für die bedienung notwendigen ausgaben ein, ohne die standardzahl festzulegen","service_personnel_select":"Bitte wählt die servicekräfte aus","order_taker_select":"Bitte nehmen sie einschluss","remark_placeholder":"Zum beispiel: beschädigung des triebwerks und reparatur auf der fabrik.","confirm_creation_service":"Bestätige erstellung Von diensten.","show_all_employees":"Ich pfeife auf die truppe.","add_costom_service_type":"Hinzu kommen selbstdefinierte arten Von dienstleistungen","input.add_costom_service_type10":"Bitte geben sie einen benutzerdefinierten diensttyp ein (10 wörter begrenzt","add_service_cost":"Neue kosten für","maintenance_content":"Wie sind die reparieren?","input.maintenance_content":"Bitte geben sie den lnstrumentaltram ein","input.service_cost":"Bitte geben sie die servicekosten ein","buying":"Einsteigen.","uploading":"Ich rieche ihn hoch.","edit.repair":"Bearbeiten sie den vertrag für reparatur und wartung","add.repair":"Neue reparaturaufträge","my_big_brand":"Ich habe das große los gezogen","peers_looking_for_goods1000":"1000+. Mehr Waren gerade auf der suche","all_brand":"Mark, alle marken.","latest_release":"Neuestes modell.","unit":".","release_style_requirements":"Stelle anweisungen zur verfügung","new_recommendations_daily":"Täglich neue empfehlungen","one_click_inbound":"Mit einem schlüssel in die bibliothek","my_container":"Aus meinem container.","goods_on_sale":"Bitte, es ist nicht vergriffen","goods_being_sold":"Es steht auf dem markt.","share_log":"Protokolle teilen.","share_log.tip0":"Die linke seite kann gelöscht werden, wenn der geteilte link gelöscht ist","share_choice":"Teil die möglichkeiten.","show_prices":"Erkläre den preis.","sharer":"Geteilte erinnerungen.","contact_information":"Die kontaktdaten.","shop_card":"Eine karte für geschäft.","by_latest_repair":"Halten sie weiter an!","by_longest_repair":"Vorausgesetzt, die lassen dich in ruhe","cancel_order":"Stornieren sie die bestellung.","cancael_reason":"Streichen sie die gründe.","input.cancel_order":"Bitte geben sie einen grund für die absage ein","input.actual_amount":"Bitte geben sie den realen betrag ein","complete_service":"Wie ist die Lage?","actual_amount":"Tatsächlich zahlen.","input.actual_charge":"Bitte geben sie den tatsächlichen preis ein","input.actual_cost":"Bitte geben sie die kosten ein","product.edit":"Redakteure bearbeiten bearbeiten.","open_vip":"Neuzugang.","online_exhibition_vip":"Live für einen V.I.P.","open_vip.tip0":"Reaktivieren sie ihre mitglieder und erhalten sie exklusive vip-dienste.","open_vip.tip1":"Die benutzer haben iw + -vips eingerichtet","open_vip.tip2":"Starte den vip-deal auf der line","vip":"Mitglied.","vip_exclusive_privilege":"Besonders für VIP","more_privileges":"Klingt nach sonderrechten.","pay_after_discount":"Ich zahle als vorschuss","open_immediately":"Ich kann den nicht mehr hören.","member_service_agreement":"Das ist ein mitgliedervertrag.","sales_and_inventory":"Verkaufsstrategie.","data_analysis":"Das ist eine datenanalyse.","pc_back_end":"Mit einem PC irgendwo im hintergrund.","online_exhibition_sellers":"Auf ausstellungen gehen","small_program_store":"Ein kleiner prozeduraler laden.","multi_platform_synchronization":"Multiple plattformen.","appraisal_and_valuation":"Geschätzter preis.","not_available":"Es ist nicht in den rahmen gefallen.","identify_order":"Komplette kostenbewertung.","deleting":"Löschen.","logout":"Und loggen sie sich nicht ein.","loading":"Wird geladen.","confirm_to_agree":"Ist das ein ja?","confirm_to_reject":"Bestätige ablehnung?","saler_tools.pages.base.share.shop.total_cost":"Zum selbstpreis!","saler_tools.pages.base.share.shop.peer_price":"Mir genauso viel.","saler_tools.pages.base.share.shop.agent_price":"Zu einem preis.","saler_tools.pages.base.share.shop.price":"Zu unserem verkaufspreis.","share_goods":"Teil die ware.","share_shop":"Geschäft teilen.","saler_tools.pages.base.share.lists.total_cost":"Zum selbstpreis!","saler_tools.pages.base.share.lists.peer_price":"Mir genauso viel.","saler_tools.pages.base.share.lists.agent_price":"Zu einem preis.","saler_tools.pages.base.share.lists.price":"Zu unserem verkaufspreis.","pages.message":"Nachrichten.","pages.my":"Für mich.","pages.collect":"Sammle sie.","pages.work":"Bitte melden!","pages.home":"Die titelseite.","version":"Aktuelle ausgabe.","user_agreement":"Eine vereinbarung.","service_agreement":"Ein dienstleistungsgeschäft.","privacy_policy":"Es ist ein datengeschäft.","operate":"betrieb","settlement_price":"Eine gute summe.","selected_goods":"Auswahl ausgewählt","goods_transferred_out":"Das Waren nicht die wichtigsten Waren.","one_click_clear":"Ein knopf Leer","confirm_one_click_clear":"Bestätige bereitschaft.","confirm_delete_select_goods":"Sortiert die ausgewählten produkte?","add_to":"Abbruch. Abbruch.","commodity_inventory":"Inventur des Waren.","commodity_inventory.tip0":"Wenn ich inventur mache, klicken sie auf \"ok\"","inventory_code":"Titel der aufzeichnungen:","requested_goods":"Essen servieren.","ordered_goods":"Restware, bitte.","existing_goods":"Handelsgut. - hier ist ein handelsgut.","missing_goods":"Fehlende ware.","inventory_checker":"Registriert man.","create_inventory":"Aber wenn wir schwarze zahlen schreiben,","commodity_inventory.top0":"Denn artikel sind gegenstand einer inventur, die viele arten stützt","commodity_inventory.top1":"1. Inventur des warehouse","commodity_inventory.top2":"2. Inventarliste zwischenlagerraum","commodity_inventory.top3":"3. Wenn es eine inventur dieser stoffe gibt","commodity_inventory.top4":"4. Inventur der kauforte","commodity_inventory.top5":"5. Unterstützt videochecks: bestellt lebensmittel im voraus mit dem code kaufen","you_will_delete":"löschen","you_will_complete":"Ihr werdet beenden.","select_inventory_type":"Wählen sie für ertrag:","inventory_store":"Das lagerhaus ist doch eine inventur","inventory_temp_store":"Sie führen viel aus.","inventory_pawned_goods":"Das ist eine karriere bei der karriere","inventory_watch_location":"Und schauen sie doch mal:","own_goods":"Die händler","select.inventory_name":"Bitte wählen sie aufzeichnungen für die inventur","form.inventory_name":"Schreiber.","createSuccess":"Erfolgreicher aufbau.","create":"erschaffen","inventory.tip1":"Wollen sie denn feststellen, was gut ist","inventory.tip2":"Wählen sie die kategorie güter aus, die gegenstand einer inventarliste sein müssen; sonst wird die gesamte kategorie standardmäßig angegeben","inventory_name":"Der titel.","input.inventory_name":"Geben sie einen namen für die inventarliste ein","select.temp_inventory":"Wenn sie zu einer inventur wechseln wollen","select.watch_location":"Wenn ich schwarze zahlen","inventory":"Aufzeichnungen.","inventory_lists_completed":"Inventarliste - fertig","inventory_lists_underway":"Inventarliste - fertig","modify_inventory_status":"Ich bin gekommen, um aufzeichnungen zu hören.","not_counted":"Nicht registriert.","counted":"Hören sie auf das","check_form":"Prüfen sie das formular.","not_found":"\"Ich kann keine daten finden.\"","form.work_name":"Pflicht.","input.work_name.tips":"Machen sie sich nützlich.","select.principal":"Bitte wählen sie den verantwortlichen aus.","form.principal":"Verantwortlichen.","form.weacht":"Mikrosignale.","input.weacht.tips":"Geben sie ein mikrosignal ein","form.whats_up":"whats up","input.whats_up.tips":"Bitte geben sie die datei auf","form.mobile":"Das handy.","input.mobile.tips":"Geben sie eine handynummer ein","add.contact":"Neuer kontakt aufnehmen","edit.contact":"bearbeiten","contact_way":"Die kontaktdaten.","confirm_delete_contact":"Wird der kontakt gelöscht?","select_type":"Der typ:","add_type":"Typ hinzufügen.","selected_type":"Art gewählt.","amount":"Der betrag.","input.amount":"Bitte zahlen eingeben.","image":"Henry pillay.","max_img_count3":"Höchstens drei bilder","original_total_cost":"Bruttokosten: plus zinsen.","parameter_error":"Fehlerhafte parameter","form.additional_total_cost":"Das ist ein preis","input.order_billing_count":"Bitte geben sie einen betrag ein","transaction_price":"Verkauft! Zum vereinbarten preis.","input.final_selling_price":"Geben sie bitte den letzten preis ein","select_sales_time":"Wählen sie einen kauftag aus","order_type_setting":"Festlegen für bestelltypen","wait_deliver_goods":"Transport klarmachen.","input.search":"Geben sie den suchtext ein","please_select":"Wählen sie aus.","price":"Dem preis?","cost_price":"Zum selbstpreis!","condition":"Färbung.","idle":"Sind nicht genutzt.","no_lock":"Unverschlossen.","select_employee":"Wählt euren angestellten aus.","form.shop_name2":"Ladenname 2","please_setting_authority":"Bitte öffnen sie den knopf einstellungen und danach das programm","input.authority":"Geben sie einen namen für die suche ein","marketing_poster":"Poster.","multiple_graphs_share":"Geteilte ware.","product_share":"Anteil an Waren","consignment_delivery":"Senden und Senden.","consignment_delivery_lists":"Liste: Senden und verschicken","switch_default_price.tip":"Ist es sicher, dass nach dem austausch des standard preises der geänderte rechnungspreis durch den ausgewählten primärpreis abgedeckt wird?","settlement_price_default":"Die verrechnung ist schwarz","consignment_delivery.tip1":"Der besitzer steht vor der auswahl und wartet auf seine ankunft","claim_code":"Excelsior.","gross_merchandise_inventory":"Warenlager nr. 1","gross_merchandise_valuation":"Geschätzter wert","to_be_withdrawn":"Er ist zu ende.","create_consignment_delivery":"Geschaffen den laden für uns","consignment_delivery.tip2":"Zum abladen der güter geben sie den code ein, der in der tabelle enthalten ist","claim_code_transfer_order":"Geben sie einen acht-bit-code ein","extract":"Extraktion.","consignment_delivery.tip3":"Erstellung Von lieferverträgen ermöglicht die überweisung Von Waren Von geschäft A nach geschäft B und Von geschäft B","consignment_delivery.tip4":"1. Absender: erstellt eine liste Von versanddaten, um Waren schnell aus dem lagerhaus auszuwählen und unterstützt die abrechnung mit einem einzigen schlüssel: absatzpreis, partnerpreise, proxy, hochmarktpreise.","consignment_delivery.tip5":"2.empfänger: geben sie den acht-bit-verteiler-code ein und holen sie die ware mit einer einzigen taste ab. Erledigen sie den preis im lagerhaus, um sie in den laden zu laden.","consignment_delivery.tip6":"Das löschen einer versender-liste führt dazu, dass der absender alle Waren, die sie versenden, Leer macht; bitte beachten sie die entfernung!","receive":"Empfang.","shop_logo":"Das LOGO.","shop_logo.tips":"Für ein online-ausstellung","shop_qr_code":"Für zwei, Oder","shop_registration_time":"Zeit für eine registrierung.","certificate_name":"Der name.","telephone":"Sie Wissen schon, die festnetznummer.","input.telephone":"Bitte geben sie ein festnetz ein","detailed_address":"Ja, konkret.","phone_number":"Telefon nummern.","input.phone_number":"Bitte geben sie ihre telefonnummer ein","shop_profile":"Beschreibung des geschäfts","input.shop_profile":"Bitte geben sie einen beschreibung des geschäfts ein","unedited_state.tips":"Es ist im aktuellen nicht-editorischen zustand. Um den knopf unten zu drücken, müssen sie umschalten","shop_info":"Werbung für einen laden","setup_center":"startzentrum","personal_settings":"Individuelle einstellungen","personal_data":"Daten. - ho!","avatar":"Einen kopf.","shop_info.tips":"Das unternehmen (LOGO, name, gegend, adresse), ein kleines titelblatt aufschreiben","message_notification":"Nachrichten, benachrichtigt.","message_notification.tips":"Geschäftsnachrichten, freundschaftsmeldungen, systemische nachrichten usw","address_administration":"Und die adresse.","account_association":"Konten sind verwandt.","wechat_binding":"Wechat ist offiziell","bound":"Verbindung hergestellt.","cell_phone_number":"Sein handy.","email_address":"Ein e-mail e-mail.","not_bound":"ungebunden","shop_parameter_setting":"Erfass-parameter festlegen","lock_invoice_voucher_must_be_set":"Die sperrliste wird vollständig erzeugt, um die gültigkeit des zertifikats sicherzustellen","online_exhibition_default_parameter_settings":"Standardeinstellungen für den fox-stand","maintenance_personnel_type_management":"Art der wartungsarbeiter und wartung","additional_cost_type_settings":"Zusätzlicher kostentyp festlegen","shop_classification_management":"Für schaufensterbummler Oder so.","order_type_management":"Typ management","exhibition_location_management":"Ort der ausstellung verwalten","joint_venture_and_online_exhibition_setup":"Ein arm und ein arm","the_selling_price_is_visible_to_fans":"Der verkaufspreis ist für fans sichtbar","peer_price_is_visible_to_fans":"Und der handel ist für die fans sichtbar","blacklist":"Schwarze liste","contact_way.tips":"2. Ändern\/zusätzlich (für schaufensterkontakte, mitarbeiter)","upload_the_cover_of_affiliate_and_online_exhibition_shop":"Ein arm und zwei partner im aufstieg","other_settings":"Andere kameras.","about_us":"Um uns.","check_version":"Versionen checken.","current_version":"Aktuelle ausgabe.","personal_information_and_permissions":"Ihr seht selber nach","third_party_information_sharing_list":"Drittparteien, die informationen teilen","clear_cache":"Löscht den stab.","register_shop":"Altes geschäft angemeldet.","storage_age_warning":"Es ist ein kult-signal.","early_warning_record":"Eine frühwarnung muss aufgezeichnet werden.","storage_age_is_more_than":"3 monate älter als 1 3 monate.","storage_age_warning.tips1":"1. Anhand der bedürfnisse Von unternehmen kann ein frühwarnzyklus für alle produktkategorien und -kategorien gewählt werden.","storage_age_warning.tips2":"2.eine schnelle durchgang auf alle Waren des lagerbereichs, zur preisanpassung, bestandsanalyse und warenbewegungen usw.","storage_age_warning.tips3":"3. Die verfolgung Von Waren im lageralter unterstützen, mit denen der verkauf gefördert wird","reminded_goods_count":"Gesamtzahl der artikel wurde erfasst","reminded_goods_value":"Ein wert im wert","expired_reminder":"Mir ist klar geworden","email_login":"Und ein postfach.","bind_mailbox":"Nimm einen briefkasten.","email":"Ein e-mail e-mail.","please_wait_a_minute":"Warten sie bitte eine minute und versuchen sie es erneut","email_already_bind":"Das briefkasten ist schon gebunden","is_email_login":"Danach, den postfach zu öffnen","personal_password":"Den geheimen code.","input.personal_password":"Bitte geben sie ihr persönliches passwort ein","modify_success":"Modifikation erfolgreich.","image_type_error":"Dateien sind nur im jpg-format erlaubt","image_size_error":"Das bild darf höchstens 2m groß sein","change_login_type":"Suche nach neuen passwörtern","wechatLogin":"Mikronate einloggen.","phoneLogin":"Und jetzt loggen sie sich ein.","account":"Kontonummer.","emailLogin":"Und ein postfach.","input.phone":"Geben sie mir ihr handy","input.email":"Bitte geben sie eine e-mail ein","input.wechat":"Geben sie ein mikrosignal ein","email_login_is_not_enabled":"Die postfach hat sich noch nicht geöffnet","logging_in":"Wir loggen uns ein.","invalid_goods":"Fehlerhafte ware","on_sale_goods":"Es steht auf dem markt.","detail_picture":"Details auf details.","synthesis":"Fusion.","daily":"Hier, eine zeitung.","monthly":"königreichsdienst","sales_analysis":"Ich sage dir was:","recovery_analysis":"Ich brauche eine rückholung.","asset_analysis":"Analyse Von vermögenswerten","additional_cost_analysis":"Eine zusätzliche kostenanalyse.","pledged_goods_analysis":"Das ziel: 'balance halten'","data_analysis.tips":"In echtzeit die daten unseres geschäftsbetriebs betrachten","current_shop":"Aus dem aktuellen geschäft.","order":"Emir.","total_sales_volume":"Okay, das ist eine menge.","total_sales":"Verkaufssumme: 100.000 dollar.","profit":"Profit.","total_returned_goods_units":"Gesamtzahl der rückverkäufe (paket)","total_returned_goods_money":"Summe (in dollar) zuruck","return_profit":"Sie haben die gewinne zurückgegeben.","total_amount_inbound":"Menge angesammelt.","total":"Addiert.","total_cost_inbound":"Erste beute","money":"dollar","total_shelf_volume":"Menge aufgetrieben.","total_amount_lock":"Bitte etwas sperren","product":"Handelswaren.","settlement_total":"Summe der bilanz","settlement_total_sales":"Gezähmt, verkäufe, verkaufszahlen.","settlement_total_cost":"Verrechnung rechnung.","settlement_profit":"bilanz","only_additional_cost_goods_in_warehouse":"Zusätzliche kosten nur in einem statistischen lagerhaus (ausgenommen geöffnete und gelöschte Waren)","quantity_goods":"Importware, importware.","total_money":"Gesamter betrag","proportion":"Johnny. - johnny.","unit_a":"ein","agent_commission":"Er kriegt keinen anwalt.","strap_or_accessories":"Klebeband\/zubehör","courier_fee":"Das war für lieferungen.","Maintenance_and_washing":"Wartung und pflege","type_of_additional_cost":"Typ der zusätzlichen kosten","click_landscape_to_view":"Klick auf die screenshots","attribute":"Besitz.","particulars":"Minnesota.","cost":"Kosten?","gross_amount_cost":"Geliess sie doch.","attribute_analysis":"Profil analysieren","category_analysis":"Nein, charlie-chan-filme.","to":"bis","quantity_pledged":"Massenhaft schätze!","total_amount_pledged":"Irgendwelche striktes zahlen","redemption_quantity":"Anzahl der rückkäufe?","pledge_leaderboard":"Das band","total_cost_recovery":"Das sind die gesamtkosten.","total_quantity_recovered":"Gesamter recycling-wert","entry_details":"Eintritt ins detail.","sales_leaderboard":"Aber was ist mit den charts","tips":"Tipp.","single_sales":"Verkäufer: einzeln.","single_sales_tips":"D.h., wenn eine bestellung mehrere personen umfasst, wird nur der erste vertreter erfasst","multiple_sales":"Da ist eine reihe Von verkäufe.","multiple_sales.tips":"Verkäufer werden zählen, wenn eine bestellung mehrere personen enthält","cost_recovery":"Die kosten einer entsorgung","recycle_and_sell":"Wir lassen es verschwinden, wenn wir es zurückholen.","sales_amount":"16. Absatz","payroll_management":"Gehaltsmanagement - management","payroll":"Löhne","swipe_left_to_delete":"Links lässt sich entfernen","gross_salaries":"Löhne und gehälter","payroll_management.tips":"Erstellung eines lohnplanungsprogramms für die mitarbeitervergütung, das die auszahlung Von gehältern unter berücksichtigung der umsatzsteigerungen, der beitreibungen und der reparaturkosten sowie der versteht - und wartungskosten erfassen kann.","other_time":"Ein andermal.","to_be_issued":"In kürze.","salary_commission_details":"Die Löhne werden in zahlen erfaßt","select.employee":"Auswahl des personals","date_on_board":"An dem tag, an dem sie im einsatz sind.","selective_need_statistics":"Wählen sie rohstoffeigenschaften, welche die statistische leistung erfordern","other_orders":"Andere bestellungen.","customer_orders":"Ihre kunden.","friend_orders":"Das ist ein bestellung Von tomonaga.","agent_orders":"vertretung","test_control":"Dreh die fernglas.","total_gross_profit":"Bruttoprofit (bruttoprofit)","total_cost_recovered_by_TA":"Lass mich dich das mal anschauen","online":"Drunter.","other":"Saldo wird geprüft","peer":"Freunde.","store":"In den läden.","general":"Generisch.","the_profits_generated_by_TA_recycling":"Ein bisschen profit aus einem bisschen ausbeutung","profit_on_maintenance":"Reparatur, instandhaltung, gewinn.","basic_salary":"totalgehalt","other_money":"Andere zahlungen","sales_commission":"Einen anteil für den verkauf.","set_default_commission":"Festlegen der voreinstellung themature","sales_points":"Zeigen sie mir ihren umsatz.","option":"Auf ein programm.","gross_profit_points":"Legt die gewinne zusammen","commission_on_sales":"Mengen in einzelteilen","recovery_commission":"Man braucht einen anteil.","cost_recovery_points":"Erhöht die kosten","commission_on_unit_recovered_pieces":"Die zahl der zurückgebungen beträgt 1.000","TA_recycling_generated_profit_points":"Ein gewinn aus einem deal ist also noch einen punkt hoch","maintenance_commission":"Reparatur und reparatur kosten","maintenance_profit_commission":"Für reparaturen und wartung springt der gewinn an","click_fold":"Klick's ab.","click_unfold":"Klick, zack, zack.","issued":"gesendet","await_issue":"In kürze.","issued_payroll":"Schickt die Löhne aus.","total_original_cost_of_recovered_goods":"Die gesamtkosten des rückzugs der ware","total_additional_cost_of_recovered_goods":"Die gesamtkosten einer rückholung für die ware","sales_points.tips1":"1. Erwähnungspunkte den umsatz = anteil der verkäufe *","sales_points.tips2":"2. Verschiedene bestelltypen können verschiedene beitragsquoten festlegen","gross_profit_points.tips1":"1. Bruttogewinne sind gleich (handelsvolumen der bestellung - kosten der bestellung) * das verhältnis Von bruttogewinn\/bruttogewinn *","gross_profit_points.tips2":"2. Verschiedene bestelltypen können verschiedene beitragsquoten festlegen","commission_on_sales.tip1":"1. Adressen = bezugseinheiten = anteil der bestellungen *","commission_on_sales.tip2":"2. Verschiedene bestelltypen können verschiedene beitragsquoten festlegen","cost_recovery_points.tips1":"1. Rückruttkosten = anteil der gesamten im laufe eines monats recycelten güter *","cost_recovery_points.tips2":"Die art der recycling kann verschiedene beitragskategorien festlegen","commission_on_unit_recovered_pieces.tips1":"1. Rückkoppelungen = anteil der im monat zurückgezogenen güter *","commission_on_unit_recovered_pieces.tips2":"Die art der recycling kann verschiedene beitragskategorien festlegen","TA_recycling_generated_profit_points.tips1":"1. Die gewinndifferenz aus der ausgewerteten produktion = anteil des gewinns aus dem verkauf der ausgewerteten güter *","TA_recycling_generated_profit_points.tips2":"Die art der recycling kann verschiedene beitragskategorien festlegen","maintenance_profit_points":"Reparatur und wartung tragen einen preis","maintenance_profit_points.tips1":"1. Die erträge aus reparaturen und instandhaltung anheben = anteil der einnahmen aus reparaturen und instandhaltung *","sales_commission_default_setting":"Vertreter teilen die standardvorgabe ein","reclaim_commission_default_setting":"Zurückholen der standardeinstellungen","reclaim_profits_from_production":"Sie werden die erträge der recycling wieder verwerten","comfirm_save_payroll_particulars":"Sicherstellen, dass das monatsgehalt des mitarbeiters gespeichert wird?","confirm_save":"Erhaltung bestätigt","comfirm_issue_payroll":"Sicherstellen, dass das monatsgehalt des mitarbeiters veröffentlicht wird?","confirm_issue":"Bestätigen. Bestätigen.","general_percentage_of_commission":"Der standardanteil der güter, die nicht abgeholt werden, ist standard","issued_payroll_not_editable":"Die bezahlung ist freigegeben, nicht bearbeitet","other_keep_accounts":"Rechnungen bearbeiten","all_categories":"Alles aufteilen.","expenditure":"ausgaben","income":"einnahmen","write_down":"Ein stift.","other_keep_accounts.tips1":"Die erfassung nicht rückgrifflicher ausgaben und einnahmen aus nicht rückgriffähnlichen einsätzen kann leichter einen blick auf die ausgaben und einnahmen aus laufenden monaten Oder perioden wie etwa miete, strom, wasser Oder ausstellungen erführen.","all_staff":"Personal vollständig","billing_details":"rechnungen","type":"Typen?","manual_creation":"Künstlich erzeugt.","serial_numbers":"Die wasserwerke.","associated_order_number":"Tag der zielbestellung","occurrence_date":"Daten, daten.","amount_of_expenditure":"Kostenvoranschlag.","fill_amount":"Zahlen sie aus.","selective_classification":"Wähle das kategorische","select_date":"Das datum auswählen.","input.remark50":"Bitte geben sie angaben vor (50 wörter)","add_costom_classification":"Eurer definitiven gruppe hinzugefügt","input.costom_classification10":"Bitte geben sie eine benutzerdefinierte gruppe (nur 10 wörter) ein","maintenance_fees":"Wartung!","exhibition_fees":"Euren beitrag.","total_deposit":"Sicherheitsbeträge sind festgelegt.","exp_trans_price":"Es wird eine summe für den handel erwartet","earnest_money":"Sicherheitsanzahlung.","expected_transaction":"Wird erwartet.","total_original_cost_of_goods":"Heraus kommen die gesamtkosten der ware","additional_cost_of_goods":"Notwendige kosten für güter","by_latest_lock":"Knacken sie die liste","by_longest_lock":"Montier die dokumente","by_highest_earnest_money":"Die strafe ist wahnsinn","by_lowest_earnest_money":"Der mindesteinsatz","lock_details":"Einzelheiten zum schloss","lock_record":"Schloss, eintrag.","view_product_details":"Prüfe unterlagen","deposit_payment":"Ratenzahlung.","last_updated_time":"Sie sind gerade neu da.","lock_remark":"bemerkungen","ticket_holder":"Eine einzelgängerin.","lockout_time":"Schließ einfach ab.","quantity_of_ticket":"Ein schloss. Nur eine nummer.","unlock_success":"Riegelt es ab.","operation_log":"Captains, logbuch.","operating_personnel":"Das personal.","operation_module":"Verbinde die bedienungsanleitung.","operating_time":"Zeit bis zur fertigstellung","operation_content":"Inhalt? - das ist die liste, sir.","operation_log.tips0":"Schicken sie die schicken leute zurück, um die operation wirklich zu sehen","all_modules":"Alle module.","order_modification_record":"Protokolle ändern.","before_modification":"Mr. profley.","after_modification":"Durch die änderung.","statement_of_account":"Die abrechnung.","create_statement":"Erstellen der abrechnung.","selected_product_attributes":"Er hat die rolle","total_cost_of_statement":"Rechnungen. - ich hasse rechnungen.","statement_of_account.tips1":"Die schaffung Von gegenständen, deren kosten und barbetrag der rechnung entsprechen, ermöglicht es dem finanzpersonal, die vermögensgegenstände und vermögensgegenstände im laufe des monats Oder der geschichte zu überprüfen.","comfirm_delete_statement":"Sortieren sie seine kontoauszüge?","have_deleted":"löschen","select_statement_type":"Bitte wählen sie den kassentyp aus","total_cost_of_goods":"Die gesamtheit der kosten der güter","cash":"Bar.","total_assets":"vermögen","cost_of_goods":"Die rohstoffpreise","due_funds":"Es muss finanziert werden.","sales_profit":"Verkäufe. Profit.","service_profit":"Profit durch dienstleistungen.","other_income_and_expenditure":"Andere einnahmen","payroll_expenses":"lohnausgaben","commodity_consignor":"Die ware liefern.","pledged_price":"10 millionen.","call_price":"Paul: der wiederverkauf","redemption_time":"Zeit für unsere wiederzahlung?","total_inventory":"Gesamtinventarliste.","sold_count":"Verkauft, unbekannt","usable":"Nimm sie.","warehouse_billing":"Frei Von eintritt.","temporary_invoice":"Das system wird vorläufig eröffnet","customerServiceTitle":"Willkommen, dass sie sich mit uns in verbindung setzen, um uns wertvolle hinweise zu geben!","quick_navigation":"Schneller navigator.","sign_out":"Annullieren.","pages.member.sign_out":"Annullieren.","comfirm_sign_out":"Löschen ignorieren","is_comfirm_sign_out":"Wurde die annullierung sicher bestätigt?","sign_out_success":"Widerlass erfolgreich.","logouting":"Die fahndung läuft aus.","captcha_error":"Authentifizierungsfehler bestätigt","captcha_expired":"Die authentifizierungscodes sind deaktiviert","system_center":"Raum-system:","pages.product.add":"Sie veröffentlichen.","shop_apply_already_exist":"Der laden existiert bereits.","search":"Suche läuft.","not_yet_open":"Erlaubnis nicht vergeben.","ADD_ORDER":"Transport klarmachen.","RETURN_ORDER":"(mann) schick die ware zurück.","LOCK_ORDER":"Schloss.","FINISH_ORDER":"Auftrag ausgeführt.","select_show_price":"Er wählt den preis, den er ausstellen muss","diy_price":"Definierter preis","input.diy_price":"Bitte geben sie einen benutzerdefinierten preis ein","select_goods_share":"Anteil an ware.","online_exhibition_cover":"Ein online-ausstellung für das cover","cur_new_version":"Befindet sich in der neuausgabe","mini_program_cover":"Cover eines kleinen programms","suggested_aspect_ratio_of_5:4":"Es wird empfohlen, eine breite breite Von 8:3 zu erreichen","recycle_type_settings":"Modus für rückrufaktion","tag_settings":"Beschriften.","download_images":"Lade bild herunter.","copy_text":"Kopiere text","switch":"Aus.","convenient_operation":"Tragbare operation.","download":"Laden!","copy_success":"Kopie erfolgreich.","save_loading":"Gespeichert.","noChat":"Tipp: sie haben bis jetzt noch nichts gehört, reden sie bitte mit ihrer besten freundin","reconnecting":"Die verbindung ist unterbrochen. Ich versuche, sie wieder herzustellen.","delete_chat":"Löschen sie den chat.","top_chat":"Setz deinen kopf auf deinen schoß","im.group":"Gruppengespräch.","im.loading_message":"Ich initiiere gerade die seite. Und","im.at_me":"Ich bin gast hier.","im.at_all":"Bin ich froh, dass ihr alle hier seid.","im.read":"Gelesen.","im.unread":"Nicht gelesen.","im.read_count":"Ich bin lesend.","im.just_now":"Eben erst?","im.minute_ago":"Vor einer minute.","im.yesterday":"Und zwar gestern.","im.online":"Wie ist der user online?","im.send":"Senden.","appc.totol_cost":"Zum selbstpreis!","appc.customer_service":"Probieren sie den kundendienst.","appc.bid_search_placeholder":"Suche nach handelsnamen","appc.condition_used":"Gebraucht.","appc.condition_new":"Aber noch nichts in betrieb.","appc.sale_price":"Zu unserem verkaufspreis.","appc.price":"Zu unserem verkaufspreis.","appc.agent_price":"Zu einem preis.","appc.total_cost":"Zum selbstpreis!","appc.peer_price":"Mir genauso viel.","appc.copy_text":"Kopiere text","appc.download_images":"Lade bild herunter.","appc.switch_grids":"Formation wechseln.","appc.switch_swiper":"Schalte um.","appc.product_detail":"Details über Waren","appc.product_info":"Eine rohstoff-information.","appc.goods_description":"Mit der beschreibung.","appc.brand":"branding","appc.series":"Panda.","appc.model":"Modell?","appc.copy":"Kopie.","appc.copy_success":"Kopie erfolgreich.","appc.cancel":"korrekt","appc.OK":"Könnten?","appc.tips":"Tipp.","appc.download_tips":"Sind sie sicher, dass das handy fotoalbum heruntergeladen wurde?","appc.download_success":"Delta-team, download erfolgreich.","unable_to_contact_oneself":"Ich kann mich nicht selbst kontaktieren.","goods_no_stock":"Rohstoffknappheit.","my_shop":"In mein geschäft.","goods_image_be_empty":"Die fotos der artikel dürfen nicht Leer sein","selected":"Wahl getroffen","query_price_max":"Höchstpreise!","query_price_min":"Ich muss dir was sagen.","goods_lock_num_not_del":"Schlösser können die Waren nicht löschen","transfer_to_temp_warehouse":"In den temporären raum.","QRCode":"Code zwei.","service_type_setting":"Typen festlegen","product_position_setting":"In die ausgangsposition!","product_tips":"Das ist ein angebot.","select_at_least_one":"Bitte wählen sie mindestens eine ware","transaction_price_cannot_empty":"Der preis dafür darf nicht Leer sein","cannot_bid_on_myself":"Kann aber nicht für ihre Waren geboten werden","order_is_returneed":"Die bestellung wurde zurückgegeben","please_select_order":"Wählen sie die bestellung aus.","please_input_price":"Wählen sie die bestellung aus.","please_input_money":"Welchen betrag bitte?","pledge_time":"Die kaution ist fällig","select_pledge_time":"Wählen sie den stichtag für die massenhaft haft","contact_info_of_client":"Die kontakte zwischen den überweisungen","select_goods_attribute":"Bitte wählen sie rohstoff-eigenschaften aus","goods_name_require":"Kein name der ware ist Leer","select_recycle_type":"Bitte wählen sie die art der rückholung","select_expire_time":"Wählen sie den stichtag für die massenhaft haft","redeemed":"Erlösung gefunden.","expired":"Kommandeur.","not_redeemed":"Nicht ausbezahlt.","delivery_status":"Die weitergabe ist möglich.","category_ids_not_empty":"Innerhalb einer kategorie dürfen güter nicht Leer aufgelistet werden","bill_name":"buchname","input.bill_name":"Bitte geben sie den namen der rechnung ein","total_revenue":"Die gesamtsumme.","my_qrcode":"Mein code","shop_not_available_im":"Die firma ist nicht an sofortnachrichtendienste angeschlossen","im.send_failed":"Mission abgebrochen.","im.empty_message":"Keine mikropunkt Senden","im.text":"4. Text","im.image":"Henry pillay.","im.voice":"Mobiltelefon.","im.video":"Na video.","im.voice_call":"Leitung unterbrochen.","im.video_call":"Video chat.","im.push_off_line":"\"Sie haben sich an andere orte angemeldet, müssen untergesetzt werden.\"","appc.goods_video":"Ein produktvideo.","appc.nothing":"ohne","network_error":"Netzwerkfehler.","appc.network_error":"Netzwerkfehler.","retrieve_password":"Hol den code zurück.","email_code":"Authentifizierungscode für e-mail","image_code":"Authentifizierungscode für foto.","input.image_code":"Bitte geben sie den authentifizierungscode ein","error_email_not_exist":"Die e-mail existiert nicht.","reset":"Umplanen.","wait_pay":"Noch zu zahlen.","wait_supply":"Wir kommen noch.","finish":"Erfolgreich.","identifying":"Geschätzter wert.","local_products, ":"Einheimische artikel.","international_products":"Internationale Waren","local_products":"Einheimische artikel.","shop":"Läden.","appraiser_application":"Oh, der typ ist super","apply_for":"antrag","apply_success":"Antrag angenommen","to_be_valued":"Lasse es bewertet werden.","to_be_continued":"Noch nicht ganz perfekt.","abandon_valuation":"Aufgeben der angebote.","view_details":"Das merkt man erst bei tagesanbruch.","shop_already_exist":"Das geschäft existiert bereits","estimate_immediately":"Geschätzter wert","suggest_recycling_price":"Ein zuruf.","input.suggest_recycling_price":"Bitte geben sie einen vorschlag zu einem wiederbelebungspreis ein","select.appraisal_result":"Wählen sie das ergebnis dieser tests","input.appraisal_remark":"Bitte geben sie ihre message ein","identify_user_error":"Der forensiker ist sehr verdächtig","submit":"Eingereicht werden","abandoned":"Verlassen.","to_be_appraised":"Überprüfung.","abandon_appraisal":"Wegbeschreibung gegeben.","confirm_abandon":"Bekommst du eine provision?","apply_for2":"Es tut mir leid, dass sie warten mussten","apply_for1":"Lassen sie das gutachten durch und beginnen sie mit dem test.","apply_for0":"Ihre bewerbung ist noch durchgegangen, warten sie bitte ab","download_success":"Delta-team, download erfolgreich.","your_appraisal":"Das ist eine empfehlung","you_abandon_appraisal":"Sie haben die ware geprüft","appc.goods_not_found":"Ich kann keinen artikel finden.","store_closed":"Das geschäft ist geschlossen.","appc.store_closed":"Das geschäft ist geschlossen.","input.country_code.tips":"Such dir ein land aus.","store_country":"Heimat ist","public_price_inquiry_list":"Madame macadajlle: eine kostenliste","store_data":"Daten aus einem geschäft","visitor_num":"Marketing-besucher für alle mitarbeiter","product_views_num":"Browser für die ware?","contact_info_num":"Die adresse, mit der sie sprechen","user_not_exist":"Sie existiert nicht.","model_no":"Seriennummer?","shop_not_exist":"Bitte öffnen sie zuerst den laden","GCJX":"Technische geräte.","appc.GCJX":"Technische geräte.","df.function.label":"Mechanische funktionen.","df.function.placeholder":"In die mechanische funktion ein","df.voltage.label":"Spannung Von elektrischen geräten","df.voltage.placeholder":"Geben sie bitte die elektrische spannung ein","HGJX":"Petrotechnik. - petrotechnik.","appc.HGJX":"Petrotechnik. - petrotechnik.","JCSZ":"Die werkzeugmaschinen.","appc.JCSZ":"Die werkzeugmaschinen.","SPSB":"Die lebensmittelmaschinen.","appc.SPSB":"Die lebensmittelmaschinen.","BZSB":"Ein verpackungsgerät?","appc.BZSB":"Ein verpackungsgerät?","CCSB":"Okay, hier ist ein lagergerät.","appc.CCSB":"Okay, hier ist ein lagergerät.","NYJX":"Landwirtschaftliche maschinen.","appc.NYJX":"Landwirtschaftliche maschinen.","fail_support":"Ich werde euch unterstützen.","BW":"Uhren.","appc.BW":"Uhren.","df.bpzj.label":"Durchmesser des ziffernscheins","df.bpzj.placeholder":"Bitte geben sie den durchmesser des ziffernzeigers ein","df.bpcz.label":"Das suboptimalen material","df.bpcz.placeholder":"Geben sie bitte ein satzmaterial ein","df.jxcz.label":"Das ist eine energiequelle","XB":"Schachteln.","appc.XB":"Schachteln.","ZB":"Juwelen.","appc.ZB":"Juwelen.","XX":"Schuhe. - schuhe.","appc.XX":"Schuhe. - schuhe.","FS":"kostüme","appc.FS":"kostüme","QT":"Saldo wird geprüft","appc.QT":"Saldo wird geprüft","PS":"Accessoires.","appc.PS":"Accessoires.","country_or_region":"Land\/region","email_repeat":"Der briefkasten ist angemeldet","today_visitor":"Besucher des tages!","listed_yesterday":"Gestern landete der einsatz.","estimated_revenue":"Geschätzte einnahmen","fail_pay_info":"Die agenten werden nicht gefunden","alipay":"Zahlt und zahlt.","wechat_pay":"Wechat zahlt.","onPay":"Bezahl weiter.","wait_identify":"Überprüfung.","history_browsing":"Ein history board.","history_browsing_empty":"Chronik unbeaufsichtigt lassen","album":"Das album.","shoot":"Wir nehmen auf.","long_press_to_speak":"Du musst dir was einfallen lassen.","recording":"Ich nehme es auf.","recording_time":"Längere aufzeichnung.","release_to_send":"Loslassen und abbrechen","will_stop_recording":"Die aufzeichnung wird abgehört","release_to_cancel":"Loslassen. Abbrechen."}