{"storeID":"Shop number","expire":"expire","warehousing":"In storage today","billing":"Account today","storeWallet":"Store wallet","saveQRCode":"Save QR code","joinMember":"Open a membership","noviceGuide":"Novice guide","inviteFriends":"Invite friends","inviter":"The people I invited","securityDeposit":"Security deposit","withdraw":"withdraw","commissionDetail":"Commission detail","topUpDetails":"Top-up details","punishDetails":"Detail of punishment","quickService":"Quick service","personalReputation":"Personal reputation","transfer":"My assignment","auction":"My auction","deal":"My deal","complaint":"My complaint","like":"My thumbs up","collect":"My collection","bid":"My bid","aboutPlatform":"About the platform","personalData":"Personal data","switchLanguage":"Switch language","experienceStoreVIP":"Experience Store VIP","CNY":"RMB","USD":"U.S. dollar","HKD":"Hong Kong dollar","EUR":"Euro","JPY":"yen","GBP":"Pound sterling","AUD":"Australian dollar","RUB":"Russian ruble","CAD":"Canadian dollar","CHF":"Swiss franc","DKK":"Danish krone","NOK":"Norwegian krone","SEK":"Swedish krona","NZD":"New Zealand dollar","SGD":"Singapore dollar","THB":"THB (THB)","BRL":"Brazilian real","MXN":"Mexican dollar","saler_tools.pages.index.index":"luxur cener","saler_tools.pages.member.index":"Member center","saler_tools.pages.inbound.index":"Be put in storage","saler_tools.pages.outbound.index":"Delivery from storage","saler_tools.pages.warehouse.inStockInvoice":"Invoice for goods in the warehouse","saler_tools.pages.warehouse.notInStockInvoice":"Merchandise not in stock invoicing","saler_tools.pages.warehouse.sampleGraph":"Sample graph","pages.auth.login.logining":"Be logging in","pages.auth.login.usernamePlaceholder":"Please enter your account number","pages.auth.login.passwordPlaceholder":"Please enter password","pages.auth.login.resetpwd":"Forgot password","pages.auth.login.noAccount":"No account yet","pages.auth.login.toRegister":"Go to Register","pages.auth.login.agreeTips":"By logging in, you agree","pages.auth.login.isAgreeTips":"Please read and agree to the agreement first","pages.auth.login.mobilePlaceholder":"Please enter your phone number","pages.auth.login.oneClicklogin":"Quick login","pages.auth.login.accountLogin":"Account password login","pages.auth.login.accountLoginTip":"Enter the account password to log in","pages.auth.login.accountLoginError":"The merchant does not open the account password login","pages.auth.login.mobileLogin":"Mobile number login","pages.auth.login.mobileLoginTip":"Enter the mobile phone verification code to log in","pages.auth.login.mobileLoginError":"The merchant does not open the mobile phone number login","pages.index.close":"Site down","pages.index.nosite":"Site does not exist","pages.index.develop":"Development environment configuration","pages.article.list":"Information center","pages.article.detail":"Article details","pages.auth.index":"Log in","pages.auth.agreement":"agreement","pages.auth.bind":"Bind mobile phone number","pages.auth.login":"Log in","pages.auth.register":"Sign in","pages.auth.resetpwd":"Retrieve password","pages.member.account":"Member account","pages.member.address":"Delivery address","pages.member.address_edit":"Edit the shipping address","pages.member.apply_cash_out":"Application for withdrawal","pages.member.balance":"My balance","pages.member.point":"My integral","pages.member.point_detail":"Integral detail","pages.member.level":"Membership level","pages.member.sign_in":"My sign in","pages.member.cash_out":"Withdrawal record","pages.member.cash_out_detail":"Withdrawal details","pages.member.commission":"My commission","pages.member.detailed_account":"Journal detail","pages.member.personal":"Personal data","pages.member.contact":"Customer service","pages.pay.browser":"payment","pages.setting.index":"Settings","pages.verify.index":"Write-off table","pages.verify.verify":"Cancel after verification","pages.verify.detail":"Write-off details","pages.verify.record":"Write-off record","pages.index.index":"luxur cener","pages.member.index":"Member center","pages.product.inbound.list":"Be put in storage","pages.goodsForSale.list":"Goods for sale","pages.product.notInStockInvoice.list":"Merchandise not in stock invoicing","pages.goodsForSale.sampleGraph":"Sample graph","pages.product.editParam":"Additional cost type Settings","pages.product.detail":"Product details","pages.product.billing":"Merchandise billing","pages.order.detail":"Order details","pages.log.order":"Order modification record","pages.order.list":"Order management","pages.auth.list":"Employee authority","pages.product.brand":"brand","pages.product.position":"Warehouse location","pages.temporary.list":"Temporary warehouse","pages.temporary.select":"Select the temporary warehouse you want to transfer to","pages.repair.lists":"maintenance","pages.repair.detail":"Maintenance receipt details","pages.repair.edit":"Edit maintenance receipt","pages.consignmentDelivery.list":"Consignment delivery","pages.consignmentDelivery.item":"Consignment delivery list","pages.lockingList.list":"Lockout goods","pages.lockingList.detail":"Lock ticket details","pages.delivery.list":"Delivery management","pages.inventory.list":"Commodity inventory","pages.inventory.underway":"Inventory list - in progress","pages.inventory.detail":"Inventory details","pages.storageAge.list":"Warehouse age warning","pages.payroll.lis":"Payroll management","pages.payroll.detail":"Salary commission details","pages.inventory.temporaryWarehouse":"Select the temporary warehouse you want to transfer to","pages.inventory.warehouse":"Create warehouse inventory","pages.inventory.pledge":"Create an inventory of pledged goods","pages.inventory.position":"Select product location inventory","pages.keepAccounts.list":"Other bookkeeping","pages.keepAccounts.edit":"Write down","pages.keepAccounts.detail":"Billing details","pages.shopBill.lists":"Statement of account","pages.shopBill.edit":"Edit statement","pages.log.list":"Operation log","pages.pledge.list":"Pledged goods","pages.employeeAuthority.edit":"Employee authority","pages.dataAnalysis.list":"Data analysis","pages.dataAnalysis.salesVolume":"Sales analysis","pages.dataAnalysis.recycle":"Recovery analysis","pages.dataAnalysis.assets":"Asset analysis","pages.dataAnalysis.additionalCost":"Additional cost analysis","pages.dataAnalysis.pledgedGoods":"Analysis of pledged goods","requestFail":"Request failed","notInDomainList":"The domain name is not in the request list","baseUrlError":"The interface request is incorrect. Please check the parameter configuration of VITE_APP_BASE_URL or pseudo static configuration","currency":"RMB","getSmsCode":"Get verification code","smsCodeChangeText":"Get it again in seconds","captchaTitle":"Please complete the verification","confirm":"verify","cancel":"Cancel","save":"save","delete":"delete","captchaPlaceholder":"Please enter the verification code","mobilePlaceholder":"Please enter your mobile number","mobileError":"Please enter the correct phone number","codePlaceholder":"Please enter the mobile verification code","memberCenter":"Individual center","userAgreement":"User agreement","and":"and","privacyAgreement":"Privacy agreement","isAgreeTips":"Please read and agree to the agreement first","nickname":"nickname","nicknamePlaceholder":"Please enter a nickname","headimg":"avatar","headimgPlaceholder":"Please set avatar","getAvatarNickname":"Get your nickname avatar","getAvatarNicknameTips":"Access to user avatars, nicknames to improve personal data, mainly used to provide users with a recognizable user center interface","mobile":"Mobile phone number","getMobile":"Get the phone number","mobileTips":"Please get the phone number","point":"points","balance":"balance","login":"Log in","bind":"bind","binding":"Bound","bindMobile":"Bind mobile phone number","agreeTips":"Please read and agree","pleaseAgree":"Please check have read and agree","weixinUserAuth":"One-key binding","mobileQuickLogin":"Mobile number quick login","register":"Sign in","complete":"complete","close":"Off","pay.orderInfo":"Order information","pay.confirmPay":"Confirm payment","pay.payTitle":"Confirm payment","pay.notHavePayType":"There are no payment methods available","pay.notObtainedInfo":"No payment information was obtained","pay.paymentDocuments":"Payment document","pay.paySuccess":"Payment success","pay.payFail":"Payment failure","pay.completePay":"Completed payment","pay.incompletePay":"Outstanding payment","pay.getting":"Get payment results","myBalance":"My balance","myPoint":"My integral","customerService":"Contact customer service","siteClose":"Site down","noSite":"Site does not exist","scenic":"Scenic spot","seeMore":"See more","way":"line","hotel":"groggery","rise":"since","cardReserve":"Project reservation","card":"transcard","memberName":"Member name","memberCode":"Membership code","reserve":"Make an appointment","reserveSuccess":"Reservation successful","cardLink":"sub-card","myLink":"mine","reserveBtn":"Snap up","cardBtn":"transact","soldOut":"Sold out","unpaidOrder":"To be paid","waitingOrder":"Waiting to be used","remainOrder":"completed","allOrder":"Full order","myOrder":"My order","orderNo":"Order number","actualPayment":"Actual payment","orderClose":"Close order","orderFinish":"Confirm receipt of goods","orderDetail":"details","wxPrivacyPopup.title":"User privacy protection tips","wxPrivacyPopup.descBefore":"Thank you for using this applet, you should read and agree before using","wxPrivacyPopup.descAfter":"When you click agree and continue, it means that you have understood and agreed to the content of the terms, the terms will be legally binding on you; If you do not agree, you will not be able to continue to use the small program related functions.","wxPrivacyPopup.disagree":"Not agree and quit","wxPrivacyPopup.agree":"Agree and continue","wxPrivacyPopup.contractName":"User Privacy Protection Guidelines","wxPrivacyPopup.disagreeDesc":"If you do not agree to the privacy agreement, you cannot use the relevant features","starLevel":"Star Level","star":"star","emptyAddress":"No delivery address, please create an address first","addAddress":"Added shipping address","selectAddress":"Select address","coupon":"coupon","warehousingOfGoods":"Warehousing of goods","ownGoods":"Own goods","consignmentGoods":"Consignment goods","pledgedGoods":"Pledged goods","otherGoods":"Other goods","maintenance":"maintenance","merchandiseBilling":"Merchandise billing","inStockInvoice":"Invoice for goods in the warehouse","notInStockInvoice":"Merchandise not in stock invoicing","slogan":"A can sell goods two luxury store management software","pages.language.title":"Language switching","form.require_tips_log":"Information with the subscript * is required for goods to be stored","goods_category":"Commodity classification","goods_condition":"Product quality","goods_image":"Product picture","form.goods_image_tips_log":"Upload clear product pictures to help get more traffic on the exhibition online! No psoriasis, logo, shadow, etc.; The effective pixel width or height is not less than 70%, and a maximum of 9 images can be uploaded","goods_attribute":"Commodity attribute","goods_attribute_tips_log":"Commodity attribute is a supplement to commodity information, which is helpful for commodity search and selection","consignment_goods":"Consignment goods","pawned_goods":"Pledged goods","others":"other","tips_i_see":"I know.","form.goods_sku_tips_log":"Provided by the supplier or manufacturer, is the identification of each product at the production or supply end","form.goods_sku_placeholder":"Please enter the product code","form.goods_code_tips_log":"It is defined by the seller itself for internal management of inventory and sales records","goods_sku":"Commodity code","goods_code":"Independent coding","form.text_clear":"One-click clear","brand":"brand","form.brand_select_placeholder":"Please select a brand","series":"series","form.series_select_placeholder":"Please select series","model":"Model number","form.model_select_placeholder":"Please select model","condition_new":"New unused","condition_used":"second-hand","form.check_data":"Please check the form","error.find_goods_empty":"Cannot find the item that needs to be modified","error.goods_id_require":"Please select the item you want to modify","error.picture_cannot_be_empty":"The product picture cannot be empty","error.select_edit_data":"Please select the data to modify","check_form_data":"Please check the form","base.data.add":"New data","base.data.edit":"Edit data","success":"Successful operation","sex.male":"male","sex.female":"female","sex.secret":"confidentiality","sex.other":"other","sex.unknow":"Be common","product_warranty_card.have":"have","product_warranty_card.nothing":"no","form.recycling_time_placeholder":"Please select a recovery time","form.goods_tips.repetition":"The current tip already exists","form.goods_tips.required":"Please enter tips","form.goods_tips.tips":"Tips are displayed on the warehouse item details page only","form.input_clear":"One-click clear","goods_attribute.no_attachment":"No attachment","goods_attribute.packaging_box":"Packing box","goods_attribute.invoice":"invoice","goods_attribute.receipt":"receipt","goods_attribute.warranty_card":"Pauka","goods_attribute.certificate":"certificate","goods_cost.form.cost_name_required":"Please select a cost type","goods_cost.form.money_required":"Please fill in the cost amount","mvmt_type":"Movement type","case_matl":"Case material","dial_dia":"Dial diameter","matl":"Wood quality","sz":"Chi Cun","fit_sz":"Foot size","form.placeholder_case_matl":"Please enter the case material","form.placeholder_dial_dia":"Please enter dial diameter","form.placeholder_matl":"Please enter material","form.placeholder_sz":"Please enter size","form.placeholder_fit_sz":"Please enter size","form.placeholder_mvmt_type":"Please enter movement type","nothing":"no","ALL":"All","form.goods_unlock.tips":"Once unlocked, it will be released as available stock","add_tips":"Add tips","unlock":"Unlock","form.goods_unlock.reason":"Please enter the reason for unlocking (optional)","input.add_tips.name":"Please enter a tip name","all.employees.online":"All employees online","explain.on.sale":"Goods for sale","explain.warehouse":"Stash","explain.warehouse6":"2. Support product expansion (all) information view, such as: independent code, card year, note information, recovery time, recovery personnel.","explain.warehouse0":"Complete the goods warehousing operation:","explain.warehouse1":"1. Storage only: the product is in the process of recycling or completed recycling but cannot be sold, such as: the product has not arrived in the store, the product has not been inspected, and the product needs maintenance","explain.warehouse3":"Convenient warehouse operation:","explain.warehouse4":"1. The home page supports quick operations, such as adding additional costs, changing product locations, changing appraisers, viewing operation logs, etc.","explain.warehouse5":"2. Support warehouse goods screening, such as: recycling type, recycling personnel, recycling time, product location, labels, etc.","explain.warehouse7":"3. Support warehouse data statistics, such as: today's shelves, today's upload, total number of goods, cost, etc.","explain.warehouse8":"4. Supports batch operations, such as batch sharing, batch printing, batch deletion, batch editing.","explain.warehouse9":"Product operation:","explain.warehouse10":"1. Support all product operations, such as: editing, locking, printing, off and on shelves.","explain.warehouse11":"2. Support product expansion (all) information view, such as: independent code, card year, note information, recovery time, recovery personnel.","explain.on.sale0":"1. The goods placed in the warehouse and put on the shelves are called goods for sale, indicating that the goods are sellable, and the store staff can carry out sales actions such as one-click forwarding of the circle of friends.","explain.order0":"Store sales completed the order action, the order can be viewed in the order management function.","explain.order1":"1. View all sales data of the store to view the store's past sales, gross profit margin, sales volume, annualized return rate, etc.","explain.order2":"Through screening, the transaction situation of the store can be analyzed according to the recycling type and order type.","explain.order3":"Order modification, return, sharing, delivery and other functions can be achieved by editing the order.","explain.order4":"2. Consignment settlement","explain.order5":"Manage consignment orders and customer payments through payment options.","explain.order6":"3. Returned","explain.order7":"Support all return orders, return reasons, etc. View.","explain.order":"Order management","explain.lock":"Lockout goods","form.payment_receipt_log":"The uploaded details can always be used for third-party platforms such as 95 points and Douyin synchronization, and can be used for display between peers","form.payment_receipt_log0":"Whether the billing\/locking voucher is required","form.payment_receipt_log1":"It can be set in setting center\/store Parameter Settings - Lock voucher voucher required Settings,","form.payment_receipt_log2":"After the setting is required, you will need to upload [certificate] when issuing or locking orders next time.","go_to_settings":"Go to Settings","form.salesman.select":"Please select a salesperson","add.after_sales_service":"Add custom after-sales support","input.after_sales_service":"Please enter custom after-sales support (limited to 10 words)","tips.after_sales_service":"The current after-sales protection already exists","max_img_count9":"Add a maximum of 9 images","form.receipt_voucher":"Receipt voucher","form.remark":"remark","input.remark":"Please enter remarks (limited to 250 words)","form.delivery_address":"Delivery address","form.after_sales_service":"After-sales guarantee","custom":"Custom","input.delivery_address":"Example: Zhang SAN 13077584114 Zhejiang University, No.866 Yuhangtang Road, Xihu District, Hangzhou City, Zhejiang Province (limited to 250 characters)","form.in_total":"total","tips.order_type":"Order type","form.order_type.select":"Please select the order type","error":"Operation failure","out_of_stock":"Out of stock","form.custodial_customer":"Custodial customer","form.settlement":"settlement","form.settlement.no":"Outstanding money","form.settlement.tips":"Confirm the settlement operation","copy":"copy","form.original_take_home_price":"Original take-home price","upload.settlement":"Please upload payment voucher (optional)","form.settlement.remark":"Settlement note","input.settlement.remark":"Please enter the payment remarks","no_data":"No data available","error.transaction_time_is_incorrect":"The query time type is incorrect","register_account":"Register an account","input.certificate_name.tips":"Please enter your real name","form.email":"mailbox","input.email.tips":"Please enter email","form.password":"cipher","input.password.tips":"Please enter password","form.confirm_password":"Confirm password","input.confirm_password.tips":"Please enter your password again","input.confirm_password.tips2":"Two passwords do not match","form.code":"Verification code","input.code.tips":"Please enter your email verification code","get.code":"Get verification code","try_again_in_seconds":"Try again in seconds","form.invitation_code":"Referrer (optional)","input.invitation_code.tips":"Please enter your referrer ID or store number","register_btn":"Sign in","go_login":"Go and log in","input.effective_email.tips":"Please enter a valid email address","code_success":"The verification code is sent successfully. Procedure","code_error":"Failed to send the verification code. Procedure","account_exist":"Already have an account,","reset_password":"Change password","form.old_password":"Old password","input.old_password.tips":"Please enter your old password","confirm_edit":"Definite modification","explain.inStock":"Invoice for goods in the warehouse","explain.onSale":"Goods for sale","pages.lockOrder.list":"Lockout goods","pages.lockOrder.detail":"Lock ticket details","explain.lock1":"1. To prevent one goods from selling two, such as: wechat to collect deposit to keep goods, to avoid other personnel to sell again.","explain.lock2":"2. To prevent the money account is not uniform, such as: live broadcast, idle fish and other platforms sold, the money to the account has a cycle, it is recommended to lock the order first, the money to the bill.","explain.lock0":"The lock order function is to sell or order goods through the platform to suggest your lock order operation.","screen":"screen","form.lock":"Confirm the lock list item","form.lock.tips":"After the lock list, part of the lock list inventory cannot be sold by others","form.salesman":"Sales staff","form.earnest":"Deposit (optional)","default0":"If no value is specified, the default value is 0","form.voucher":"proof","form.expected_transaction":"Expected transaction (optional)","input.address":"Please enter the shipping address","form.lock_remark":"Lock Note (optional)","input.lock_remark":"Please enter the lock ticket remarks","form.delivery_address.optional":"Delivery address (optional)","form.lock_num":"Quantity of ticket","default1":"The default value is 1","saler_tools.pages.identify.lists.wait_pay":"To be paid","saler_tools.pages.identify.lists.wait_supply":"To be added","saler_tools.pages.identify.lists.finish":"completed","saler_tools.pages.identify.lists.cancel":"Cancelled","saler_tools.pages.identify.lists.identifying":"evaluating","appraisal":"appraisal","appraisal0":"1. Appraisal and valuation","appraisal1":"1. Duration: 3-5 minutes from 10:00 to 22:00.","appraisal2":"2. Cycle: Within 72 hours, 300 appraisers continue to give results.","appraisal3":"3. Fee: Free 3 times per user, 19.9 yuan\/time for store members, 39.9\/ time for non-members.","appraisal4":"2. Identification of appraisers","appraisal5":"1. Appraisal appraisers need to be invited to review by the platform (experts in subdivided fields).","appraisal6":"2. Appraisal appraiser income: 50% of the order income will be allocated to the appraisal appraiser with the \"fastest appraisal result\" and the \"highest bottom price\".","appraisal7":"Iii. Order results","appraisal8":"1. Picture appraisal: The more comprehensive the information, the more accurate the results. Try to shoot - authenticity identification points, color details, accessories (receipt, guarantee card, full - packaging).","appraisal9":"2. Picture identification: accuracy 99.4%(based on the visible judgment part of the picture), if in doubt can be sent to the identification center for physical identification.","appraisal10":"3. Picture valuation: The recommended recovery price is the bottom price with a high probability (valid for 72h)","appraisal11":"Note: If there is a large difference between the first place and the second and third places, it is recommended to consult the customer service first whether it is an incorrect quotation to avoid unnecessary losses.","appraisal12":"Four, the bottom service","appraisal13":"1. Charge: Charge the bottom buyer 2.5% commission (3000 Max), seller free.","appraisal14":"2. How to deal: Contact luxury home customer service - SF Express to luxury home quality inspection center - quality inspection passed - undercover buyers to make payments.","appraisal15":"3. Nature of intermediary transactions: To protect the rights and interests of both buyers and sellers, to avoid \"true and false disputes\", \"hand knife\" and other situations.","identify0":"See the truth","identify1":"Judging from the pictures you take and the identification points you submit, it is basically in line with the \"look at the truth\" conclusion drawn from the brand process.","identify2":"Watch the vacation","identify3":"Judging from the pictures you take and the identification points you submit, there are differences in the brand process of individual parts, and the conclusion of \"looking at fake\" is drawn.","identify4":"invisibility","identify5":"From the pictures you took, submitted identification points, etc., because of the shooting Angle, light, etc., can not be judged, and the conclusion is \"not clear\".","identify6":"This conclusion is for reference only and does not have legal effect. If there is any objection, you can further choose the \"luxury home appraisal center\" for physical appraisal.","identify":"Order details","order_details":"Order details","my_order":"My order","place_order":"Place an order","appraisal_photo":"Appraisal pictures of goods","appraisal_tips":"Upload clear product map, appraisal and valuation will be more accurate","upload_photos":"Upload pictures","max_img_count50":"(Upload up to 50 photos)","is_have_attachment":"Is there any attachment?","multiple_choice":"Multiple choice","form.year":"A given year","select_year":"Please select a year","form.product_info":"Commodity information","form.product_info.tips":"Please accurately describe the quality and defects of the goods, so that the quotation will be more accurate.","form.product_info.placeholder":"Detailed description of the style, size, year, accessories, defects and other information, so that the appraisal structure is more accurate.","select_goods_category":"Please select a product category","input.goods_code":"Please enter a separate code","i_agree":"I have read and agree","appraisal_notice":"Notes to Appraisal Buyers","appraisal_expense":"Appraisal fee","form.original_cost":"Original price","immediate_payment":"Immediate payment","years":"years","saler_tools.pages.identify.detail.goods_category":"sort","saler_tools.pages.identify.detail.goods_category.tips":"Please select category","saler_tools.pages.identify.add.goods_category":"sort","saler_tools.pages.identify.add.goods_category.tips":"Please select category","fold":"Pack up","unfold":"unfold","appraisal_appraiser":"Appraisal appraiser","appraisal_result":"Identification result","appraisal_remark":"Appraisal appraiser message","appraisal_explain":"The appraisal result is based on the visible part of the picture provided by the user.","icon.home":"Home page","icon.my":"mine","look_true":"See the truth","look_false":"Watch the vacation","look_unclear":"invisibility","issue_appraisal":"Issue appraisal","in_appraisal":"In appraisal","end_appraisal":"Appraisal cut-off","order_info":"Order information","order_no":"Order number","appraisal_money":"Appraisal amount","payer":"drawee","pay_time":"Time of payment","form.before_select_brand":"Please select the brand first","i_want_identification":"I want an appraisal","goods_detail":"Product details","form.shop_name":"Shop name","input.shop_name.tips":"Please enter the store name","shop_address":"Shop address","input.shop_address.tips":"Please enter the store details address","register_immediately":"Register now","share_img":"Share cover","share_img.tips0":"Used to share goods when the small program display,","share_img.tips1":"Can upload the code store image picture.","share_img.tips3":"The recommended image length ratio is 5:4","input.share_img":"Upload applet cover","wechat_friend":"Wechat friend","facebook":"facebook","goods_link":"Copy link","share_product":"Share goods","share_img.tips2":"Click on the left to upload the cover","batch_share":"Bulk sharing","batch_print":"Batch printing","batch_delete":"Batch deletion","batch_edit":"Batch editing","search_placeholder":"Search for product name\/Description\/Remarks\/Independent code","item_show":"reveal","item_hide":"Hidden","all_info":"All information","uploaded_today":"Upload today","listed_today":"On sale today","total_goods_count":"Total number of commodities","total_cost":"Total cost","look_warehouse":"View warehouse assets","form.count":"quantity","form.take_home_price":"Take-home price","form.peer_price":"Trade price","form.agent_price":"Agency price","form.sale_price":"Selling price","form.location":"Commodity location","form.update_time":"Update time","pack_up_more":"Pack up more","see_more":"See more","form.initial_cost":"Original cost","form.plus_total_cost":"Total additional cost","add":"append","form.inbound_time":"Warehousing time","form.system_code":"System coding","alter":"alter","form.recycling_name":"recycler","form.appraiser_name":"appraiser","add_public_price_information":"Add public price information","look_log":"Viewing Operation logs","no_goods":"Out of stock","not_filled":"Not filled","form.recycling_time":"Recovery time","OK":"OK","goods_total_initial_cost":"Total cost of goods","goods_plus_total_cost":"Total additional cost of goods","explain.own_goods":"Own commodity warehouse","explain.consignment_goods":"Consignment warehouse","explain.pawned_goods":"Warehouse for pledged goods","explain.others":"Other goods warehouse","by_latest_update":"As recently updated","by_longest_update":"Update as long as possible","by_latest_storage":"Press Enter latest","by_longest_storage":"Maximum storage time","by_highest_price":"At the highest price","by_lowest_price":"Lowest price","available":"Already listed","select_all":"select all","reverse":"Invert selection","select.appraiser_name":"Please select an appraiser","continuous_storage":"Continuous storage","public_price_info.tips":"Select the public price map to fill in the base parameters","upload_ai":"(Can support upload or AI map recognition)","NEW":"NEW","add_quality_pictures":"Add quality pictures","more_attractive":"More attractive!","ai_result":"AI recognition result","public_price_info.tips1":"Selecting the public price map will automatically fill in the basic product information for you","public_price":"State price","more_public_price_img":"See more public price map","goods_video":"Product video","goods_video.tips":"(Video duration cannot be longer than 60 seconds)","add_goods_video":"Add product video","detail_drawing":"Detail drawing","including_defect_drawing":"(including defect drawings, etc.)","look_sample_graph":"View sample diagram","max_img_count25":"Up to 25 images","goods_description":"Product description","goods_description.tips":"(Detailed description allows users to better understand your product)","goods_description.placeholder":"For example: Rolex submariner Black water ghost 1160 16 full set of hot hard goods, welcome to taste","intelligent_filling":"Intelligent filling parameter","intelligent_filling.tips":"By identifying the content of the product description, the system fills in the brand series model of the brand parameters of the basic parameters of the product","diy.goods_tips":"Custom tips","form.goods_name":"Trade name","goods_description.placeholder1":"If you do not fill in, automatically capture the first 50 words of the product description","form.guide_price":"Official guide price","input.guide_price":"Please enter the official guide price","basic_parameter":"Basic parameter","form.stock_count":"Inventory quantity","input.stock_count":"Please enter inventory quantity","form.stock_count.tips":"After modifying the inventory, the lock ticket record will be cleared","input.total_cost":"Please enter the total cost","form.additional_cost.tips":"Add\/modify additional costs","add_plus_total_cost":"Add additional cost","select.goods_location":"Please select a product location","form.recycle_type":"Reclamation type","diy_edit":"Custom (edit)","select.recycling_name":"Please select a recycler","form.recycling_image":"Recovery note diagram","form.recycling_image.tips":"(Warehouse management permission - warehouse - View recycling remarks chart)","form.target_audience":"Applicable population","form.goods_guarantee_card":"Commodity guarantee card","guarantee_card_or_code":"Secure card pictures or individually coded photos for the record","privacy":"(not for public display)","form.goods_tag":"tag","form.goods_attachment":"Merchandise accessories","max_add_img_count25":"(Add up to 25 images)","synchronization.tips":"Merchandise is synchronized to affiliate stores and online shows","synchronization.tips1":"Tip: Peer prices will be displayed in affiliate stores and online shows","save_and_up":"Save and list","save_and_down":"Save and remove from store","inbound_and_up":"Store and put on shelves","only_inbound":"Warehousing only","add_location":"Add product location","form.inbound":"Be put in storage","switch_grids":"Switching grid","intelligent_screenshots":"Smart screenshot","forwarding":"retransmission","one_click_download_graphics":"Download text with one click","show_or_hide":"Show\/hide","form.extended_info":"Extended information","form.category":"sort","goods_operation_record":"Merchandise operation record","look":"view","form.system_code.tips":"The code is automatically generated by the system and has uniqueness","look_custodial_customer":"View Hosting Customers","warranty_card_year":"Guaranteed year","last_update":"Last update","form.uptate_name":"Update staff","form.shelf_time":"Shelf time","form.inbound_name":"Warehousing personnel","form.inbound_source":"Storage source","iOS":"iOS","edit":"EDITOR","lock":"Locking list","toggle_location":"Change location","goods_down":"delist","goods_up":"listing","order_billing":"billing","remove":"Remove","absence":"deficiency","existence":"exist","redemption":"redemption","total_take_home_price":"Total take-home price","look_cost_changes":"View cost changes","is_remove_goods":"Are you sure to remove the product?","is_goods_existence":"Sure the goods exist?","is_goods_absence":"Identify goods missing?","absence_count":"Missing quantity","take_stock_remark":"Note of inventory","optional":"(Optional)","input.take_stock_remark":"Please enter inventory remarks. For example: to be borrowed for visits, taken to exhibitions, etc","existence_count":"Quantity of presence","input.existence_count":"Please enter the number of existing","form.stock_count.tips1":"There is no available stock at present, please go to the lock list","lock_bill":"Lock bill billing","is_redemption_pledge":"Confirm the redemption of the pledged goods","input.is_redemption_pledge":"Please enter redemption transaction price (Yuan)","definite_redemption":"Definite redemption","no_copy":"No copy is available","redemption_and_error":"Exists (but the product is in the wrong position)","form.stock_count.tips2":"The inventory cannot be less than 0","inbound_success":"Successful product launch","is_goods_down":"Are you sure about the product?","goods_down_success":"The product was successfully removed","added":"Have been added","long_press_data":"(Long press data to adjust the sort)","max_character6":"Enter a maximum of 6 characters","editParam":"Additional cost type Settings","search_brand_name":"Search brand name","search_series_name":"Search series name","share_mini_program":"Share applet shop","share_optional_goods":"Share (select) goods","puzzle_making":"Jigsaw puzzle making","text_marking":"Text making","print_labels":"Print labels with one click","location_inform1":"1. Keep real-time synchronization between [commodity location] data and [warehouse] data","location_inform2":"2, when the product [invoice] and [delete] will not be displayed in the product location","no_distribution_location":"Unassigned location goods","aggregate":"total","goods_pieces":"Piece of product","location.tips0":"The product location will be displayed in the warehouse list, in the sale list, you can track and modify the location of the product in real time","location.tips1":"1. The system default general commodity location: on the way, in the store, maintenance and maintenance.","location.tips2":"2. Create according to the actual needs of merchants, such as: watch broadcast room, West Lake branch, etc.","location.tips3":"3. After the product location is created, the name cannot be modified, and the location of the product is unique. 4. Quick editing of product location: Support scanning code addition, batch transfer and other operations.","max_character10":"Enter a maximum of 10 characters","confirm_delete_shipments":"Are you sure to delete selected product shipping information?","sampleGraph":"Sample graph","batch_shift":"Batch transfer","shift.tips0":"Removing the item from the list does not affect the actual stock","add_goods":"Add goods","scan_add":"Scan code addition","h5_nonsupport":"H5 does not support this feature","agreement_not_exist":"Agreement does not exist","add_personnel":"Add personnel","add_time":"Add time","temporary":"Temporary warehouse","search_temporary":"Search for temporary warehouse number\/Temporary warehouse name","create_temporary":"Create temporary warehouse","goods_sold":"Goods sold","serial_number":"ID","founder":"founder","new_create_temporary":"New temporary warehouse","confirm_delete_temporary":"Confirm deletion of temporary bin","temporary.tips0":"A temporary warehouse created to facilitate the temporary grouping of goods","temporary.tips1":"1. Product sharing app","temporary.tips2":"1.1 For example: exhibition temporary warehouse, live supply temporary warehouse, maintenance temporary warehouse.","temporary.tips3":"1.2 Support temporary warehouse wechat mini program sharing","temporary.tips4":"2. Temporary warehouse features","temporary.tips5":"2.1 A product supports multiple temporary warehouses at the same time.","temporary.tips6":"2.2 Adding a temporary warehouse, the warehouse list is still visible.","temporary.tips7":"2.3 Product changes do not affect the original inventory information.","temporary.tips8":"3. Temporary warehouse invoice","temporary.tips9":"3.1 There is a special identifier for temporary warehouse opening on the order management interface.","form.certificate_name":"Real name","input.currency_code.tips":"Please select the system display currency type","input.currency_code.tips1":"Currency type. The value cannot be changed after selection","currency_code":"Currency type","today":"today","yesterday":"yesterday","this_week":"This week","this_month":"Current month","last_month":"Last month","months":"month","days":"day","order_billing_count":"Invoice quantity","order_code":"Order code","order_status":"Order status","settlement_status":"Settlement status","sales_time":"Sales time","billing_personnel":"Billing officer","billing_time":"Billing time","order_remark":"Order note","sales_return":"Return goods","alter_order":"Modify the order","confirm_sales_return":"Confirm return operation?","sales_return.tips0":"After the return, the item will be restored to the unstocked list and deducted in the sales analysis","input.sales_return_reason":"Please enter the reason for return (optional)","confirm_delete_operation":"Are you sure you want to delete?","delete.tips0":"After deleting the order, the recycle bin can be viewed","input.delete_remark":"Please enter Delete Remarks (optional)","sales_returnsales_return":"Return goods","status":"status","delivery":"Deliver goods","not_shipped":"unshipped","shipped":"shipped","returned_goods":"Returned","start_time":"Start time","end_time":"End time","quantity_sold":"sell","sales_volume":"Sales volume","gross_profit":"Gross profit","gross_margin":"Gross profit margin","look_sales_volume":"View Sales Analysis","salesman":"sell","form.order_type":"Order type","balance_paid":"Balance paid","refunded":"Refunded","form.annual_rate":"annualization","form.transaction_price":"Closing price","confirm_delete_select_order":"Are you sure to delete the selected order?","select_time":"Selection time","by_lowest_annual":"The lowest on an annualized basis","by_highest_annual":"Highest on an annualized basis","by_latest_sales":"As recently sold","by_longest_sales":"Sell as long as possible","by_latest_delivery":"Shipped as soon as possible","by_longest_delivery":"Deliver the goods as soon as possible","delivery_name":"Dispatch personnel","delivery_time":"Delivery time","explain.delivery":"Delivery management","explain.delivery.tips0":"The lock order and billing order will enter the shipping management - to be shipped interface","explain.delivery.tips1":"1. To improve the efficiency of the store, the store can set rules, such as: fill in the delivery address, the default platform sales need to be delivered.","explain.delivery.tips2":"2. Convenient delivery, has been through SF AP1, support SF single scan code, manual input.","explain.delivery.tips3":"3. Quick query, real-time synchronization of shipped orders SF logistics information, and support wechat one-click customer sharing.","explain.delivery.tips4":"4. Clear records, support delivery personnel, delivery layout, SF order number and other information query.","immediate_delivery":"Immediate delivery","form.delivery_remark":"Shipping note","input.delivery_remark":"Please enter shipping notes","search_delivery":"Search Remarks\/Product name\/Order number","employee_auth":"Employee authority","input.employee_auth.search":"Please enter employee name\/email address","operator":"operator","add_employee":"Add staff","employee_auth.tips0":"Store sales completed the order action, the order can be viewed in the order management function.","employee_auth.tips1":"1. Identity template: The system recommends three kinds of templates, merchants can edit and modify themselves.","employee_auth.tips2":"2. Sensitive permissions are all in red. Open with caution.","employee_auth.tips3":"3. Sensitive permission description","employee_auth.tips4":"3.1 Cost price: can not be viewed after the storage without permission, if the storage manager has the need to view, open with caution.","employee_auth.tips5":"3.2 Peer price: Reasonable allocation of authority according to the actual division of labor in the store.","employee_auth.tips6":"3.3 Viewing escrow Customers: Viewing consigned goods customer information.","employee_auth.tips7":"3.4 Permanent Deletion: The function in the recycle bin is unique to the operator.","employee_auth.tips8":"3.5 Modify the cost price: If no permission can not be modified, some warehouse management needs, cautiously opened (commodity cost changes can be realized through additional costs, such as maintenance fees).","employee_auth.tips9":"3.6 Deleting goods: Delete goods in the store and open sensitive permissions with caution.","employee_auth.tips10":"3.7 Modify the order: you can edit the information such as the transaction price and after-sales guarantee of the order and open it cautiously.","employee_auth.tips11":"3.8 Deleting orders: It is recommended that operators only delete orders","employee_auth.tips12":"3.9 Employee Rights: With this permission, you can add or subtract the permission Settings of yourself and other personnel.","employee_auth.tips13":"3.10 Clear store data: Set center - store parameter Settings - one-click clear, including orders, messages, bills, salaries, etc., can not be recovered.","enabled":"Have been enabled","disabled":"Stopped","edit_employee":"Modify employee rights","form.account":"Account number","input.employee_auth":"Please enter your mobile phone number\/email address","form.name":"name","input.name":"Please enter your name","form.role":"standing","select.role":"Please select identity","create_salary":"Create salary","create_salary.tips0":"Open the button to create the employee salary, which can be viewed in Salary management","enabling_accounts":"Enable account","enabling_accounts.tips":"It is recommended to turn this option off if an employee leaves","set_auth":"Set permissions","set_auth.tips0":"The Enable button allows you to set permissions","update_and_save":"Updating this identity module only affects the default permissions when a new user identity is granted and does not affect the permissions of users who have used this identity historically","left_slide_delete_role":"Swipe left to delete identity","add_role":"Add identity","input.role_name":"Please enter an identity name","unable_edit_super_admin":"Unable to edit the super administrator","add_success":"Add successfully","add_error":"Add failure","delete_success":"Successfully deleted","delete_error":"Deletion failure","save_timeout":"Save timeout","save_success":"Save successfully","save_auth_set_success":"The permission Settings are saved successfully","save_auth_set_error":"Failed to save permission Settings","update":"Renewal","shop_manager":"Store manager","auth_and_save":"Permission and save","appc.ALL":"All","switch_stores_success":"Switch shop successfully","new_shop_register":"New store registration","immediate_switch":"Immediate switch","immediate_register":"Register now","immediate_new_shop":"Open shop now","expiration":"expire","today_billing":"Bill today","online_expo":"Online exhibition","peer_group":"Peer group","goods_sold_out":"The product has been removed from the shelves","peer_price":"Trade price","online_exhibition":"Online exhibition","online_exhibition.tips1":"Products: 800,000 peer price real-time inventory, real-time rate of 95%.","online_exhibition.tips2":"Home products: The latest listed products, price reduction of more than 100 yuan (45 days lowest price).","online_exhibition.tips3":"Text search: The more detailed the search keywords, the more accurate the results, and fuzzy search can be used when the results are less.","online_exhibition.tips4":"Image search: Image search only shows part of the associated public goods, the results are less, you can try text search.","online_exhibition.tips5":"One-click forward: Support one-click download picture copy copy forward circle of friends.","online_exhibition.tips6":"Product collection: convenient to buy in bulk.","online_exhibition.tips7":"Buy: Peer trade can be knife, bargaining please gentle.","online_exhibition.tips8":"Seller: Luxury master purchase, sales and storage member merchants, all entered by the platform review.","online_exhibition.tips9":"Offline payment: support to view the store contact information, offline transactions before the risk of trade to seek credit.","online_exhibition.tips10":"Online payment: UnionPay supervision, logistics signing 24h to the account, trade more secure.","online_exhibition.tips11":"Service Fee: Transaction fee 0.6%, borne by the buyer.","online_exhibition.tips12":"Wallet opening: My - platform certification, for online payment, appraisal and evaluation code and other services.","online_exhibition.tips13":"Wallet: 0.6% withdrawal fee, a single limit of 100,000 months is not capped.","online_exhibition.tips14":"24h\/72h: The product supports full payment operation, please confirm with the seller twice.","online_exhibition.tips15":"Bid: After the bid, the seller can contact the buyer directly.","online_exhibition.tips16":"Message push: Bind luxury home public number, micro reliance push.","tabbar.bid":"bid","tabbar.collect":"Collect","tabbar.product":"product","agreed":"Agreed","not_responded":"No response yet","rejected":"Declined","each_other_agreed":"The other party has agreed","each_other_not_responded":"The other party has not responded yet.","each_other_rejected":"The other party has refused","you_have_agreed":"You have agreed","you_have_not_responded":"You haven't responded yet.","you_have_rejected":"You have refused","bid_search_placeholder":"Search product name","give_you_offer":"Make you an offer","your_bid":"Your bid","bidder":"bidder","counteroffer":"bargainer","contact_TA":"Contact TA","i_received_bid":"I received an offer","my_bid":"My bid","input.bid_price":"Please enter a bid price","his_bid":"His bid","i_want_to":"I want to","input.bid_price.tips":"The bid price cannot be less than or equal to 0","immediate_dicker":"Immediate counteroffer","agree":"agree","reject":"Turn down","pages.collect.lists.on_sale":"Valid commodity","pages.collect.lists.sold_out":"Invalid goods","form.real_name":"Real name","input.real_name.tips":"Please enter your real name","hot_search_price":"Hot search price","explore_now":"Explore now","historical_check":"Historical check","popular_brand":"Popular brand","public_price_inquiry":"Public price inquiry","public_price_detail":"Particulars of official rates","counter_price":"Counter price","market_data":"Market data","market_average_price":"Average price","market_near_90day_price":"Near 90-day price","public_price_detail.tips0":"The data source is the commodity display price of online exhibition, and the price is affected by factors such as color years, for reference only","info":"Message","error_feedback":"Error feedback","public_price_inquiry_feedback":"Public price inquiry feedback","input.model":"Please enter the model number","input.counter_price":"Please enter the counter price","content_supplement":"Content supplement","input.content":"Please enter supplementary content","public_price_inquiry_feedback.tips0":"Upload [effective screenshot] can make the problem priority to be found oh ~","send":"send","maintenance_search":"Search policy name\/Independent code\/keyword","repair":"repair","service_cost":"Service cost","charge_amount":"Amount charged","perfect_singular":"Perfect singular","actual_cost":"Actual cost","actual_charge":"Actual charge","diamond_setting":"Diamond setting","maintenance.tips0":"Shop to undertake maintenance business orders","maintenance.tips1":"1. Support the creation of service orders, including service amount, cost, maintenance personnel, order receiving personnel, service items, etc.","maintenance.tips2":"2. Support ongoing, completed, canceled maintenance services, support editing, viewing, screening, sharing and other operations.","confirm_delete_select_receipt":"Are you sure to delete the selected acceptance?","in_progress":"Under way","completed":"completed","cancelled":"Cancelled","by_latest_complete":"As recently completed","by_longest_complete":"Finish as long as possible","by_latest_cancel":"Cancelled as recently as possible","by_longest_cancel":"Press the longest to cancel","maintenance_receipt_details":"Maintenance receipt details","share":"Share","maintenance_details":"Maintenance details","extended_info":"Extended information","service_type":"Service type","estimated_charge":"Estimated charge","one_click_download":"One-click download","service_personnel":"Service personnel","order_taker":"Order taker","estimated_service_cost":"Estimated service cost","creation_time":"Creation time","creator":"creator","customer_info":"Customer information","store_sharing":"Store sharing","store_sharing.tips1":"Allow to view all the items on sale in the store","is_show_detail_drawing":"Whether to show details","prices_shown_sharing":"Prices shown when sharing","set_applet_cover":"Set the applet cover","add_maintenance_receipt.tips1":"Information in the subscript * is required, if the person in the current order cannot meet your business needs, it can be found in","add_maintenance_receipt.tips2":"[Maintenance personnel type management]","add_maintenance_receipt.tips3":"Add in","input.goods_name50":"Please enter product name (within 50 words)","service_type_multiple_choice":"Service type (multiple options)","input.estimated_charge0":"Please enter the fee required for the service. If not, the default is 0","service_personnel_select":"Please select a service person","order_taker_select":"Please select an order taker","remark_placeholder":"For example: the movement is damaged and needs to be returned to the factory for maintenance, which lasts half a month...","confirm_creation_service":"Confirm creation service","show_all_employees":"Show all employees","add_costom_service_type":"Add a user-defined service type","input.add_costom_service_type10":"Please enter a custom service type (limited to 10 words)","add_service_cost":"New service cost","maintenance_content":"Maintenance content","input.maintenance_content":"Please enter the repair content","input.service_cost":"Please enter service cost","buying":"Buy","uploading":"Up cross","edit.repair":"Edit maintenance receipt","add.repair":"New maintenance receipt","my_big_brand":"My big card","peers_looking_for_goods1000":"1000+ peers looking for goods","all_brand":"All brands","latest_release":"Latest release","unit":"a","release_style_requirements":"Release style requirements","new_recommendations_daily":"New recommendations daily","one_click_inbound":"One-click access to the library","my_container":"My container","goods_on_sale":"Sold goods","goods_being_sold":"Goods for sale","share_log":"Share record","share_log.tip0":"Left swipe to delete, after deleting the share record, the share link will be invalid","share_choice":"Share choices","show_prices":"Display price","sharer":"sharer","contact_information":"Contact information","shop_card":"Shop card","by_latest_repair":"Last repair","by_longest_repair":"Maintain as long as possible","cancel_order":"Cancel an order","cancael_reason":"Cancellation reason","input.cancel_order":"Please enter the reason for cancellation","input.actual_amount":"Please enter the actual amount","complete_service":"Complete service","actual_amount":"Actual amount","input.actual_charge":"Please enter the actual charge amount","input.actual_cost":"Please enter the actual cost","product.edit":"Commodity editor","open_vip":"Open a membership","online_exhibition_vip":"Online Exhibition VIP (Buy)","open_vip.tip0":"Open membership, enjoy exclusive VIP service.","open_vip.tip1":"1w+ users have opened VIP","open_vip.tip2":"Open online exhibition VIP","vip":"member","vip_exclusive_privilege":"Super privileges for VIPs","more_privileges":"More privileges","pay_after_discount":"Pay after discount","open_immediately":"Open immediately","member_service_agreement":"Member Service Agreement","sales_and_inventory":"purchase-sale-stock","data_analysis":"Data analysis","pc_back_end":"PC background","online_exhibition_sellers":"Online exhibition seller","small_program_store":"Applet store","multi_platform_synchronization":"Multi-platform synchronization","appraisal_and_valuation":"appraisal","not_available":"Not listed yet","identify_order":"Appraisal order","deleting":"deleting","logout":"Log out","loading":"Loading","confirm_to_agree":"Confirm consent?","confirm_to_reject":"Confirm the refusal?","saler_tools.pages.base.share.shop.total_cost":"Cost price","saler_tools.pages.base.share.shop.peer_price":"Trade price","saler_tools.pages.base.share.shop.agent_price":"Agency price","saler_tools.pages.base.share.shop.price":"Selling price","share_goods":"Share goods","share_shop":"Sharing shop","saler_tools.pages.base.share.lists.total_cost":"Cost price","saler_tools.pages.base.share.lists.peer_price":"Trade price","saler_tools.pages.base.share.lists.agent_price":"Agency price","saler_tools.pages.base.share.lists.price":"Selling price","pages.message":"message","pages.my":"mine","pages.collect":"Collect","pages.work":"Control console","pages.home":"Home page","version":"Current version","user_agreement":"User agreement","service_agreement":"Service agreement","privacy_policy":"Privacy agreement","operate":"Controls","settlement_price":"Settlement price","selected_goods":"Selected goods","goods_transferred_out":"Goods transferred out","one_click_clear":"One-click clear","confirm_one_click_clear":"Confirm one click empty?","confirm_delete_select_goods":"Are you sure to delete the selected item?","add_to":"Append to","commodity_inventory":"Commodity inventory","commodity_inventory.tip0":"If the inventory is finished, remember to click [finish] Oh ~","inventory_code":"Inventory number","requested_goods":"Goods on offer","ordered_goods":"Goods on order","existing_goods":"Commodity in existence","missing_goods":"Missing goods","inventory_checker":"check-taker","create_inventory":"Create inventory","commodity_inventory.top0":"Goods support a variety of ways of inventory","commodity_inventory.top1":"1. Warehouse inventory","commodity_inventory.top2":"2. Temporary warehouse inventory","commodity_inventory.top3":"3. Inventory of pledged goods","commodity_inventory.top4":"4. Commodity location inventory","commodity_inventory.top5":"5. Support scanning code inventory: the goods need to hang the two-dimensional code label in advance","you_will_delete":"You will delete","you_will_complete":"You will complete","select_inventory_type":"Select inventory type","inventory_store":"Warehouse inventory","inventory_temp_store":"Temporary warehouse inventory","inventory_pawned_goods":"Inventory of pledged goods","inventory_watch_location":"Merchandise location inventory","own_goods":"Own goods","select.inventory_name":"Please select an inventory person","form.inventory_name":"Stocktaking personnel","createSuccess":"Created successfully","create":"found","inventory.tip1":"Select the item attributes that you want to inventory","inventory.tip2":"Select the categories of goods that need to be counted. If you do not fill in, you will default to all","inventory_name":"Name of inventory","input.inventory_name":"Please enter the inventory name","select.temp_inventory":"Select temporary warehouse inventory","select.watch_location":"Select product location inventory","inventory":"Take stock","inventory_lists_completed":"Inventory list - Completed","inventory_lists_underway":"Inventory list - in progress","modify_inventory_status":"Modify inventory status","not_counted":"uncounted","counted":"Have counted","check_form":"Please check the form","not_found":"Data not found","form.work_name":"Duty","input.work_name.tips":"Please enter responsibility","select.principal":"Please select responsible person","form.principal":"Person in charge","form.weacht":"Wechat ID","input.weacht.tips":"Please enter wechat","form.whats_up":"whats up","input.whats_up.tips":"Please type whats up","form.mobile":"Mobile phone number","input.mobile.tips":"Please enter your phone number","add.contact":"Add a contact","edit.contact":"Edit contact","contact_way":"Contact information","confirm_delete_contact":"Are you sure to delete the contact?","select_type":"Select type","add_type":"Add type","selected_type":"Selected type","amount":"Amount","input.amount":"Please enter the amount.","image":"Picture","max_img_count3":"Up to 3 pictures","original_total_cost":"Original total cost","parameter_error":"Parameter error","form.additional_total_cost":"Total cost price","input.order_billing_count":"Please enter the number of orders to be issued","transaction_price":"Transaction price","input.final_selling_price":"Please enter the final selling price","select_sales_time":"Select the sales time","order_type_setting":"Order type setting","wait_deliver_goods":"Goods to be dispatched","input.search":"Please enter the search content","please_select":"Please choose","price":"Price","cost_price":"Cost price","condition":"\"成色\" 可 以 翻 译 为 \"quality\"","idle":"Idle and not in use","no_lock":"Unlocked order","select_employee":"Please select the employees.","form.shop_name2":"Shop Name 2","please_setting_authority":"Please turn on the \"Set Permissions\" button before setting the permissions","input.authority":"Please enter the permission name for the search","marketing_poster":"Marketing poster","multiple_graphs_share":"Share multiple pictures","product_share":"Product sharing","consignment_delivery":"Consignment delivery","consignment_delivery_lists":"Consignment delivery list","switch_default_price.tip":"After switching to the default price, the modified settlement price will be overwritten by the selected original product price. Are you sure of this operation?","settlement_price_default":"The settlement price is defaulted to","consignment_delivery.tip1":"The consignor is picking goods in the warehouse. After the selection is completed, they wait for the recipient to pick them up","claim_code":"Extraction code","gross_merchandise_inventory":"Total inventory of goods","gross_merchandise_valuation":"Total estimated value of the commodity","to_be_withdrawn":"To be extracted","create_consignment_delivery":"Create consignment delivery","consignment_delivery.tip2":"Enter the pick-up code in the transmission list to pick up the goods","claim_code_transfer_order":"Please enter the eight-digit delivery order pick-up code","extract":"Extract","consignment_delivery.tip3":"The creation of consignment transmission forms can achieve the transmission of pictures and details of goods from Store A to Store B","consignment_delivery.tip4":"1. Sender: Create a transmission list to quickly select goods from the warehouse and support one-click settlement of sales price, peer price, agent price, and cost price.","consignment_delivery.tip5":"2. Recipient: Enter the 8-digit sender's extraction code to extract the goods with one click. Just complete the pricing in the warehouse and they can be put on the shelves for sale.","consignment_delivery.tip6":"Deleting the consignment list will result in the consignment items of the recipient being cleared. Please delete it with caution!","receive":"Receive","shop_logo":"Shop LOGO","shop_logo.tips":"Used for external sales and display","shop_qr_code":"Store QR code","shop_registration_time":"Store registration time","certificate_name":"Authentication name","telephone":"Fixed-line telephone","input.telephone":"Please enter a landline","detailed_address":"Detailed address","phone_number":"Telephone number","input.phone_number":"Please enter the telephone number","shop_profile":"Shop Introduction","input.shop_profile":"Please enter the store introduction","unedited_state.tips":"It is currently in a non-editing state. Please press the button below to switch the state","shop_info":"My small shop","setup_center":"Set up the center","personal_settings":"Personal Settings","personal_data":"Personal information","avatar":"Profile picture","shop_info.tips":"Store (LOGO, name, region, address), upload the cover of the mini-program","message_notification":"Message notification","message_notification.tips":"Store messages, friend notifications, system messages, etc","address_administration":"Address Management","account_association":"Account association","wechat_binding":"Wechat binding","bound":"Bound","cell_phone_number":"Mobile phone number","email_address":"Email address","not_bound":"Unbound","shop_parameter_setting":"Store parameter Settings","lock_invoice_voucher_must_be_set":"Mandatory Settings for lock order issuance vouchers","online_exhibition_default_parameter_settings":"Default parameter Settings for external sales","maintenance_personnel_type_management":"Management of maintenance personnel types","additional_cost_type_settings":"Additional cost type Settings","shop_classification_management":"Store classification management","order_type_management":"Order Type Management","exhibition_location_management":"External sales management","joint_venture_and_online_exhibition_setup":"External sales Settings","the_selling_price_is_visible_to_fans":"The selling price is visible to the fans","peer_price_is_visible_to_fans":"The prices of competitors are visible to fans","blacklist":"Blacklist","contact_way.tips":"Modify\/add (Store contacts, store staff)","upload_the_cover_of_affiliate_and_online_exhibition_shop":"Upload the cover of the store for external sales","other_settings":"Other Settings","about_us":"About Us","check_version":"Check the version","current_version":"Current version","personal_information_and_permissions":"Personal information and permissions","third_party_information_sharing_list":"List of third-party information sharing","clear_cache":"Clear the cache","register_shop":"Register a store","storage_age_warning":"Inventory age early warning","early_warning_record":"Warning prompt record","storage_age_is_more_than":"The storage age exceeds","storage_age_warning.tips1":"1. According to the merchant's needs, the early warning reminder cycle can be selected based on the product attributes and product categories.","storage_age_warning.tips2":"2. It can quickly search for long-stored goods, and perform price adjustments, inventory analysis, sales actions, etc.","storage_age_warning.tips3":"3. Support the screening of products based on the storage age cycle for sharing and forwarding to promote sales.","reminded_goods_count":"The total number of goods has been reminded","reminded_goods_value":"The total value of the goods has been reminded","expired_reminder":"The reminder has passed.","email_login":"Email login","bind_mailbox":"Bind the email address","email":"Email address","please_wait_a_minute":"Please wait for one minute and try again","email_already_bind":"The email address has been bound","is_email_login":"Whether to enable email login","personal_password":"My password","input.personal_password":"Please enter your own password","modify_success":"The modification was successful.","image_type_error":"Only jpeg and png format images are allowed","image_size_error":"The size of the image cannot exceed 2m","change_login_type":"Switch the login method","wechatLogin":"Wechat Login","phoneLogin":"Mobile phone number login","account":"Account number","emailLogin":"Email login","input.phone":"Please enter your mobile phone number","input.email":"Please enter your email address","input.wechat":"Please enter your wechat ID","email_login_is_not_enabled":"Email login has not been enabled yet","logging_in":"Logging in...","invalid_goods":"Expired goods","on_sale_goods":"Goods for sale","detail_picture":"Detailed pictures","synthesis":"Comprehensive","daily":"Daily Report","monthly":"Monthly report","sales_analysis":"Sales analysis","recovery_analysis":"Recycling analysis","asset_analysis":"Asset analysis","additional_cost_analysis":"Additional cost analysis","pledged_goods_analysis":"Analysis of pledged goods","data_analysis.tips":"View the store operation data in real time","current_shop":"Current store","order":"Order","total_sales_volume":"Total sales volume","total_sales":"Total sales","profit":"Profit","total_returned_goods_units":"Total amount of returned goods (pieces)","total_returned_goods_money":"Total amount of returns (yuan)","return_profit":"Return profit","total_amount_inbound":"Total amount of goods entering the warehouse","total":"Total","total_cost_inbound":"Total cost of warehousing","money":"yuan","total_shelf_volume":"Total amount listed","total_amount_lock":"The total amount of locked orders","product":"Commodity","settlement_total":"Service order volume","settlement_total_sales":"Total amount of service","settlement_total_cost":"Total service cost","settlement_profit":"Service profit","only_additional_cost_goods_in_warehouse":"Only count the additional costs of goods in the warehouse (excluding issued orders and deleted goods)","quantity_goods":"Quantity of goods","total_money":"Total amount","proportion":"Proportion","unit_a":"a","agent_commission":"Agency commission","strap_or_accessories":"Watch strap\/accessories","courier_fee":"Express delivery fee","Maintenance_and_washing":"Maintenance and care","type_of_additional_cost":"Additional cost type","click_landscape_to_view":"Click to view in landscape mode","attribute":"Attribute","particulars":"Details","cost":"Cost","gross_amount_cost":"Total cost","attribute_analysis":"Attribute analysis","category_analysis":"Category analysis","to":"to","quantity_pledged":"Quantity of pledge","total_amount_pledged":"The total amount of pledge","redemption_quantity":"Redemption quantity","pledge_leaderboard":"Staking ranking List","total_cost_recovery":"Total recovery cost","total_quantity_recovered":"Total quantity of recycling","entry_details":"Enter details","sales_leaderboard":"Sales ranking list","tips":"Hint","single_sales":"Single-person sales","single_sales_tips":"When there are multiple salespeople for an order, only the first salesperson is counted","multiple_sales":"Multi-person sales","multiple_sales.tips":"When an order has multiple salespeople, it will be counted under multiple names","cost_recovery":"Recovery cost","recycle_and_sell":"Sell after recycling","sales_amount":"Sales volume","payroll_management":"Salary management","payroll":"Salary","swipe_left_to_delete":"Swipe left to delete","gross_salaries":"Total salary","payroll_management.tips":"Create an employee salary plan. Based on actual business statistics, calculate the sales commission, recovery commission, and maintenance cost of sales personnel. The salary details can be locked when distributing salaries.","other_time":"Other times","to_be_issued":"To be distributed","salary_commission_details":"Salary and commission details","select.employee":"Select employees","date_on_board":"Date of employment","selective_need_statistics":"Select the commodity attributes for which performance statistics are required","other_orders":"Other orders","customer_orders":"Customer order","friend_orders":"Orders from competitors","agent_orders":"Agency order","test_control":"Test control","total_gross_profit":"Total gross profit","total_cost_recovered_by_TA":"The total cost recovered by TA","online":"Online","other":"Other","peer":"Peer","store":"Store","general":"General","the_profits_generated_by_TA_recycling":"The profits generated by TA's recycling","profit_on_maintenance":"Profit from maintenance and repair","basic_salary":"Basic salary","other_money":"Other funds","sales_commission":"Sales commission","set_default_commission":"Set the default commission","sales_points":"Sales increase","option":"Plan","gross_profit_points":"Gross profit margin increase","commission_on_sales":"Commission on the number of sales items","recovery_commission":"Recovery commission","cost_recovery_points":"Cost recovery commission","commission_on_unit_recovered_pieces":"Commission on the number of recycled items","TA_recycling_generated_profit_points":"The profit margin generated by TA's recycling","maintenance_commission":"Maintenance and repair commission","maintenance_profit_commission":"Commission on maintenance and repair profits","click_fold":"Click to collapse","click_unfold":"Click to expand","issued":"Sent","await_issue":"To be distributed","issued_payroll":"Pay salary","total_original_cost_of_recovered_goods":"The original total cost of recycled goods","total_additional_cost_of_recovered_goods":"The total additional cost of recycled goods","sales_points.tips1":"Sales commission = Order sales amount * commission ratio","sales_points.tips2":"2. Different commission rates can be set for different order types","gross_profit_points.tips1":"Gross profit commission = (Order sales amount - order cost amount) * Commission ratio","gross_profit_points.tips2":"2. Different commission rates can be set for different order types","commission_on_sales.tip1":"The commission on the number of sales items = the sales amount of the order * the commission ratio","commission_on_sales.tip2":"2. Different commission rates can be set for different order types","cost_recovery_points.tips1":"1. Recovery cost = Total cost of goods recovered in the current month * Commission ratio","cost_recovery_points.tips2":"2. Different commission ratios can be set for different types of recycling","commission_on_unit_recovered_pieces.tips1":"The commission based on the number of recovered items = the number of recovered items in the current month * the commission ratio","commission_on_unit_recovered_pieces.tips2":"2. Different commission ratios can be set for different types of recycling","TA_recycling_generated_profit_points.tips1":"The profit commission of TA's recycling production = the profit of the goods recycled by TA after being sold * the commission ratio","TA_recycling_generated_profit_points.tips2":"2. Different commission ratios can be set for different types of recycling","maintenance_profit_points":"Profit margin increase for maintenance and repair","maintenance_profit_points.tips1":"The profit margin for maintenance and repair = maintenance and repair profit * commission ratio","sales_commission_default_setting":"The default setting of sales commission","reclaim_commission_default_setting":"Default setting for the recovery commission","reclaim_profits_from_production":"Profit margin for recycling production","comfirm_save_payroll_particulars":"Confirm to save the salary details of this employee for the current month?","confirm_save":"Confirm and save","comfirm_issue_payroll":"Confirm the payment of the employee's salary for the current month?","confirm_issue":"Confirm distribution","general_percentage_of_commission":"For goods and orders that do not select the recycling type, the default commission rate is the [General] rate","issued_payroll_not_editable":"The salary has been paid and is not editable","other_keep_accounts":"Other accounts","all_categories":"All classifications","expenditure":"Expenditure","income":"Income","write_down":"Make a note","other_keep_accounts.tips1":"Record the expenditures of non-recycling business to facilitate the viewing of additional expenses and income for the current month or history, such as rent, water and electricity, etc.","all_staff":"All employees","billing_details":"Bill details","type":"Type","manual_creation":"\"Artificially created\"","serial_numbers":"Serial number","associated_order_number":"Associated order number","occurrence_date":"Occurrence date","amount_of_expenditure":"Expenditure amount","fill_amount":"Fill in the amount","selective_classification":"Select the category","select_date":"Select the date","input.remark50":"Please enter the remarks information (limited to 50 characters)","add_costom_classification":"Add custom categories","input.costom_classification10":"Please enter a custom category (limited to 10 characters)","maintenance_fees":"Maintenance cost","exhibition_fees":"Marketing expenses","total_deposit":"Total deposit","exp_trans_price":"Estimated total transaction amount","earnest_money":"Deposit","expected_transaction":"Expected transaction","total_original_cost_of_goods":"The original total cost of the goods","additional_cost_of_goods":"Additional cost of goods","by_latest_lock":"Lock the order recently","by_longest_lock":"Press the longest lock order","by_highest_earnest_money":"Up to the deposit.","by_lowest_earnest_money":"According to the minimum deposit","lock_details":"Details of the lock order","lock_record":"Lock order record","view_product_details":"View product details","deposit_payment":"Deposit payment","last_updated_time":"The latest update time","lock_remark":"Remarks on the lock order","ticket_holder":"Order locking personnel","lockout_time":"Order locking time","quantity_of_ticket":"The number of locked orders","unlock_success":"Unlock successfully","operation_log":"Operation log","operating_personnel":"Operator","operation_module":"Operation module","operating_time":"Operation time","operation_content":"Operation content","operation_log.tips0":"It can trace back the relevant operations of employees and view the complete chain of operations","all_modules":"All modules","order_modification_record":"Order modification record","before_modification":"Before modification","after_modification":"After modification","statement_of_account":"Statement of account","create_statement":"Create a statement of account","selected_product_attributes":"Selected product attributes","total_cost_of_statement":"Total bill","statement_of_account.tips1":"Create the cost of goods and the amount of cash that need to be reconciled to facilitate the financial staff to view the turnover of goods and funds for the current month or history.","comfirm_delete_statement":"Confirm the deletion of this statement?","have_deleted":"Deleted","select_statement_type":"Please select the reconciliation type","total_cost_of_goods":"The total cost of the goods","cash":"Cash","total_assets":"Total assets","cost_of_goods":"Commodity cost","due_funds":"There should be funds","sales_profit":"Sales profit","service_profit":"Service profit","other_income_and_expenditure":"Other income and expenditure","payroll_expenses":"Salary expenditure","commodity_consignor":"Consignor of goods","pledged_price":"Pledge price","call_price":"Redemption transaction price","redemption_time":"Redemption time","total_inventory":"Total inventory","sold_count":"Sold","usable":"Available","warehouse_billing":"Warehouse invoice issuance","temporary_invoice":"Temporary warehouse order issuance","customerServiceTitle":"Welcome to contact us and offer your valuable opinions!","quick_navigation":"Quick Navigation","sign_out":"Cancel","pages.member.sign_out":"Cancel","comfirm_sign_out":"Confirm cancellation","is_comfirm_sign_out":"Have you confirmed the cancellation?","sign_out_success":"Cancellation successful","logouting":"In the process of cancellation...","captcha_error":"Verification code error","captcha_expired":"The verification code has expired","system_center":"System Settings","pages.product.add":"Publish","shop_apply_already_exist":"The shop already exists.","search":"Search","not_yet_open":"Not open yet.","ADD_ORDER":"Goods to be dispatched","RETURN_ORDER":"Return the goods","LOCK_ORDER":"Lock order","FINISH_ORDER":"The order is completed.","select_show_price":"Select the price that needs to be displayed","diy_price":"Custom price","input.diy_price":"Please enter the custom price","select_goods_share":"Select product sharing","online_exhibition_cover":"Selling the cover externally","cur_new_version":"The current version is the latest one","mini_program_cover":"The cover of the mini-program","suggested_aspect_ratio_of_5:4":"It is suggested that the aspect ratio be 8:3","recycle_type_settings":"Recycling type setting","tag_settings":"Label setting","download_images":"Download the picture","copy_text":"Copy the text","switch":"Switch","convenient_operation":"Convenient operation","download":"Download","copy_success":"Copy successful","save_loading":"In progress","noChat":"Warm reminder: You don't have any chat messages yet. Hurry up and start a chat with your friends ~","reconnecting":"The connection has been disconnected. Try to reconnect...","delete_chat":"Delete this chat","top_chat":"Pin this chat to the top","appc.totol_cost":"Cost price","appc.customer_service":"Contact customer service","appc.bid_search_placeholder":"Search for the product name","appc.condition_used":"Second-hand","appc.condition_new":"Brand new and unused","appc.sale_price":"Selling price","appc.price":"Selling price","appc.agent_price":"Agency price","appc.total_cost":"Cost price","appc.peer_price":"Peer price","appc.copy_text":"Copy the text","appc.download_images":"Download the picture","appc.switch_grids":"Switch the grid","appc.switch_swiper":"Switch carousel","appc.product_detail":"Product Details","appc.product_info":"Commodity information","appc.goods_description":"Product description","appc.brand":"Brand","appc.series":"Series","appc.model":"Model","appc.copy":"Copy","appc.copy_success":"Copy successful","appc.cancel":"Cancel","appc.OK":"\"Sure\"","appc.tips":"Hint","appc.download_tips":"Are you sure to download the picture to the phone album?","appc.download_success":"Download successfully","unable_to_contact_oneself":"Can't contact oneself","goods_no_stock":"Insufficient inventory of goods","my_shop":"My shop","goods_image_be_empty":"The product pictures cannot be empty","selected":"Selected","query_price_max":"The highest price","query_price_min":"Lowest price","goods_lock_num_not_del":"The product has a locked order and cannot be deleted","transfer_to_temp_warehouse":"Transfer to the temporary warehouse","QRCode":"Qr code","service_type_setting":"Service type setting","product_position_setting":"Product location setting","product_tips":"Product Tips","select_at_least_one":"Please choose at least one commodity","transaction_price_cannot_empty":"The transaction price cannot be empty","cannot_bid_on_myself":"One cannot bid on one's own goods","order_is_returneed":"The order has been returned.","please_select_order":"Please select the order.","please_input_price":"Please select the order.","please_input_money":"Please fill in the amount.","pledge_time":"The expiration time of the pledge","select_pledge_time":"Please select the expiration time of the pledge","contact_info_of_client":"Contact information of the client","select_goods_attribute":"Please select the product attributes","goods_name_require":"The name of the commodity cannot be empty","select_recycle_type":"Please select the recycling type","select_expire_time":"Please select the expiration time of the pledge","redeemed":"Redeemed","expired":"It has expired.","not_redeemed":"Not redeemed","delivery_status":"Shipping status","category_ids_not_empty":"The classification of goods cannot be empty","bill_name":"Bill name","input.bill_name":"Please enter the bill name","total_revenue":"Total revenue","my_qrcode":"My QR code","shop_not_available_im":"The merchant has not activated the instant messaging service","im.group":"Group chat","im.loading_message":"The page is being initialized. Please wait a moment...","im.at_me":"Someone @me","im.at_all":"[@ All Members","im.read":"Read","im.unread":"Unread","im.read_count":"The person has read.","im.just_now":"Just now","im.minute_ago":"A few minutes ago","im.yesterday":"yesterday","im.online":"The user is currently online.","im.send":"Send","im.send_failed":"Failed to send","im.empty_message":"Blank messages cannot be sent","im.text":"Text","im.image":"Picture","im.voice":"Voice","im.video":"Video","im.voice_call":"Voice call","im.video_call":"Video call","im.push_off_line":"You have logged in elsewhere and will be forcibly taken offline.","appc.goods_video":"Product video","appc.nothing":"no","network_error":"Network error","appc.network_error":"Network error","retrieve_password":"Retrieve the password","email_code":"Email verification code","image_code":"Image verification code","input.image_code":"Please enter the verification code for the picture","error_email_not_exist":"The email address does not exist.","reset":"Reset","wait_pay":"To be paid","wait_supply":"To be supplemented","finish":"Completed","identifying":"Valuation in progress","local_products, ":"Local goods","international_products":"International commodities","local_products":"Local goods","shop":"Shop","appraiser_application":"Application of Appraiser","apply_for":"Apply","apply_success":"Application successful","to_be_valued":"To be appraised","to_be_continued":"Unfinished","abandon_valuation":"Give up the valuation","view_details":"View details","shop_already_exist":"The shop already exists","estimate_immediately":"Immediate valuation","suggest_recycling_price":"Suggested recycling price","input.suggest_recycling_price":"Please enter the suggested recycling price","select.appraisal_result":"Please select the appraisal result","input.appraisal_remark":"Please enter your appraisal message","identify_user_error":"The identity of the appraiser is abnormal","submit":"Submit","abandoned":"Have given up","to_be_appraised":"To be appraised","abandon_appraisal":"Give up the appraisal","confirm_abandon":"Are you sure to give up the valuation?","apply_for2":"I'm sorry, but you have been blocked","apply_for1":"You have completed the appraisal. Start the appraisal right away!","apply_for0":"Your application is still under review. Please wait patiently","download_success":"Download successfully","your_appraisal":"The appraisal you gave","you_abandon_appraisal":"You have given up the appraisal of this commodity","appc.goods_not_found":"The commodity cannot be found.","store_closed":"The shop has been closed.","appc.store_closed":"The shop has been closed.","input.country_code.tips":"Please select the country.","store_country":"Country to belong","public_price_inquiry_list":"Public price inquiry list","store_data":"Store data","visitor_num":"The number of store visitors","product_views_num":"Product page views","contact_info_num":"Contact information click-through rate","user_not_exist":"The user does not exist.","model_no":"Model number","shop_not_exist":"Please open the store first","GCJX":"Construction machinery","appc.GCJX":"Construction machinery","df.function.label":"Mechanical function","df.function.placeholder":"Input the functions of the machinery","df.voltage.label":"Mechanical operating voltage","df.voltage.placeholder":"Please input the mechanical operating voltage","HGJX":"Chemical machinery","appc.HGJX":"Chemical machinery","JCSZ":"Machine tool equipment","appc.JCSZ":"Machine tool equipment","SPSB":"Food equipment","appc.SPSB":"Food equipment","BZSB":"Packaging equipment","appc.BZSB":"Packaging equipment","CCSB":"Storage equipment","appc.CCSB":"Storage equipment","NYJX":"Agricultural machinery","appc.NYJX":"Agricultural machinery","fail_support":"Not supported for the moment","BW":"Wristwatch","appc.BW":"Wristwatch","df.bpzj.label":"Dial diameter","df.bpzj.placeholder":"Please enter the diameter of the dial","df.bpcz.label":"Dial material","df.bpcz.placeholder":"Please enter the material of the dial","df.jxcz.label":"Movement material","XB":"Luggage","appc.XB":"Luggage","ZB":"Jewelry","appc.ZB":"Jewelry","XX":"Shoes and boots","appc.XX":"Shoes and boots","FS":"Clothing","appc.FS":"Clothing","QT":"Other","appc.QT":"Other","PS":"Accessories","appc.PS":"Accessories","country_or_region":"Country\/Region","email_repeat":"This email address has been registered","today_visitor":"Today's Visitors","listed_yesterday":"It was put on sale yesterday.","estimated_revenue":"Estimated income","fail_pay_info":"The payment documents were not found","alipay":"Alipay","wechat_pay":"Wechat Pay","onPay":"Continue to pay","wait_identify":"To be appraised","history_browsing":"Historical Browse","history_browsing_empty":"There are no historical browsing records for the time being","album":"Album","shoot":"Shooting","long_press_to_speak":"Long press to speak","recording":"Recording in progress","recording_time":"Recording duration","release_to_send":"Release to send, swipe up to cancel","will_stop_recording":"The recording will be stopped afterwards","release_to_cancel":"Let go and cancel"}