{"storeID":"Numero del negozio","expire":"scadenza","warehousing":"Oggi in magazzino","billing":"Oggi in azione","storeWallet":"Portafogli dei negozi","saveQRCode":"Conservare il codice qr","joinMember":"Membri attivi","noviceGuide":"Guida per principiante","inviteFriends":"Invito ad amici amici","inviter":"Persone che ho invitato","securityDeposit":"margine","withdraw":"ritiro","commissionDetail":"Composizione della commissione","topUpDetails":"Particolari sul finanziamento","punishDetails":"Modalità delle sanzioni","quickService":"Servizio rapido","personalReputation":"Credibilità personale","transfer":"Storni di stanziamenti","auction":"La mia asta","deal":"Il mio compleanno","complaint":"La mia denuncia","like":"Mi piace","collect":"La mia raccolta","bid":"La mia offerta","aboutPlatform":"Sulla piattaforma","personalData":"Dati personali","switchLanguage":"Cambio di lingua","experienceStoreVIP":"\"Experience works!\" VIP","CNY":"renminbi","USD":"dollari","HKD":"800 dollari","EUR":"euro","JPY":"yen","GBP":"sterline","AUD":"ats","RUB":"Rublo russo","CAD":"Dollaro canadese","CHF":"Franco svizzero","DKK":"Corona danese","NOK":"Corona norvegese","SEK":"Corona svedese","NZD":"Dollaro neozelandese","SGD":"Dollaro di singapore","THB":"itl","BRL":"Real brasiliano","MXN":"Dollaro del messico","saler_tools.pages.index.index":"luxur cener","saler_tools.pages.member.index":"Centri aderenti","saler_tools.pages.inbound.index":"w","saler_tools.pages.outbound.index":"Ministrativa reciproca","saler_tools.pages.warehouse.inStockInvoice":"Aprire gli ordini in magazzino","saler_tools.pages.warehouse.notInStockInvoice":"(’) esclusi i depositi di merci","saler_tools.pages.warehouse.sampleGraph":"Schema di campionamento","pages.auth.login.logining":"In occasione del log on","pages.auth.login.usernamePlaceholder":"Per favore digitate il vostro numero di conto","pages.auth.login.passwordPlaceholder":"Digitare la parola d’ordine","pages.auth.login.resetpwd":"Dimenticate le password","pages.auth.login.noAccount":"Il numero di conto non è ancora disponibile","pages.auth.login.toRegister":"Verso la registrazione","pages.auth.login.agreeTips":"Siete d’accordo","pages.auth.login.isAgreeTips":"Vi prego di leggere prima l’accordo e di approvarlo","pages.auth.login.mobilePlaceholder":"Digitate il cellulare, per piacere","pages.auth.login.oneClicklogin":"Collegatevi velocemente","pages.auth.login.accountLogin":"Password on on","pages.auth.login.accountLoginTip":"Digitate la password","pages.auth.login.accountLoginError":"I commercianti non hanno aperto la password","pages.auth.login.mobileLogin":"Numero di cellulare","pages.auth.login.mobileLoginTip":"Digitare il captcha del cellulare per effettuare il log on","pages.auth.login.mobileLoginError":"L’operatore commerciale non ha aperto il numero di telefono","pages.index.close":"Siti chiusi","pages.index.nosite":"Siti non esistenti","pages.index.develop":"Sviluppo di una configurazione ambientale","pages.article.list":"Centro informazioni","pages.article.detail":"Dettagli degli articoli","pages.auth.index":"Log on","pages.auth.agreement":"accordo","pages.auth.bind":"Numero di telefonini","pages.auth.login":"Log on","pages.auth.register":"registrazione","pages.auth.resetpwd":"Ricerca della password","pages.member.account":"Conti dei membri","pages.member.address":"Indirizzo di ricevimento","pages.member.address_edit":"Indirizzo dell’editore","pages.member.apply_cash_out":"Domanda di revoca","pages.member.balance":"I saldo","pages.member.point":"I punti di forza","pages.member.point_detail":"Dettagli dell’integrazione","pages.member.level":"Gerarchia dei membri","pages.member.sign_in":"firma","pages.member.cash_out":"Registrazione del ritiro","pages.member.cash_out_detail":"Modalità di revoca","pages.member.commission":"I\/commissione","pages.member.detailed_account":"L’acqua corrente è fine","pages.member.personal":"Dati personali","pages.member.contact":"servizio","pages.pay.browser":"pagamento","pages.setting.index":"regolazione","pages.verify.index":"Uffici di vendita","pages.verify.verify":"ammortizzate","pages.verify.detail":"Dettagli della vendita","pages.verify.record":"Registrazione delle vendite","pages.index.index":"luxur cener","pages.member.index":"Centri aderenti","pages.product.inbound.list":"w","pages.goodsForSale.list":"In vendita","pages.product.notInStockInvoice.list":"(’) esclusi i depositi di merci","pages.goodsForSale.sampleGraph":"Schema di campionamento","pages.product.editParam":"Costi aggiuntivi","pages.product.detail":"Dettaglio delle merci","pages.product.billing":"Liberalizzazione delle merci","pages.order.detail":"Dettaglio dell’ordinazione","pages.log.order":"Registrazione delle variazioni d’ordine","pages.order.list":"Gestione delle ordinazioni","pages.auth.list":"Competenza del personale","pages.product.brand":"marca","pages.product.position":"Ubicazione del deposito","pages.temporary.list":"Silos temporanei","pages.temporary.select":"La scelta dei silos temporanei da trasferire","pages.repair.lists":"Manutenzione e riparazione","pages.repair.detail":"Nota esplicativa per le riparazioni e la manutenzione","pages.repair.edit":"Modifica dell’ordine di ricevibilità","pages.consignmentDelivery.list":"Spedizioni per posta","pages.consignmentDelivery.item":"(’) per la vendita di elenchi di merci spedite","pages.lockingList.list":"Blocchi di merci","pages.lockingList.detail":"Dettagli del blocco","pages.delivery.list":"Amministrazione spedizione","pages.inventory.list":"Inventario delle materie prime","pages.inventory.underway":"Inventario di inventario - in corso di realizzazione","pages.inventory.detail":"Fare il punto della situazione","pages.storageAge.list":"Rilevamento tempestivo","pages.payroll.lis":"Gestione delle retribuzioni","pages.payroll.detail":"Per ulteriori informazioni, rivolgersi a","pages.inventory.temporaryWarehouse":"La scelta dei silos temporanei da trasferire","pages.inventory.warehouse":"Creazione di un inventario dei depositi","pages.inventory.pledge":"Creazione di un inventario dei beni immobili","pages.inventory.position":"Scegliere l’inventario della posizione delle merci","pages.keepAccounts.list":"Altri conti","pages.keepAccounts.edit":"A. Vista la decisione n.","pages.keepAccounts.detail":"Dettagli della fattura","pages.shopBill.lists":"Estratti conto","pages.shopBill.edit":"Estratto conto della redazione","pages.log.list":"Giornale di bordo","pages.pledge.list":"Merci pegno","pages.employeeAuthority.edit":"Competenza del personale","pages.dataAnalysis.list":"Analisi dei dati","pages.dataAnalysis.salesVolume":"Analisi delle vendite","pages.dataAnalysis.recycle":"Analisi del recupero","pages.dataAnalysis.assets":"Analisi delle attività","pages.dataAnalysis.additionalCost":"Analisi dei costi aggiuntivi","pages.dataAnalysis.pledgedGoods":"Analisi di beni immobili","requestFail":"Sul motivo di irricevibilità","notInDomainList":"Non è incluso nell’elenco dei nomi di dominio legittimi richiesti","baseUrlError":"In caso di errore nelle richieste di interfaccia, controllare la configurazione del parametro VITE_APP_BASE_URL o la configurazione pseudostatica","currency":"￥","getSmsCode":"Acquisizione del captcha di verifica","smsCodeChangeText":"Riacquistato dopo un secondo","captchaTitle":"Si prega di completare la verifica","confirm":"confermare","cancel":"soppressione","save":"conservazione","delete":"cancellare","captchaPlaceholder":"Inserire il captcha","mobilePlaceholder":"Digitate il numero del cellulare, per piacere","mobileError":"Digitare il numero di cellulare giusto","codePlaceholder":"Digitare il captcha del cellulare","memberCenter":"Centri personali","userAgreement":"Accordi per gli utenti","and":"e","privacyAgreement":"Accordo sulla tutela della vita privata","isAgreeTips":"Vi prego di leggere prima l’accordo e di approvarlo","nickname":"soprannome","nicknamePlaceholder":"Per favore digitate il nomignolo","headimg":"avatar","headimgPlaceholder":"Per favore, alzate il profilo","getAvatarNickname":"Prendete il nomignolo","getAvatarNicknameTips":"L’acquisizione della testa e del soprannome dell’utente perfeziona il profilo e serve soprattutto a fornire all’utente un’interfaccia centrale utente con un grado di intellegibilità","mobile":"Numero di telefono","getMobile":"Numero di telefono","mobileTips":"Prendete il numero di cellulare, per piacere","point":"point","balance":"saldo","login":"Log on","bind":"consolidamenti","binding":"impegni","bindMobile":"Numero di telefonini","agreeTips":"La prego di leggere e di essere d’accordo","pleaseAgree":"Barrare per favore e dare il vostro consenso","weixinUserAuth":"Un vincolo","mobileQuickLogin":"L’aereomobile si collega velocemente","register":"registrazione","complete":"completamento","close":"chiusura","pay.orderInfo":"Informazioni sull’ordinazione","pay.confirmPay":"Conferma dei pagamenti","pay.payTitle":"Conferma dei pagamenti","pay.notHavePayType":"Non sono disponibili mezzi di pagamento","pay.notObtainedInfo":"Non sono state ottenute informazioni sui pagamenti","pay.paymentDocuments":"Documenti di pagamento","pay.paySuccess":"Pagamenti eseguiti","pay.payFail":"Mancato pagamento","pay.completePay":"Pagamenti effettuati","pay.incompletePay":"Pagamenti in sospeso","pay.getting":"Per ottenere i risultati dei pagamenti","myBalance":"I saldo","myPoint":"I punti di forza","customerService":"Contatti con il servizio clienti","siteClose":"Siti chiusi","noSite":"Siti non esistenti","scenic":"attrazioni","seeMore":"Per saperne di più","way":"linee","hotel":"hotel","rise":"A partire dal","cardReserve":"Progetti su appuntamento","card":"Trattamento delle carte","memberName":"Nome dei membri","memberCode":"Numero dei membri","reserve":"appuntamento","reserveSuccess":"Appuntamento per il successo","cardLink":"\"Ka","myLink":"La mia","reserveBtn":"Articolo 1","cardBtn":"le","soldOut":"Ha venduto","unpaidOrder":"Da versare","waitingOrder":"Da utilizzare","remainOrder":"Fatto a","allOrder":"Tutte le ordinanze","myOrder":"Ordine dei lavori","orderNo":"Numero d’ordine","actualPayment":"Pagamenti effettivi","orderClose":"Ordini chiusi","orderFinish":"Conferma della ricezione","orderDetail":"dettagli","wxPrivacyPopup.title":"Protezione della vita privata degli utenti","wxPrivacyPopup.descBefore":"La ringrazio per aver fatto uso di questa piccola procedura, che dovrebbe leggere e approvare prima dell’uso","wxPrivacyPopup.descAfter":"• indicare che avete compreso e accettato il contenuto della disposizione che vi sarà legalmente vincolante; Se non siete d’accordo, non potrete continuare a utilizzare le piccole funzioni legate ai programmi.","wxPrivacyPopup.disagree":"Non d’accordo","wxPrivacyPopup.agree":"D’accordo e continua","wxPrivacyPopup.contractName":"Direttiva sulla tutela della vita privata degli utenti","wxPrivacyPopup.disagreeDesc":"Il protocollo sulla tutela della vita privata non è stato concordato e le relative funzioni non possono essere utilizzate","starLevel":"Delle stelle","star":"stella","emptyAddress":"Indirizzo provvisorio","addAddress":"Nuovi indirizzi per i destinatari","selectAddress":"Indirizzi scelti","coupon":"劵 preferenziali","warehousingOfGoods":"Merci depositate in magazzino","ownGoods":"Beni propri","consignmentGoods":"Spedizioni di merci","pledgedGoods":"Merci pegno","otherGoods":"Altri prodotti","maintenance":"Manutenzione e riparazione","merchandiseBilling":"Liberalizzazione delle merci","inStockInvoice":"Aprire gli ordini in magazzino","notInStockInvoice":"(’) esclusi i depositi di merci","slogan":"Con ogni mezzo di sopravvivenza e di sopravvivenza","pages.language.title":"Cambio di lingua","form.require_tips_log":"(’) le informazioni sotto indicato sono quelle obbligatorie per l’immissione delle merci nel magazzino","goods_category":"Classificazione delle merci","goods_condition":"Composizione delle merci","goods_image":"Immagine per prodotto","goods_attribute":"Caratteristiche dei prodotti","goods_attribute_tips_log":"Le proprietà di un bene sono complementari alle informazioni relative al bene stesso e aiutano la ricerca e il vaglio delle merci","consignment_goods":"Spedizioni di merci","pawned_goods":"Merci pegno","others":"altri","tips_i_see":"Io so che","form.goods_sku_tips_log":"Da parte del fornitore o del fabbricante è il segno distintivo di ciascun prodotto nel momento della produzione o della fornitura","form.goods_sku_placeholder":"Digitate il codice delle merci","form.goods_code_tips_log":"Definizione da parte del venditore stesso, utilizzata per la gestione interna delle scorte e per la registrazione delle vendite","goods_sku":"Codice delle merci","goods_code":"Codici autonomi","form.text_clear":"eliminazione","brand":"marca","form.brand_select_placeholder":"Per favore, perdete il marchio","series":"serie","form.series_select_placeholder":"Scelta delle serie","model":"modelli","form.model_select_placeholder":"Scegliere il modello","condition_new":"Rinnovati nuovi non utilizzati","condition_used":"Di seconda mano","form.check_data":"Si prega di controllare il formulario","error.find_goods_empty":"Non si trovano beni che necessitino di una revisione","error.goods_id_require":"Scegliere i prodotti che richiedono una revisione","error.picture_cannot_be_empty":"L’immagine del prodotto non deve essere vuota","error.select_edit_data":"Scegliere i dati modificati","check_form_data":"Si prega di controllare il formulario","base.data.add":"Nuovi dati","base.data.edit":"Dati editoriali","success":"Successo dell’operazione","sex.male":"uomo","sex.female":"donna","sex.secret":"riservatezza","sex.other":"altri","sex.unknow":"general","product_warranty_card.have":"vi","product_warranty_card.nothing":"senza","form.recycling_time_placeholder":"La prego di scegliere il tempo di recupero","form.goods_tips.repetition":"Le proposte attuali esistono già","form.goods_tips.required":"Per favore digitate il contenuto","form.goods_tips.tips":"Lo sconto è indicato soltanto a pagina di dettaglio del deposito","form.input_clear":"eliminazione","goods_attribute.no_attachment":"Non iscritti","goods_attribute.packaging_box":"imballaggio","goods_attribute.invoice":"fatture","goods_attribute.receipt":"Le ricevute","goods_attribute.warranty_card":"Tessera assicurabile","goods_attribute.certificate":"certificato","goods_cost.form.cost_name_required":"Si prega di scegliere i tipi di costi","goods_cost.form.money_required":"Per piacere indicare l’ammontare dei costi","mvmt_type":"Tipo di nocciolo","case_matl":"Materiale di riproduzione","dial_dia":"Diametro del quadrante","matl":"Togli omogeneizzate","sz":"Tamponi distintivi","fit_sz":"Codice metri","form.placeholder_case_matl":"Si prega di indicare il materiale di riproduzione","form.placeholder_dial_dia":"Indicare il diametro del quadrante","form.placeholder_matl":"Per piacere, importate il materiale","form.placeholder_sz":"Indicare le dimensioni","form.placeholder_fit_sz":"Per favore digitate la riga","form.placeholder_mvmt_type":"Inserire il tipo di movimento","nothing":"senza","ALL":"totale","form.goods_unlock.tips":"Una volta sbloccati, saranno liberati come scorte disponibili","add_tips":"Aggiunta di consigli","unlock":"\"","form.goods_unlock.reason":"Indicare il motivo della sbloccatura (scegliere)","input.add_tips.name":"Per favore digitare il nome del tagliando","all.employees.online":"Tutti gli addetti alla linea","explain.on.sale":"In vendita","explain.warehouse":"magazzino","explain.warehouse6":"2. Sostenere la visualizzazione delle informazioni (tutte) di espansione della merce, ad esempio:","explain.warehouse0":"Completamento delle operazioni di immissione in magazzino:","explain.warehouse1":"(’) soltanto in magazzino: le merci recuperate durante o dopo un processo di recupero, ma non vendute, ad esempio: merci non inviate al negozio, merci non controllate, merci soggette a manutenzione e riparazione","explain.warehouse2":"2) entrata in magazzino e montatura: le operazioni di controllo, di fotocomposizione, di conservazione, ecc. Sono in vendita.","explain.warehouse3":"Operazioni di ammasso agevolato:","explain.warehouse4":"1. Frontespite a sostegno di operazioni rapide quali: aggiunta di costi supplementari, modifica della posizione delle merci, modifica del personale addetto al riconoscimento, controllo del giornale di bordo, ecc.","explain.warehouse5":"2) sostegno per il controllo delle merci in magazzino, ad esempio: tipo di riciclaggio, personale di riciclaggio, tempi di recupero, ubicazione della merce, etichettatura, ecc.","explain.warehouse7":"3. Supportare le statistiche dei dati relativi ai depositi, ad esempio: costi attuali, costi totali, costi, ecc.","explain.warehouse8":"4) supportare operazioni di massa quali: condivisione di massa, stampa di massa, eliminazione di massa, editing di massa.","explain.warehouse9":"Operazioni su merci:","explain.warehouse10":"1) supporto a tutte le operazioni relative alle merci, ad esempio: editing, serrature, stampe, slip.","explain.warehouse11":"2. Sostenere la visualizzazione delle informazioni (tutte) di espansione della merce, ad esempio:","explain.on.sale0":"1) le merci messe in magazzino e messe in vendita sono dette merci vendute per indicare lo stato in cui sono vendute e il personale del negozio può effettuare operazioni di vendita, ad esempio un giro di amici.","explain.order0":"I negozi eseguono le operazioni di avviamento e gli ordini possono essere visualizzati nella funzione di gestione degli ordini.","explain.order1":"1) esaminare tutti i dati relativi alle vendite nei negozi;","explain.order2":"Analisi del fatturato dei magazzini","explain.order3":"Le funzioni di modifica dell’ordine, di restituzione delle merci, di ripartizione, di spedizione, ecc., possono essere realizzate modificando il redattore dell’ordinazione.","explain.order4":"(2) per i prelievi","explain.order5":"Gestire il trasferimento degli ordini di vendita e il trasferimento dei clienti mediante la formula dei pagamenti.","explain.order6":"3) merci restituite","explain.order7":"Controllare tutte le ordinazioni di restituzione, i motivi della restituzione, ecc.","explain.order":"Gestione delle ordinazioni","explain.lock":"Blocchi di merci","form.payment_receipt_log":"I diagrammi dettagliati caricati possono sempre essere utilizzati per la sincronizzazione su piattaforme terze, come il punteggio 95, il suono oscillante, ecc., e possono essere utilizzati per dimostrazioni tra pari","form.payment_receipt_log0":"Il foglio di apertura\/chiusura deve essere compilato","form.payment_receipt_log1":"Per quanto riguarda i punti di vendita, i punti di vendita e i punti di vendita","form.payment_receipt_log2":"(2) il certificato deve essere caricato nella successiva bolletta di apertura o blocco.","go_to_settings":"Verso lo stabilimento","form.salesman.select":"Si prega di scegliere il venditore","add.after_sales_service":"Aggiunta di garanzie post-vendita autodefinite","input.after_sales_service":"Indicare la garanzia postvendita autodefinita (entro 10 parole)","tips.after_sales_service":"Le attuali garanzie post-vendita esistono già","max_img_count9":"Aggiungere al massimo 9 immagini","form.receipt_voucher":"Documenti di addebito","form.remark":"Il commento","input.remark":"Indicare il commento (entro un limite di 250 parole)","form.delivery_address":"Indirizzo di ricevimento","form.after_sales_service":"Garanzie post-vendita","custom":"autodefinizione","input.delivery_address":"Ad esempio: università della zhejiang, hangju, nella provincia dello zhejiang (limite di 250 parole)","form.in_total":"totale","tips.order_type":"Tipo di ordinazione","form.order_type.select":"Scegliete il tipo di ordinazione","error":"Fallimento dell’operazione","out_of_stock":"Scorte temporanee","form.custodial_customer":"Accoglienza della clientela","form.settlement":"Nodo comma","form.settlement.no":"Accantonamenti non chiusi","form.settlement.tips":"La commissione ha constatato che l’operazione di consolidamento era stata conclusa","copy":"riproduzione","form.original_take_home_price":"Il primo passo è stato fatto","upload.settlement":"Per abbonarsi a questo documento (compilare la cartolina)","form.settlement.remark":"Riepilogo dei pagamenti","input.settlement.remark":"Osservazioni generali","no_data":"Dati provvisori non disponibili","error.transaction_time_is_incorrect":"Il tipo di tempo di indagine non è corretto","register_account":"Numero del registro","input.certificate_name.tips":"Per piacere digitare il nome esatto","form.email":"cassetta","input.email.tips":"Per abbonarsi, digitare la mailbox","form.password":"password","input.password.tips":"Digitare la parola d’ordine","form.confirm_password":"Conferma della password","input.confirm_password.tips":"Per favore digitate di nuovo la password","input.confirm_password.tips2":"La password non è coerente","form.code":"Captcha di verifica","input.code.tips":"Si prega di digitare il codice di verifica nella casella di posta elettronica","get.code":"Acquisizione del captcha di verifica","try_again_in_seconds":"Riprovare dopo un secondo","form.invitation_code":"Persona da contattare (indicare la risposta)","input.invitation_code.tips":"Indicare il nome della persona o il numero della partita","register_btn":"registrazione","go_login":"Andare a fare il log on","input.effective_email.tips":"Si prega di indicare l’indirizzo postale valido","code_success":"I captcha hanno successo","code_error":"I captcha non riescono a trasmettere","account_exist":"Numero di conto disponibile,","reset_password":"Modifica della password","form.old_password":"Codice vecchio","input.old_password.tips":"Per favore digitate la vecchia password","confirm_edit":"Modifiche definitive","explain.inStock":"Aprire gli ordini in magazzino","explain.onSale":"In vendita","pages.lockOrder.list":"Blocchi di merci","pages.lockOrder.detail":"Dettagli del blocco","explain.lock1":"1. Impedire la vendita di una o due merci, ad esempio:","explain.lock2":"2. Evitare che i conti non siano uniformi, ad esempio:","explain.lock0":"La funzione di serraggio è quella di effettuare l’operazione di serraggio mediante la vendita della piattaforma o la proposta di vendita.","screen":"screening","form.lock":"Conferma la serratura del prodotto","form.lock.tips":"Dopo il blocco, una parte del blocco non può essere venduta ad altri","form.salesman":"Personale addetto alle vendite","form.earnest":"Deposito (menzione facoltativa)","default0":"0 non completare per difetto","form.voucher":"buono","form.expected_transaction":"Fatturato previsto (da riempire)","input.address":"Si prega di indicare l’indirizzo del destinatario","form.lock_remark":"Osservazioni della casella","input.lock_remark":"Si prega di inserire il commento","form.delivery_address.optional":"Indirizzo di ricevimento (da riempire)","form.lock_num":"Numero di serrature","default1":"Non completare con 1","saler_tools.pages.identify.lists.wait_pay":"Da versare","saler_tools.pages.identify.lists.wait_supply":"Da aggiungere","saler_tools.pages.identify.lists.finish":"Fatto a","saler_tools.pages.identify.lists.cancel":"annullamento","saler_tools.pages.identify.lists.identifying":"Nella valutazione","appraisal":"Valutazione dell’accreditamento","appraisal0":"I. Valutazione dell’identificazione","appraisal1":"1) termine di prescrizione: 10. 00-22. 00","appraisal2":"2. Ciclo: entro 72 ore, 300 valutatori continuarono a trasmettere i risultati.","appraisal3":"Per quanto riguarda il commercio al dettaglio, la situazione è analoga a quella del commercio al dettaglio al dettaglio.","appraisal4":"Valutazione ed accreditamento 2","appraisal5":"La valutazione esterna è obbligatoria per tutti gli istituti di istruzione superiore.","appraisal6":"2) premio di valutazione: il 50% del valore degli ordini viene assegnato al valutatore che «ottiene il risultato più rapido di valutazione» e «ottiene il prezzo più elevato».","appraisal7":"Risultati delle ordinazioni 3","appraisal9":"2) identificazione dell’immagine: con una precisione del 99,4% (a seconda della parte di giudizio visibile dell’immagine), se il sospetto può rivolgersi a un centro di identificazione per l’identificazione fisica.","appraisal10":"3. Valutazione dell’immagine: si raccomanda che il prezzo del riciclo sia elevato (72h valido)","appraisal11":"N. B. : in caso di forti differenze tra il primo e il secondo e terzo servizio, si consiglia di verificare se il servizio è stato presentato in modo errato e di evitare inutili perdite.","appraisal12":"Servizi di trasporto aereo 4","appraisal13":"1) spese di trasporto:","appraisal14":"Come effettuare operazioni: con i consoli - con quanti sono in contatto con i mezzi di sussistenza - con quanti sono in contatto con i mezzi di sussistenza - con i mezzi di trasporto - con i mezzi di trasporto - con i mezzi di trasporto","appraisal15":"3) natura delle operazioni di intermediazione: per tutelare i diritti e gli interessi del compratore e del venditore, evitare i casi di \"contro-versia reali\", \"a mano a mano\", ecc.","identify0":"Guardate davvero","identify1":"Il giudizio sull’immagine che avete scattato, sul punto di identificazione che avete presentato, corrisponde sostanzialmente alla conclusione «vedere la verità» che si trae dal procedimento di marchio.","identify2":"Guardate il congedo","identify3":"La conclusione \"non si vede\" è che le singole parti del procedimento sono diverse, a giudicare dalle immagini che avete scattato, dai punti di identificazione presentati.","identify4":"Non chiaro","identify5":"Non è possibile valutare le conclusioni «non visibili» tratte dalle immagini che avete scattato, dai punti di identificazione che avete presentato, ecc. A causa dell’angolo visuale, della luce, ecc.","identify6":"Questa conclusione ha valore puramente informativo e non ha valore giuridico. In caso di contestazione, si può inoltre scegliere un \"centro di identificazione con mezzi di sussistenza\" per il riconoscimento fisico.","identify":"Dettaglio dell’ordinazione","order_details":"Dettaglio dell’ordinazione","my_order":"Ordine dei lavori","place_order":"ordinazioni","appraisal_photo":"Identificazione delle merci","appraisal_tips":"Il trasporto di un chiaro diagramma delle merci consentirà una valutazione più accurata","upload_photos":"Immagine caricata","max_img_count50":"(massimo 50 caricature)","is_have_attachment":"Ci sono allegati?","multiple_choice":"Nell’agosto 1994","form.year":"anno","select_year":"Indicare l’anno","form.product_info":"Informazioni sulle merci","form.product_info.tips":"Si prega di fornire una descrizione precisa della composizione della merce rispetto ai suoi difetti; l’indicazione sarà più precisa.","form.product_info.placeholder":"Fornire una descrizione dettagliata di stile, dimensioni, anni, accessori, difetti, ecc.","select_goods_category":"Per favore, scegliete la classificazione delle merci","input.goods_code":"Per favore digitate un codice separato","i_agree":"Ho letto e sono d’accordo","appraisal_notice":"Istruzioni per l’identificazione degli acquirenti","appraisal_expense":"Spese di valutazione","form.original_cost":"Quota iniziale2","immediate_payment":"Pagamenti immediati","years":"nel","saler_tools.pages.identify.detail.goods_category":"classificazione","saler_tools.pages.identify.detail.goods_category.tips":"Scegliere la classificazione","saler_tools.pages.identify.add.goods_category":"classificazione","saler_tools.pages.identify.add.goods_category.tips":"Scegliere la classificazione","fold":"sotterrare","unfold":"avviare","appraisal_appraiser":"Valutazione ed accreditamento","appraisal_result":"Risultati dell’identificazione","appraisal_remark":"Nota del valutatore","appraisal_explain":"Tale identificazione dipende dalla parte visibile dell’immagine fornita dall’utente.","icon.home":"pagina","icon.my":"La mia","look_true":"Guardate davvero","look_false":"Guardate il congedo","look_unclear":"Non chiaro","issue_appraisal":"Pubblicazione della valutazione dell’accreditamento","in_appraisal":"Nella valutazione dell’accreditamento","end_appraisal":"Termine di identificazione","order_info":"Informazioni sull’ordinazione","order_no":"Numero d’ordine","appraisal_money":"Importo della valutazione","payer":"Pagamenti effettuati","pay_time":"Termine di pagamento","form.before_select_brand":"Per favore, scegliete prima il marchio","i_want_identification":"Io conoscerò la valutazione","goods_detail":"Dettaglio delle merci","form.shop_name":"Nome del negozio","input.shop_name.tips":"Per piacere digitare il nome del negozio","shop_address":"Indirizzi dei negozi","input.shop_address.tips":"Indicare l’indirizzo completo del punto vendita","register_immediately":"Registrazione immediata","share_img":"Copertina condivisa","share_img.tips0":"Per quanto riguarda le piccole procedure di ripartizione delle merci, la","share_img.tips1":"Immagine dell’immagine del negozio a codice caricata.","share_img.tips3":"Si raccomanda un rapporto di 5 a 4 per le immagini","input.share_img":"Caricare la copertina di un piccolo programma","wechat_friend":"Amici di wechat","facebook":"facebook","goods_link":"Riproduzione di un link","share_product":"Ripartizione dei prodotti","share_img.tips2":"Cliccare sulla copertina a sinistra","batch_share":"Ripartizione dei lotti","batch_print":"Stampa a lotti","batch_delete":"Eliminazione dei lotti","batch_edit":"Edizione a lotti","search_placeholder":"Cercare il nome della merce\/descrizione\/commento\/codice separato","item_show":"mostra","item_hide":"nascosti","all_info":"Tutte le informazioni","uploaded_today":"Caricamento oggi","listed_today":"Oggi in piedi","total_goods_count":"Totale prodotti","total_cost":"Costo totale","look_warehouse":"Esame delle attività di magazzino","form.count":"numero","form.take_home_price":"Prezzo cif","form.peer_price":"Prezzo equivalente","form.agent_price":"Prezzi di agenzia","form.sale_price":"Prezzi di vendita","form.location":"Posizione delle merci","form.update_time":"aggiornamento","pack_up_more":"Più entrate","see_more":"Per saperne di più","form.initial_cost":"Costo iniziale","form.plus_total_cost":"Costo aggiuntivo totale","add":"aggiunta","form.inbound_time":"Tempo di deposito","form.system_code":"Codificazione dei sistemi","alter":"modifiche","form.recycling_name":"Addetti al riciclaggio","form.appraiser_name":"Personale qualificato","add_public_price_information":"Informazioni complementari sui prezzi pubblici","look_log":"Controllare il giornale di bordo","no_goods":"Beni non durevoli","not_filled":"Numero d’ordine","form.recycling_time":"Tempo di recupero","OK":"definire","goods_total_initial_cost":"Costo totale dei beni","goods_plus_total_cost":"Costo totale aggiuntivo dei beni","explain.own_goods":"Deposito delle merci per uso proprio","explain.consignment_goods":"(’) consegne ai magazzini di vendita","explain.pawned_goods":"Deposito merci pegno","explain.others":"Altri depositi di merci","by_latest_update":"Secondo l’ultimo aggiornamento","by_longest_update":"(’) aggiornamento al termine del periodo di validità","by_latest_storage":"Aggiornato al momento dell’entrata in magazzino","by_longest_storage":"Ma non è così","by_highest_price":"Secondo i prezzi più elevati","by_lowest_price":"Prezzi più bassi","available":"Già in servizio","select_all":"QuanXuan","reverse":"Contro la scelta","select.appraiser_name":"Si prega di selezionare il personale qualificato","continuous_storage":"Entrata continua","public_price_info.tips":"Scelta di un diagramma a prezzi pubblici per riempire i parametri di base","upload_ai":"(caricati o caricati con supporto)","NEW":"NEW","add_quality_pictures":"Aggiungere immagini di buona qualità","more_attractive":"Più attraente, oh!","ai_result":"Identificazione dei risultati","public_price_info.tips1":"Se scegliete un diagramma del prezzo pubblico, vi riempite automaticamente le informazioni di base sui beni","public_price":"GongJia","more_public_price_img":"Si veda il grafico di più prezzi pubblici","goods_video":"Video sulle merci","goods_video.tips":"(la durata del video non deve superare i 60 secondi)","add_goods_video":"Prodotti video aggiunti","detail_drawing":"Grafici dettagliati","including_defect_drawing":"(con diagrammi imperfetti, ecc.)","look_sample_graph":"Vedere gli esempi","max_img_count25":"Massimo 25 immagini","goods_description":"Designazione delle merci","goods_description.tips":"(una descrizione dettagliata permette all’utente di comprendere meglio il prodotto)","goods_description.placeholder":"Per esempio, il rolex subacquee ha una serie completa di prodotti duri per 1160 e 16 anni e le loro caratteristiche sono ben note","intelligent_filling":"Parametri di riempimento intelligenti","intelligent_filling.tips":"Il sistema si riempe di modelli di marca per i parametri di base delle merci, identificandone il contenuto","diy.goods_tips":"(’) autodefinizione","form.goods_name":"Nome commerciale","goods_description.placeholder1":"In caso di mancata compilazione, le prime 50 parole della descrizione della merce vengono automaticamente intercettate","form.guide_price":"Prezzo d’orientamento ufficiale","input.guide_price":"Indicare il prezzo di orientamento ufficiale","basic_parameter":"Parametri di base","form.stock_count":"Volume delle scorte","input.stock_count":"Per piacere, digitate la quantità di scorte","form.stock_count.tips":"Dopo la revisione dell’inventario, viene eliminata la registrazione del blocco","input.total_cost":"Indicare il costo totale","form.additional_cost.tips":"Aggiunta\/modifica dei costi aggiuntivi","add_plus_total_cost":"Costi aggiuntivi","select.goods_location":"Per favore, scegliete la posizione commerciale","form.recycle_type":"Tipo di ricupero","diy_edit":"Autodefinizione (redazione)","select.recycling_name":"Si prega di selezionare il personale addetto al riciclaggio","form.recycling_image":"Schema delle osservazioni per il recupero","form.recycling_image.tips":"«Amministrazione dei depositi — depositi — controllo dei grafici delle osservazioni di recupero»","form.target_audience":"Popolazione interessata","form.goods_guarantee_card":"Carta di credito per i prodotti di base","guarantee_card_or_code":"Foto di packa o foto separate codificate su fondo","privacy":"(senza presentazione esterna)","form.goods_tag":"l’etichettatura","form.goods_attachment":"Allegati sui prodotti di base","max_add_img_count25":"(aggiungere al massimo 25 immagini)","synchronization.tips":"I prodotti vengono sincronizzati con i negozi associati e le fiere on line","synchronization.tips1":"Nb: i prezzi dei concorrenti sono indicati per i punti vendita collegati e per le fiere on line","save_and_up":"Salvate e attaccate","save_and_down":"Conservare e ritirare dal scaffali","inbound_and_up":"Entrata in magazzino e messa in servizio","only_inbound":"Solo in magazzino","add_location":"Posizione delle merci aggiunta","form.inbound":"w","switch_grids":"Cambio di ruolo","intelligent_screenshots":"Screenshot di smart","forwarding":"trasmissione","one_click_download_graphics":"Un tasto scarica le immagini","show_or_hide":"Visualizzazione\/occultamento","form.extended_info":"Ampliare l’informazione","form.category":"classificazione","goods_operation_record":"Registrazione delle operazioni su beni e servizi","look":"guarda","form.system_code.tips":"Il codice è generato automaticamente dal sistema ed è unidimensionale","look_custodial_customer":"Controllare i clienti ospiti","warranty_card_year":"Anno della carta di credito","last_update":"Ultimo aggiornamento","form.uptate_name":"aggiornamento","form.shelf_time":"Orario di apertura","form.inbound_name":"Entrata in magazzino","form.inbound_source":"Origine delle merci","iOS":"iOS","edit":"editoriale","lock":"Serrature mono","toggle_location":"Cambiamento di posizione","goods_down":"scaffali","goods_up":"scaffali","order_billing":"KaiChan","remove":"rimozione","absence":"mancanti","existence":"esistono","redemption":"rimborso","total_take_home_price":"Sarà sempre così","look_cost_changes":"Esaminare l’evoluzione dei costi","is_remove_goods":"La rimozione definitiva delle merci?","is_goods_existence":"Accertarsi dell’esistenza di un bene?","is_goods_absence":"Individuazione della mancanza di beni?","absence_count":"Quantità mancanti","take_stock_remark":"Osservazioni per fare il punto della situazione","optional":"(menzione facoltativa)","input.take_stock_remark":"Si prega di inserire osservazioni per la valutazione. Esempio: prendere in prestito una visita, portarla a fiere, ecc","existence_count":"Quantità esistenti","input.existence_count":"Si prega di indicare la quantità che esiste","form.stock_count.tips1":"• • • • • • • • • • • • • • • • • • • • • • • • • • • • • • • • • • • • • • • •","lock_bill":"sbloccaggio","is_redemption_pledge":"Conferma del rimborso di beni immobili","input.is_redemption_pledge":"Si prega di indicare il prezzo di rimborso (in migliaia di euro)","definite_redemption":"Rimborsi definitivi","no_copy":"Contenuto senza riproduzione temporanea","redemption_and_error":"Esistenza (ma errata localizzazione della merce)","form.stock_count.tips2":"Le scorte non possono essere inferiori a zero","inbound_success":"Le merci hanno avuto successo","is_goods_down":"Identificazione delle merci ritirate dal mercato?","goods_down_success":"Le merci sono uscite con successo dal mercato","added":"Dopo l’aggiunta","long_press_data":"(ordine lungo secondo dati regolabili)","max_character6":"Un massimo di 6 caratteri viene inserito","editParam":"Costi aggiuntivi","search_brand_name":"Ricerca dei marchi","search_series_name":"Nome della serie di ricerche","share_mini_program":"• la ripartizione dei piccoli programmi","share_optional_goods":"Beni condivisi (selezione)","puzzle_making":"Fabbricazione di rompicapi","text_marking":"Produzione di testi","print_labels":"Un tasto stampa l’etichetta","location_inform1":"I dati relativi alla [posizione commerciale] e ai [depositi] sono sincronizzati in tempo reale","location_inform2":"(2) non saranno più indicati quando il prodotto (titolo) e (cancellante) non è stato presentato in dogana","no_distribution_location":"Beni non ripartiti","aggregate":"totale","goods_pieces":"Prodotti finiti","location.tips0":"La posizione della merce sarà indicata in un elenco di magazzino e in una lista di vendita che permetterà di seguire in tempo reale dove si trova la merce modificata","location.tips1":"1) il sistema accetta la posizione generale del bene: lungo il tragitto, nel negozio, durante la manutenzione e la manutenzione.","location.tips2":"2. Essere creati in base alle esigenze reali del commerciante, ad esempio:","location.tips3":"3. La denominazione non modificabile dopo la creazione del luogo in cui si trova la merce; 4) editing rapido per la localizzazione delle merci: supporta operazioni quali l’aggiunta di codici, il trasferimento di masse, ecc.","max_character10":"Un massimo di 10 caratteri sono inseriti","confirm_delete_shipments":"Indicare con certezza la cancellazione delle informazioni relative alle spedizioni di merci selezionate?","sampleGraph":"Schema di campionamento","batch_shift":"Trasferimento di lotti","shift.tips0":"Il ritiro della merce dall’elenco non incide sull’inventario reale","add_goods":"Prodotti aggiunti","scan_add":"Misure complementari","h5_nonsupport":"Questa funzione non è supportata dall’h5","agreement_not_exist":"Non esiste un accordo","add_personnel":"Personale aggiunto","add_time":"Tempo di aggiunta","temporary":"Silos temporanei","search_temporary":"Ricerca numero e nome di provvisoria","create_temporary":"Creazione di magazzini temporanei","goods_sold":"Prodotti venduti","serial_number":"N.","founder":"creatori","new_create_temporary":"Nuovi silos temporanei","confirm_delete_temporary":"Oggetto: sopprimere definitivamente il deposito provvisorio","temporary.tips0":"Depositi creati temporaneamente per facilitare il raggruppamento temporaneo di merci","temporary.tips1":"1) applicazione della ripartizione dei carichi","temporary.tips2":"1.1 ad esempio: magazzini temporanei per fiere, forniture in diretta, magazzini temporanei per riparazioni e manutenzione.","temporary.tips3":"1.2 appoggia la condivisione di piccole procedure nel quadro del programma tempus","temporary.tips4":"Caratteristiche dei magazzini temporanei 2","temporary.tips5":"2.1 una merce sostiene l’esistenza simultanea di più magazzini temporanei.","temporary.tips6":"2.2 viene aggiunto un deposito provvisorio e l’elenco dei depositi rimane visibile.","temporary.tips7":"2.3 i cambiamenti di merci non influiscono sulle informazioni relative alle merci contenute nelle scorte iniziali.","temporary.tips8":"Apertura dei negozi 3","temporary.tips9":"3.1 nell’interfaccia di gestione delle ordinazioni sono disponibili speciali identificatori per l’apertura provvisoria dei singoli magazzini.","form.certificate_name":"Nome autentico","input.currency_code.tips":"Scegliere il sistema per indicare il tipo di moneta","input.currency_code.tips1":"Tipo di moneta da utilizzare, non modificabile dopo la scelta","currency_code":"Tipo di moneta","today":"oggi","yesterday":"ieri","this_week":"Questa settimana","this_month":"Questo mese","last_month":"Il mese scorso","months":"il","days":"il","order_billing_count":"Numero di fascicoli aperti","order_code":"Codice di ordinazione","order_status":"Stato delle ordinazioni","settlement_status":"Situazione finanziaria","sales_time":"Tempo di vendita","billing_personnel":"Avviamento del personale","billing_time":"Inizio del tempo","order_remark":"Osservazioni sull’ordinanza","sales_return":"restituzione","alter_order":"Modifica dell’ordine","confirm_sales_return":"Conferma delle operazioni di restituzione?","sales_return.tips0":"Dopo la restituzione, la merce viene reinserita nel magazzino originale e detratta nell’analisi di vendita","input.sales_return_reason":"Indicare i motivi della restituzione (completare la casella)","confirm_delete_operation":"Conferma dell’operazione di cancellazione?","delete.tips0":"Dopo che l’ordine è stato cancellato, può essere effettuato un controllo a posteriori","input.delete_remark":"Indicare le osservazioni (indicare la casella)","sales_returnsales_return":"restituzione","status":"Lo stato","delivery":"spedizione","not_shipped":"Non spedite","shipped":"spedizioni","returned_goods":"restituzione","start_time":"Ora di inizio","end_time":"Ora di fine","quantity_sold":"vendita","sales_volume":"Volume delle vendite","gross_profit":"Utile lordo","gross_margin":"Reddito lordo","look_sales_volume":"Analisi delle vendite","salesman":"vendita","form.order_type":"Tipo di ordinazione","balance_paid":"Stanziamenti non dissociati","refunded":"Rimborso effettuato","form.annual_rate":"Su base annua","form.transaction_price":"Prezzo di vendita","confirm_delete_select_order":"• la cancellazione di un ordine già selezionato?","select_time":"Scelta del momento","by_lowest_annual":"Il più basso è quello dell’annualizzazione","by_highest_annual":"I tassi di disoccupazione più elevati si registrano su base annuale","by_latest_sales":"Vendite recenti","by_longest_sales":"Le vendite a lungo termine","by_latest_delivery":"Spedizioni più recenti","by_longest_delivery":"(’) spedizioni per il periodo più lungo","delivery_name":"Personale di spedizione","delivery_time":"Orario di spedizione","explain.delivery":"Amministrazione spedizione","explain.delivery.tips0":"Un ordine di blocco, un ordine di apertura e un ordine di consegna vengono inseriti nell’interfaccia spedizioni in attesa","explain.delivery.tips1":"1) migliorare l’efficienza dei negozi, che possono stabilire regole, ad esempio, per riempire gli indirizzi di spedizione e per le vendite di base.","explain.delivery.tips2":"2. Facile spedizione, che è stata portata avanti con successo;","explain.delivery.tips3":"3) richieste rapide, sincronizzate in tempo reale con le informazioni logistiche relative agli ordini di spedizione e supporta la condivisione dei clienti tramite wechat 1.","explain.delivery.tips4":"4. Chiarezza delle registrazioni a supporto delle richieste di informazioni relative al mittente, al destinatario, al destinatario, ecc.","immediate_delivery":"Spedizione immediata","form.delivery_remark":"Osservazioni relative alla spedizione","input.delivery_remark":"Indicare il titolo di spedizione","search_delivery":"Ricerca osservazioni\/nome commerciale\/numero d’ordine","employee_auth":"Competenza del personale","input.employee_auth.search":"Per abbonarsi, digitare il nome del dipendente\/indirizzo di posta elettronica","operator":"operatori","add_employee":"Aggiunta di personale","employee_auth.tips0":"I negozi eseguono le operazioni di avviamento e gli ordini possono essere visualizzati nella funzione di gestione degli ordini.","employee_auth.tips1":"1. Modelli di identificazione: il sistema raccomanda tre modelli che il commerciante può modificare autonomamente.","employee_auth.tips2":"2. Le autorità sensibili sono tutte scritte in rosso e pubblicate con discrezione.","employee_auth.tips3":"3. Descrizione del mandato sensibile","employee_auth.tips4":"3.1 prezzo di costo: non è possibile controllare se il servizio è in magazzino, se il servizio è richiesto, aprire con cura.","employee_auth.tips5":"3.2 prezzi \"peer price\" : base per l’effettiva ripartizione delle competenze tra i vari reparti.","employee_auth.tips6":"3.3 esaminare i clienti dell’ufficio: consultare i dati per i clienti che vendono merci.","employee_auth.tips7":"3.4 eliminazione permanente: funzione di stazione di recupero, raccomandata solo all’operatore.","employee_auth.tips8":"3.5 modifica del prezzo di costo: se non è possibile modificare il prezzo, una parte della quantità è richiesta e viene effettuata con cura (la variazione del costo della merce può essere ottenuta con costi aggiuntivi, ad esempio con una scorta).","employee_auth.tips9":"3.6 eliminazione delle merci: eliminazione delle merci nei negozi.","employee_auth.tips10":"3.7 modifica dell’ordine: è possibile modificare, con discrezione, i dati relativi al valore di transazione delle ordinazioni, come ad esempio le garanzie post-vendita.","employee_auth.tips11":"3.8 eliminazione delle ordinazioni: si raccomanda agli operatori di essere soli","employee_auth.tips12":"3.9 competenze del personale: il possesso di tale autorità può aumentare o diminuire il proprio livello di competenza e quello di altri soggetti, che viene utilizzato con discrezione.","employee_auth.tips13":"3.10 eliminazione dei dati relativi ai negozi: messa a punto di un centro - messa a punto di un parametro - eliminazione di un tesso, compresi ordini, messaggi, fatture, stipendi, ecc.","enabled":"attivo","disabled":"Non utilizzati","edit_employee":"Modifica delle competenze del personale","form.account":"account","input.employee_auth":"Per abbonarsi, digitare il numero di telefono\/indirizzo di posta elettronica del personale","form.name":"nomi","input.name":"Indicare il nome","form.role":"identità","select.role":"Scegliere l’identità","create_salary":"Creazione di salari","create_salary.tips0":"La retribuzione del dipendente viene creata dopo aver acceso il tasto e può essere controllata dalla direzione","enabling_accounts":"Numero di conto attivo","enabling_accounts.tips":"Se il dipendente lascia l’azienda, si raccomanda di rinunciare a questa possibilità","set_auth":"Competenze di base","set_auth.tips0":"I pulsanti attivi possono posizionare i livelli","update_and_save":"L’aggiornamento di questo modulo di identità non modifica il diritto di default se il nuovo utente è identificato, ma non il diritto di utilizzare tale identità in modo storico","left_slide_delete_role":"Un movimento a sinistra può cancellare l’identità","add_role":"Aggiunta di identità","input.role_name":"Per favore digitate il nome di identità","unable_edit_super_admin":"Non è possibile modificare i super-amministratori","add_success":"Aggiungere successi","add_error":"Mancato inserimento","delete_success":"Cancellare un successo","delete_error":"annullamento","save_timeout":"Risparmio di tempo","save_success":"Conservare il successo","save_auth_set_success":"L’autorità di tutela ha avuto successo","save_auth_set_error":"Fallimento della fissazione dell’autorità di conservazione","update":"aggiornamento","shop_manager":"indicare","auth_and_save":"Competenza e conservazione","appc.ALL":"totale","switch_stores_success":"Il cambio di negozio ha successo","new_shop_register":"Registrazione dei nuovi negozi","immediate_switch":"Cambio immediato","immediate_register":"Registrazione immediata","immediate_new_shop":"Apertura immediata di un negozio","expiration":"scadenza","today_billing":"Inizio oggi","online_expo":"Fiere online","peer_group":"Circoli tra pari","goods_sold_out":"La merce è stata ritirata dal mercato","peer_price":"Prezzo equivalente","online_exhibition":"Fiere online","online_exhibition.tips1":"Beni: stock in tempo reale di 800 000 unità, ad un tasso di tempo reale del 95%.","online_exhibition.tips2":"Pagine prima scelta: l’ultimo prodotto, a più di 100 $(prezzo più basso di 45 giorni).","online_exhibition.tips3":"Ricerca di parole: quanto più dettagliate sono le parole chiave, tanto più precisi sono i risultati, tanto meno vaghi sono i risultati.","online_exhibition.tips4":"Ricerca per immagini: la ricerca per immagini, che presenta solo una parte delle merci collegate tra loro, può essere effettuata con parole quando i risultati sono inferiori.","online_exhibition.tips5":"Un tasto per rilanciare: supportate un tasto per scaricare una copia di immagini per rilanciare la cerchia di amici per condividerlo.","online_exhibition.tips6":"Raccolte di beni: facilità di acquisto","online_exhibition.tips7":"Comprate: i peer trader, per il prezzo del pane tenero.","online_exhibition.tips8":"Venditori: commercianti con attività nel conciglio di conciglia, con accesso alla piattaforma verificato.","online_exhibition.tips9":"La commissione europea ha pubblicato un invito a presentare proposte per la creazione di una rete europea di punti di contatto per le piccole e medie imprese (pmi).","online_exhibition.tips10":"Pagamento on line: supervisione bancaria, logistica per la registrazione del 24h fino alla contabilità, commercio più sicuro.","online_exhibition.tips11":"Spese di servizio: 0,6% per operazioni a carico dell’acquirente.","online_exhibition.tips12":"Il portafoglio apre:","online_exhibition.tips13":"Proposta di regolamento del consiglio che modifica il regolamento (cee) n.","online_exhibition.tips14":"24h\/72h: merci che sostengono tutte le operazioni, riconfermare al venditore.","online_exhibition.tips15":"Offerta: in seguito all’offerta, il venditore può contattare direttamente l’acquirente.","online_exhibition.tips16":"Il messaggio viene estrapolato: con i mezzi di sussistenza, con i mezzi di sussistenza e con i mezzi di sussistenza.","tabbar.bid":"Le offerte","tabbar.collect":"collezioni","tabbar.product":"beni","agreed":"Hanno convenuto","not_responded":"Nessuna risposta","rejected":"respinto","each_other_agreed":"La controparte ha convenuto","each_other_not_responded":"L’altra parte non ha risposto","each_other_rejected":"(il parlamento respinge la richiesta)","you_have_agreed":"Lei è d’accordo?","you_have_not_responded":"Non avete ancora risposto","you_have_rejected":"Lei ha respinto l’emendamento n.","bid_search_placeholder":"Ricerca dei nomi delle merci","give_you_offer":"offerte","your_bid":"l’offerta","bidder":"offerente","counteroffer":"\/ negoziatori","contact_TA":"Contatti con","i_received_bid":"Ho ricevuto un’offerta","my_bid":"La mia offerta","input.bid_price":"Si prega di indicare il prezzo d’offerta","his_bid":"La sua offerta","i_want_to":"I. Un regolamento che modifica il regolamento (cee) n.","input.bid_price.tips":"Il prezzo d’offerta non deve essere inferiore a 0","immediate_dicker":"Negoziati immediati","agree":"d’accordo","reject":"rifiuto","pages.collect.lists.on_sale":"Prodotti validi","pages.collect.lists.sold_out":"Prodotti soggetti a prescrizione","form.real_name":"Nome autentico","input.real_name.tips":"Per piacere digitare il nome esatto","hot_search_price":"Prezzi correnti di vendita","explore_now":"Esplorare immediatamente","historical_check":"Prezzi controllati storici","popular_brand":"Un marchio popolare","public_price_inquiry":"Indagini sul prezzo","public_price_detail":"Dettaglio del prezzo al pubblico","counter_price":"Prezzo degli armadi","market_data":"Dati relativi agli effettivi","market_average_price":"Prezzi medi all’esportazione","market_near_90day_price":"Quasi 90 giorni","public_price_detail.tips0":"La fonte di dati è la presentazione dei prezzi dei beni esotici sulla linea, che sono influenzati da fattori quali il numero di anni di colore e sono forniti solo a titolo informativo","info":"informazioni","error_feedback":"Feedback negativo","public_price_inquiry_feedback":"Risposta alle domande sui prezzi pubblici","input.model":"Indicare il modello","input.counter_price":"Per favore digitate il prezzo della camera","content_supplement":"Integrazione dei contenuti","input.content":"Per favore aggiunga qualcosa","public_price_inquiry_feedback.tips0":"Caricare [screenshot efficace] permette di trovare domande prioritarie","send":"invia","maintenance_search":"Ricerca nome della polizza\/codice separato\/parole chiave","repair":"manutenzione","service_cost":"Costo dei servizi","charge_amount":"Importo della tassa","perfect_singular":"Completamento del singolare","actual_cost":"Costo reale","actual_charge":"Oneri effettivi","diamond_setting":"Pannelli di diamanti","maintenance.tips0":"I negozi eseguono ordini di manutenzione e riparazione","maintenance.tips1":"1. Sostenere la creazione di commesse di servizi, compresi gli importi, i costi, il personale di manutenzione, il personale addetto alle consegne, le voci di servizio, ecc.","maintenance.tips2":"2. Sostenere i servizi di manutenzione in corso, ultimati o eliminati, e le operazioni di editing, visualizzazione, selezione, condivisione, ecc.","confirm_delete_select_receipt":"Conferma della cancellazione dell’elenco di accettazione prescelto?","in_progress":"In corso","completed":"Fatto a","cancelled":"annullamento","by_latest_complete":"Secondo l’ultimo numero","by_longest_complete":"È fatto per il più lungo termine","by_latest_cancel":"Annullamenti effettuati di recente","by_longest_cancel":"(’) termine ultimo per la presentazione di proposte di risoluzione: CFR. Processo verbale","maintenance_receipt_details":"Dettaglio del modulo di ammissibilità delle spese di garanzia","share":"condividere","maintenance_details":"Dettagli relativi alla manutenzione","extended_info":"Ampliare l’informazione","service_type":"Tipi di servizi","estimated_charge":"Importo previsto del canone","one_click_download":"scaricamento","service_personnel":"Personale di servizio","order_taker":"Addetti alle operazioni di carico e scarico","estimated_service_cost":"Costo previsto dei servizi","creation_time":"Creazione del tempo","creator":"Creazione di personale","customer_info":"Informazione dei clienti","store_sharing":"Ripartizione dei negozi","store_sharing.tips1":"È permesso controllare i negozi che vendono tutte le merci","is_show_detail_drawing":"Vengono presentati grafici dettagliati","prices_shown_sharing":"I prezzi indicati quando sono condivisi","set_applet_cover":"Presentazione di piccoli programmi","add_maintenance_receipt.tips1":"Le informazioni devono essere corrette e se il personale che riceve l’ordine di precedenza non è in grado di soddisfare le proprie esigenze commerciali, possono essere richieste al seguente indirizzo","add_maintenance_receipt.tips2":"(manutenzione e riparazione)","add_maintenance_receipt.tips3":"aggiunta","input.goods_name50":"Indicare il nome della merce (entro 50 parole)","service_type_multiple_choice":"Tipo di servizio (facoltativo)","input.estimated_charge0":"Si prega di indicare il prezzo richiesto per il servizio, senza indicare il valore di 0","service_personnel_select":"Si prega di selezionare il personale dei servizi","order_taker_select":"Si prega di selezionare il foglio di accompagnamento","remark_placeholder":"Ad esempio: guasti ai motori, necessità di una manutenzione dell’impianto di rifinitura, una durata di mezzo mese …","confirm_creation_service":"Riconoscimento della creazione di servizi","show_all_employees":"Indicare il totale degli effettivi","add_costom_service_type":"Sono stati aggiunti i tipi di servizi definiti","input.add_costom_service_type10":"Indicare il tipo di servizio (entro 10 parole)","add_service_cost":"Nuovi costi dei servizi","maintenance_content":"Contenuto della manutenzione","input.maintenance_content":"Inserire il contenuto della manutenzione","input.service_cost":"Indicare il costo del servizio","buying":"acquisto","uploading":"Trasmissione superiore","edit.repair":"Modifica dell’ordine di ricevibilità","add.repair":"Nuovo elenco di ammissibilità per le riparazioni e la manutenzione","my_big_brand":"La mia grande carta","peers_looking_for_goods1000":"1000 più in cerca di lavoro","all_brand":"Tutte le marche","latest_release":"Ultimo aggiornamento","unit":"cosa","release_style_requirements":"Pubblicazione dei bandi di gara","new_recommendations_daily":"Nuove raccomandazioni su base quotidiana","one_click_inbound":"Una chiave entra nella biblioteca","my_container":"I contenitori","goods_on_sale":"(’) vendite","goods_being_sold":"In vendita","share_log":"Registrazione condivisa","share_log.tip0":"Lo scivolone sinistro può essere cancellato, e quando un record di condivisione viene cancellato, il link di condivisione decade","share_choice":"Opzioni condivise","show_prices":"Indicazione dei prezzi","sharer":"Persone che condividono","contact_information":"contatti","shop_card":"Il biglietto da visita del negozio","by_latest_repair":"Per manutenzione recente","by_longest_repair":"Per quanto riguarda la manutenzione, la situazione è la seguente","cancel_order":"Annullamento dell’ordinanza","cancael_reason":"Cause di annullamento","input.cancel_order":"Indicare il motivo della cancellazione","input.actual_amount":"Si prega di indicare l’importo effettivo","complete_service":"Completamento dei servizi","actual_amount":"Importo effettivo","input.actual_charge":"Indicare l’importo effettivo della tassa","input.actual_cost":"Indicare il costo effettivo","product.edit":"Editoriale articolo","open_vip":"Membri attivi","online_exhibition_vip":"Fiere on line VIP (acquisto di prodotti)","open_vip.tip0":"Il servizio vips è accessibile a tutti i membri.","open_vip.tip1":"VIP è stato aperto da un utente di 1w+","open_vip.tip2":"Apertura della fiera on line VIP","vip":"membri","vip_exclusive_privilege":"VIP gode di un superprivilegio","more_privileges":"Più privilegi","pay_after_discount":"Non è questo il punto","open_immediately":"Aperto immediatamente","member_service_agreement":"Accordo sui servizi dei membri","sales_and_inventory":"Immissione sul mercato","data_analysis":"Analisi dei dati","pc_back_end":"Supporto PC","online_exhibition_sellers":"I venditori di fiere on line","small_program_store":"Piccole imprese","multi_platform_synchronization":"Sincronia multipiattaforma","appraisal_and_valuation":"Valutazione dell’accreditamento","not_available":"Non in servizio","identify_order":"Identificazione degli ordini di valutazione","deleting":"cancellare","logout":"Uscita logon","loading":"carico","confirm_to_agree":"Conferma del suo assenso?","confirm_to_reject":"Conferma del rifiuto?","saler_tools.pages.base.share.shop.total_cost":"Prezzo di costo","saler_tools.pages.base.share.shop.peer_price":"Prezzo equivalente","saler_tools.pages.base.share.shop.agent_price":"Prezzi di agenzia","saler_tools.pages.base.share.shop.price":"Prezzi di vendita","share_goods":"Ripartizione dei prodotti","share_shop":"Negozi a ripartizione","saler_tools.pages.base.share.lists.total_cost":"Prezzo di costo","saler_tools.pages.base.share.lists.peer_price":"Prezzo equivalente","saler_tools.pages.base.share.lists.agent_price":"Prezzi di agenzia","saler_tools.pages.base.share.lists.price":"Prezzi di vendita","pages.message":"notizia","pages.my":"La mia","pages.collect":"collezioni","pages.work":"Quadri di comando","pages.home":"pagina","version":"Edizione attuale","user_agreement":"Accordi per gli utenti","service_agreement":"Accordi sui servizi","privacy_policy":"Accordo sulla tutela della vita privata","operate":"operazioni","settlement_price":"Prezzi di compensazione","selected_goods":"Scelta dei prodotti","goods_transferred_out":"Trasferimenti di merci","one_click_clear":"Un tasto è vuoto","confirm_one_click_clear":"Conferma che un tasto è vuoto?","confirm_delete_select_goods":"Presidente. — ha facoltà di parlare il gruppo del partito popolare europeo (gruppo democratico europeo).","add_to":"aggiunta","commodity_inventory":"Inventario delle materie prime","commodity_inventory.tip0":"Se il bilancio è concluso, ricordate di cliccare su [completare","inventory_code":"Numero d’inventario","requested_goods":"Pezzi staccati","ordered_goods":"Pezzi staccati","existing_goods":"Prodotti esistenti","missing_goods":"Prodotti mancanti","inventory_checker":"Inventario delle persone","create_inventory":"Creazione di un inventario delle merci","commodity_inventory.top0":"Le materie prime favoriscono l’inventario in vari modi","commodity_inventory.top1":"Inventario dei depositi 1","commodity_inventory.top2":"Inventario provvisorio dei depositi 2","commodity_inventory.top3":"Inventario dei beni immobili 3","commodity_inventory.top4":"Inventario della posizione delle merci 4","commodity_inventory.top5":"Proposta di direttiva del consiglio che modifica la direttiva 85\/3 \/ cee relativa ai pesi, alle dimensioni e a certe altre caratteristiche tecniche di taluni veicoli stradali","you_will_delete":"(il parlamento respinge la richiesta)","you_will_complete":"(’) termine per la presentazione degli emendamenti: CFR. Processo verbale.","select_inventory_type":"Scegliere il tipo di inventario","inventory_store":"Inventario dei depositi","inventory_temp_store":"Inventario dei depositi provvisori","inventory_pawned_goods":"• inventario dei beni immobili","inventory_watch_location":"Inventario della situazione delle merci","own_goods":"Beni propri","select.inventory_name":"Si prega di selezionare gli ispettori","form.inventory_name":"Per fare l’inventario","createSuccess":"Creare il successo","create":"La creazione di","inventory.tip1":"La scelta delle proprietà di un bene richiede un inventario","inventory.tip2":"La scelta della classificazione delle merci da compilare non è effettuata per difetto","inventory_name":"Nome dell’inventario","input.inventory_name":"Per favore digitare il nome della partita","select.temp_inventory":"Scelta dell’inventario provvisorio","select.watch_location":"Scegliere l’inventario della posizione delle merci","inventory":"inventario","inventory_lists_completed":"L’elenco di inventario è stato compilato","inventory_lists_underway":"Inventario di inventario - in corso di realizzazione","modify_inventory_status":"Modifica dello stato patrimoniale","not_counted":"Non iscritti","counted":"inventario","check_form":"Si prega di controllare il formulario","not_found":"Dati non disponibili","form.work_name":"funzioni","input.work_name.tips":"Indicare le funzioni","select.principal":"Indicare le persone da contattare","form.principal":"responsabile","form.weacht":"microsegnali","input.weacht.tips":"Digitate i microsegnali","form.whats_up":"whats up","input.whats_up.tips":"Per favore digitare whats up","form.mobile":"Numero di telefono","input.mobile.tips":"Digitate il cellulare, per piacere","add.contact":"Nuovi contatti","edit.contact":"Contatti editoriali","contact_way":"contatti","confirm_delete_contact":"Conferma della cancellazione della persona da contattare?","select_type":"Tipo di selezione","add_type":"Tipo di aggiunta","selected_type":"Tipi selezionati","amount":"l’importo","input.amount":"Indicare l’importo","image":"immagini","max_img_count3":"Massimo 3 immagini","original_total_cost":"Costo totale iniziale","parameter_error":"Errori nei parametri","form.additional_total_cost":"Totale prezzo di costo","input.order_billing_count":"Per favore digitate il numero di apertura","transaction_price":"Valore di transazione","input.final_selling_price":"Si prega di indicare il prezzo di vendita finale","select_sales_time":"Scelta del momento di vendita","order_type_setting":"Tipo di ordinazione","wait_deliver_goods":"Prodotti in attesa di spedizione","input.search":"Digitate il contenuto della ricerca","please_select":"selezione","price":"prezzi","cost_price":"Prezzo di costo","condition":"ChengSe","idle":"Riserve non utilizzate","no_lock":"Elenco non chiuso","select_employee":"Scegliere il personale","form.shop_name2":"Nome del negozio (2)","please_setting_authority":"Attivare il pulsante che stabilisce i poteri","input.authority":"Digitare il nome dell’autorità per effettuare la ricerca","marketing_poster":"Marketing di manifesti","multiple_graphs_share":"Ripartizione multipla","product_share":"Ripartizione dei prodotti","consignment_delivery":"Spedizioni per posta","consignment_delivery_lists":"(’) da inviare a un elenco di trasmissione","switch_default_price.tip":"È certo che, una volta che il prezzo sia stato sostituito con un prezzo predefinito, il prezzo di compensazione modificato sarà coperto dal prezzo proporzionale originario scelto?","settlement_price_default":"Il prezzo di compensazione è tacitamente fissato","consignment_delivery.tip1":"Il proprietario prende le merci nel deposito e le sceglie per completarle in attesa che il destinatario le ritiri","claim_code":"Codice di estrazione","gross_merchandise_inventory":"Scorte totali di beni","gross_merchandise_valuation":"Valore totale delle merci","to_be_withdrawn":"Da estrarre","create_consignment_delivery":"Creazione di un sistema di trasmissione","consignment_delivery.tip2":"Indicare il codice di prelievo nella lista di trasmissione per le merci da ritirare","claim_code_transfer_order":"Si prega di digitare 8 cifre per il codice unico di prelievo","extract":"estrazione","consignment_delivery.tip3":"La creazione del bollettino di consegna permette la trasmissione dell’immagine e del dettaglio dei prodotti dal punto A al punto B","consignment_delivery.tip5":"Destinatario: digitando il codice di estrazione a 8 bit del mittente, che permette di estrarre le merci con un solo tasto, basta che il prezzo sia pronto per la vendita nel deposito.","consignment_delivery.tip6":"La cancellazione di un elenco di spedizioni avrebbe come conseguenza che le spedizioni di merci spedite dal destinatario sarebbero state svuotate.","receive":"ricezione","shop_logo":"LOGO del negozio","shop_logo.tips":"(per i negozi congiunti e per le esposizioni on line)","shop_qr_code":"Codice qr del negozio","shop_registration_time":"Ore di registrazione nei negozi","certificate_name":"Denominazione certificata","telephone":"Telefono fisso","input.telephone":"Per favore digitate il telefono fisso","detailed_address":"Indirizzo completo","phone_number":"Numero di telefono","input.phone_number":"Digitate il numero","shop_profile":"Introduzione al negozio","input.shop_profile":"Si prega di inserire una breve descrizione del negozio","unedited_state.tips":"In questo momento non è editoriale. Per favore, cambiate con il bottone inferiore","shop_info":"Informazioni sui negozi","setup_center":"Centri di avviamento","personal_settings":"Iniziative individuali","personal_data":"Dati personali","avatar":"avatar","shop_info.tips":"Negozi (LOGO, nome, regione, indirizzo)","message_notification":"Notifica del messaggio","message_notification.tips":"Informazioni sul negozio, avvisi di buona condotta, messaggi sistematici, ecc","address_administration":"Gestione degli indirizzi","account_association":"Associazione dei numeri di conto","wechat_binding":"Wechat è diventata vincolante","bound":"Impegni sottoscritti","cell_phone_number":"Numero di telefono cellulare","email_address":"Posta elettronica","not_bound":"Impegni non vincolanti","shop_parameter_setting":"Parametri relativi ai negozi","lock_invoice_voucher_must_be_set":"Il certificato deve essere compilato a blocchi","online_exhibition_default_parameter_settings":"Esposizione on line","maintenance_personnel_type_management":"Tipo di organizzazione del lavoro","additional_cost_type_settings":"Costi aggiuntivi","shop_classification_management":"Gestione della classificazione dei negozi","order_type_management":"Gestione del tipo di ordinazione","exhibition_location_management":"Gestione dei siti delle fiere","joint_venture_and_online_exhibition_setup":"Il consorzio e l’esposizione on line","the_selling_price_is_visible_to_fans":"I prezzi di vendita sono visibili ai fan","peer_price_is_visible_to_fans":"I prezzi tra pari sono visibili per i fan","blacklist":"Lista nera","contact_way.tips":"La commissione europea ha pubblicato un invito a presentare proposte per la creazione di una rete europea di punti di contatto per le pmi","upload_the_cover_of_affiliate_and_online_exhibition_shop":"Caricate le coperchi dei punti vendita online e collettivi","other_settings":"Altri elementi","about_us":"Su di noi","check_version":"Verifica della versione","current_version":"Edizione attuale","personal_information_and_permissions":"Dati personali e competenze","third_party_information_sharing_list":"Elenco per la condivisione delle informazioni relative ai terzi","clear_cache":"Liquidazione dei conti","register_shop":"Negozi registrati","storage_age_warning":"Rilevamento tempestivo","early_warning_record":"Note di avvertimento","storage_age_is_more_than":"Articolo 1 considerando che il regolamento (cee) n.","storage_age_warning.tips1":"1. In base alle esigenze dei commercianti, il sistema di allarme rapido può essere utilizzato per individuare le proprietà di un bene e selezionare la sua classificazione.","storage_age_warning.tips2":"2) permette di recuperare rapidamente i prodotti di largo consumo e di effettuare correzioni di prezzo, analisi delle scorte, azioni di vendita, ecc.","storage_age_warning.tips3":"3) sostenere la selezione delle merci in base al loro ciclo di validità e la promozione della loro vendita mediante ripartizione.","reminded_goods_count":"Il numero totale dei prodotti è stato ricordato","reminded_goods_value":"È stato ricordato il valore totale delle merci","expired_reminder":"Un richiamo è stato fatto","email_login":"Logon per mailbox","bind_mailbox":"Posta elettronica ricostituita","email":"Posta elettronica","please_wait_a_minute":"Per favore, aspetti di riprovare tra un minuto","email_already_bind":"La cassetta delle lettere è stata attaccata","is_email_login":"È aperto o no il collegamento alla mailbox","personal_password":"Codice personale","input.personal_password":"Per favore digitate la vostra password","modify_success":"Il successo delle modifiche","image_type_error":"Sono ammesse solo le immagini in formato jpeg e PNG","image_size_error":"Le dimensioni dell’immagine non devono superare 2m","change_login_type":"Cambiare il modo di log on","wechatLogin":"Wechat online","phoneLogin":"Numero del cellulare","account":"account","emailLogin":"Logon per mailbox","input.phone":"Digitate il numero del cellulare, per piacere","input.email":"Per abbonarsi, scrivere la mailbox elettronica","input.wechat":"Digitate i microsegnali","email_login_is_not_enabled":"L’accesso alla mailbox non è ancora stato aperto","logging_in":"In corso di connessione …","invalid_goods":"Prodotti soggetti a prescrizione","on_sale_goods":"In vendita","detail_picture":"Immagini dettagliate","synthesis":"integrato","daily":"quotidiani","monthly":"Bollettino mensile","sales_analysis":"Analisi delle vendite","recovery_analysis":"Analisi del recupero","asset_analysis":"Analisi delle attività","additional_cost_analysis":"Analisi dei costi aggiuntivi","pledged_goods_analysis":"Analisi di beni immobili","data_analysis.tips":"Visite in tempo reale i dati relativi al commercio al dettaglio","current_shop":"Commercio al minuto","order":"ordini","total_sales_volume":"Totale delle vendite","total_sales":"Totale delle vendite","profit":"profitti","total_returned_goods_units":"Quantità totale restituita (pezzi)","total_returned_goods_money":"Totale restituzione (in $)","return_profit":"Utili reinvestiti","total_amount_inbound":"Totale in giacenza","total":"totale","total_cost_inbound":"Costo totale dell’entrata in magazzino","money":"yuan","total_shelf_volume":"Totale delle operazioni","total_amount_lock":"Numero totale di serie","product":"beni","settlement_total":"Totale pagamenti","settlement_total_sales":"Totale liquidazione vendite","settlement_total_cost":"Costo totale dei pagamenti","settlement_profit":"Utili di liquidazione","only_additional_cost_goods_in_warehouse":"Costi aggiuntivi delle merci soltanto nei depositi statistici (non incluse le merci spedite e cancellate)","quantity_goods":"Volume delle merci","total_money":"Importo totale","proportion":"La percentuale","unit_a":"sono","agent_commission":"Proposta dell’agenzia","strap_or_accessories":"Cinturini per orologi ed accessori","courier_fee":"Spese di consegna","Maintenance_and_washing":"Manutenzione e riparazioni","type_of_additional_cost":"Tipo di costo aggiuntivo","click_landscape_to_view":"Clicca su screenshot","attribute":"attributi","particulars":"dettaglio","cost":"costi","gross_amount_cost":"Costo totale","attribute_analysis":"Analisi delle caratteristiche","category_analysis":"Analisi del tipo","to":"al","quantity_pledged":"Numero di pegno","total_amount_pledged":"Importo totale garantito","redemption_quantity":"Numero di rimborsi","pledge_leaderboard":"Classifica delle carte di credito","total_cost_recovery":"Totale costi di recupero","total_quantity_recovered":"Quantitativi totali recuperati","entry_details":"Modalità di accesso","sales_leaderboard":"Tabella delle vendite","tips":"tip","single_sales":"Vendita per conto proprio","single_sales_tips":"Quando esistono più venditori singoli per un determinato ordine, vengono contati soltanto i primi venditori","multiple_sales":"Vendite multiple","multiple_sales.tips":"Quando vi sono più venditori per un determinato ordine, ne vengono contate più persone","cost_recovery":"Costi di recupero","recycle_and_sell":"Vendita dopo ritiro","sales_amount":"vendite","payroll_management":"Gestione delle retribuzioni","payroll":"Un’evoluzione dei salari","swipe_left_to_delete":"Lo scivolone sinistro può essere rimosso","gross_salaries":"Totale delle retribuzioni","payroll_management.tips":"La creazione di un sistema di retribuzione del personale, in base al quale gli stipendi possono essere fissati in base ai costi di vendita, recupero e manutenzione del personale addetto alle vendite, nonché ai costi di manutenzione e riparazione.","other_time":"Altri momenti","to_be_issued":"Da liquidare","salary_commission_details":"Per ulteriori informazioni, rivolgersi a","select.employee":"Selezione del personale","date_on_board":"Data di entrata in vigore","selective_need_statistics":"La selezione delle proprietà di beni che richiedono prestazioni statistiche","other_orders":"Altre ordinazioni","customer_orders":"Ordini dei clienti","friend_orders":"Ordinazioni di imprese terze","agent_orders":"Agenzia di approvvigionamento","test_control":"Controllo delle prove","total_gross_profit":"Totale profitti lordi","total_cost_recovered_by_TA":"Costo totale del recupero","online":"online","other":"altri","peer":"controparti","store":"Punti di vendita","general":"general","the_profits_generated_by_TA_recycling":"Il recupero dei profitti realizzati","profit_on_maintenance":"Utili di manutenzione e di riparazione","basic_salary":"base","other_money":"Altri importi","sales_commission":"Proposte di vendita","set_default_commission":"Definite la vostra proposta per difetto","sales_points":"Punto di riferimento delle vendite","option":"programma","gross_profit_points":"(’) punto di riferimento lordo","commission_on_sales":"Numero di pezzi venduti","recovery_commission":"Recupero dei crediti","cost_recovery_points":"Punto di riferimento per il recupero dei costi","commission_on_unit_recovered_pieces":"Numero di pezzi da recuperare","TA_recycling_generated_profit_points":"— il punto di prelievo del profitto generato dal recupero","maintenance_commission":"manutenzione","maintenance_profit_commission":"I profitti di manutenzione e di riparazione vengono dedotti","click_fold":"Clicca in arrivo","click_unfold":"cliccare","issued":"Dati trasmessi","await_issue":"Da liquidare","issued_payroll":"retribuzione","total_original_cost_of_recovered_goods":"Costo totale iniziale dei prodotti riciclati","total_additional_cost_of_recovered_goods":"Costo totale aggiuntivo dei prodotti riciclati","sales_points.tips1":"1, punto di riferimento del volume di vendita = ammontare delle vendite ordinate","sales_points.tips2":"2) per i diversi tipi di ordinazioni possono essere stabilite percentuali diverse","gross_profit_points.tips1":"(’) utile lordo riportato = (ammontare delle vendite per ordinazioni — importo delle spese per ordinazioni)","gross_profit_points.tips2":"2) per i diversi tipi di ordinazioni possono essere stabilite percentuali diverse","commission_on_sales.tip1":"(’) numero di pezzi in vendita = ammontare delle vendite ordinate","commission_on_sales.tip2":"2) per i diversi tipi di ordinazioni possono essere stabilite percentuali diverse","cost_recovery_points.tips1":"(’) costo del recupero = costo totale dei beni ricuperati nel corso del mese","cost_recovery_points.tips2":"2, per i diversi tipi di recupero possono essere fissate percentuali di recupero diverse","commission_on_unit_recovered_pieces.tips1":"1) numero di pezzi ricuperati = numero di pezzi ricuperati nel corso del mese","commission_on_unit_recovered_pieces.tips2":"2, per i diversi tipi di recupero possono essere fissate percentuali di recupero diverse","TA_recycling_generated_profit_points.tips1":"Utile di produzione recuperato da TA punto di riferimento = utile risultante dalla vendita delle merci ricuperate da TA","TA_recycling_generated_profit_points.tips2":"2, per i diversi tipi di recupero possono essere fissate percentuali di recupero diverse","maintenance_profit_points":"Punto di riferimento per gli utili di manutenzione e di riparazione","maintenance_profit_points.tips1":"(1) utile utile per le riparazioni e le manutenzioni; (2) utile per le riparazioni e le manutenzioni; (3) percentuale degli utili per le riparazioni e le manutenzioni","sales_commission_default_setting":"Vendita di un determinato prodotto","reclaim_commission_default_setting":"Messa a punto predefinita","reclaim_profits_from_production":"Punto di prelievo per il ricupero della produzione","comfirm_save_payroll_particulars":"Conferma di conservare la retribuzione mensile del dipendente?","confirm_save":"Conferma della conservazione","comfirm_issue_payroll":"Conferma della concessione dell’indennità mensile all’agente in questione?","confirm_issue":"Conferma di trasmissione","general_percentage_of_commission":"Le merci e le ordinazioni non selezionate per il recupero sono indicate per difetto nella proposta [general]","issued_payroll_not_editable":"Le retribuzioni non sono rivedibili","other_keep_accounts":"Altri conti","all_categories":"Tutte le classificazioni","expenditure":"spese","income":"reddito","write_down":"A. Vista la decisione n.","other_keep_accounts.tips1":"La registrazione delle spese relative ad operazioni di questo tipo rende più agevole esaminare le spese e le entrate supplementari sostenute nel corso del mese o dei precedenti esercizi, ad esempio: affitto, energia idroelettrica, ricerca di fiere, ecc.","all_staff":"Totale lavoratori dipendenti","billing_details":"Dettagli della fattura","type":"tipo","manual_creation":"Creazione artificiale","serial_numbers":"Numero della tariffa","associated_order_number":"Numero d’ordine associato","occurrence_date":"Data di realizzazione","amount_of_expenditure":"Importo delle spese","fill_amount":"Importi da inserire","selective_classification":"Classificazioni selezionate","select_date":"Data di selezione","input.remark50":"Indicare le informazioni sul commento (entro 50 parole)","add_costom_classification":"Aggiunta secondo la classificazione definita","input.costom_classification10":"Indicare la classificazione (limite 10 parole)","maintenance_fees":"Spese di manutenzione","exhibition_fees":"Partecipazione alle fiere","total_deposit":"Importo totale delle cauzioni","exp_trans_price":"Fatturato totale previsto","earnest_money":"caparra","expected_transaction":"Previsioni di fatturato","total_original_cost_of_goods":"Costo totale originario delle merci","additional_cost_of_goods":"Costi aggiuntivi delle merci","by_latest_lock":"Premere il blocco più vicino","by_longest_lock":"Premere il blocco più lungo","by_highest_earnest_money":"(’) in percentuale del pil","by_lowest_earnest_money":"(’) a titolo di deposito","lock_details":"Dettagli del blocco","lock_record":"Scheda di controllo","view_product_details":"Esame dei dati relativi alle merci","deposit_payment":"Deposito cauzionale","last_updated_time":"Aggiornamento recente","lock_remark":"Osservazioni del blocco","ticket_holder":"Serrature personale","lockout_time":"Tempo di blocco","quantity_of_ticket":"Numero di serrature","unlock_success":"Il successo","operation_log":"Giornale di bordo","operating_personnel":"operatori","operation_module":"Modulo operativo","operating_time":"Orari operativi","operation_content":"Contenuto operativo","operation_log.tips0":"Per quanto riguarda le azioni di formazione continua, il gruppo di lavoro si è occupato di","all_modules":"Tutti i moduli","order_modification_record":"Registrazione delle variazioni d’ordine","before_modification":"Prima della modifica","after_modification":"Dopo le modifiche","statement_of_account":"Estratti conto","create_statement":"Creazione degli estratti conto","selected_product_attributes":"Proprietà scelte","total_cost_of_statement":"Costo totale degli estratti conto","statement_of_account.tips1":"Creare il costo dei beni da dichiarare e le somme di denaro in contanti in modo da facilitare il controllo da parte del responsabile della finanza del giro di affari dei beni e dei fondi nel corso del mese o della storia.","comfirm_delete_statement":"Conferma la cancellazione del conto?","have_deleted":"soppresso","select_statement_type":"Scegliere il tipo di riconciliazione","total_cost_of_goods":"(’) totale dei costi delle merci","cash":"contanti","total_assets":"Totale dell’attivo","cost_of_goods":"Costo dei beni","due_funds":"Dovrebbe essere finanziata","sales_profit":"Utili di vendita","service_profit":"Utili di servizio","other_income_and_expenditure":"Altre entrate e spese","payroll_expenses":"Spese per le retribuzioni","commodity_consignor":"Speditore delle merci","pledged_price":"Prezzo garantito in blocco","call_price":"Prezzo di rimborso","redemption_time":"Periodo di rimborso","total_inventory":"Scorte totali","sold_count":"Ha venduto","usable":"disponibili","warehouse_billing":"Apertura del deposito","temporary_invoice":"Apertura dei depositi provvisori","customerServiceTitle":"La invito a contattarci e a fornirci i suoi preziosi consigli!","quick_navigation":"Navigazione rapida","sign_out":"cancellazione","pages.member.sign_out":"cancellazione","comfirm_sign_out":"Annullamento definitivo","is_comfirm_sign_out":"Annullamento definitivo?","sign_out_success":"Annullamento successo","logouting":"In via di annullamento …","captcha_error":"Errori del captatore","captcha_expired":"Il captcha non è più valido","system_center":"Impostazione del sistema","pages.product.add":"pubblicato","shop_apply_already_exist":"I negozi già esistenti","search":"ricerca","not_yet_open":"Impegni non ancora liquidati","ADD_ORDER":"Prodotti in attesa di spedizione","RETURN_ORDER":"restituzione","LOCK_ORDER":"Serrature mono","FINISH_ORDER":"Ordine completo","select_show_price":"La scelta dei prezzi da indicare","diy_price":"Prezzi autodefiniti","input.diy_price":"Si prega di indicare i prezzi autodefiniti","select_goods_share":"Scelta della ripartizione dei prodotti","online_exhibition_cover":"Copertina delle vendite esterne","cur_new_version":"La versione attuale è aggiornata","mini_program_cover":"Piccoli programmi","suggested_aspect_ratio_of_5:4":"Si propone un rapporto di larghezza di 8 a 3","recycle_type_settings":"Tipo di ricupero","tag_settings":"Disposizioni in materia di etichettatura","download_images":"Download immagine","copy_text":"Testo di riproduzione","switch":"commutazione","convenient_operation":"Operazioni più facili","download":"download","copy_success":"Riproduzione riuscita","save_loading":"conservazione","noChat":"Garofano: non avete ancora nessuna notizia, iniziate subito a parlare con i vostri amici","reconnecting":"I collegamenti sono stati scollegati e si è cercato di ricongiungere …","delete_chat":"Cancellare la chat","top_chat":"È ora di togliersi la chiacchierata","appc.totol_cost":"Prezzo di costo","appc.customer_service":"Contatti con il servizio clienti","appc.bid_search_placeholder":"Ricerca dei nomi delle merci","appc.condition_used":"Di seconda mano","appc.condition_new":"Rinnovati nuovi non utilizzati","appc.sale_price":"Prezzi di vendita","appc.price":"Prezzi di vendita","appc.agent_price":"Prezzi di agenzia","appc.total_cost":"Prezzo di costo","appc.peer_price":"Prezzo equivalente","appc.copy_text":"Testo di riproduzione","appc.download_images":"Download immagine","appc.switch_grids":"Cambio di ruolo","appc.switch_swiper":"Il passaggio al sistema a rotazione","appc.product_detail":"Dettaglio delle merci","appc.product_info":"Informazioni sulle merci","appc.goods_description":"Designazione delle merci","appc.brand":"marca","appc.series":"serie","appc.model":"modelli","appc.copy":"riproduzione","appc.copy_success":"Riproduzione riuscita","appc.cancel":"soppressione","appc.OK":"definire","appc.tips":"tip","appc.download_tips":"Siete sicuri di scaricare le immagini nell’album di un cellulare?","appc.download_success":"Download success","unable_to_contact_oneself":"Incapacità di mettersi in contatto","goods_no_stock":"Insufficienza delle scorte di beni","my_shop":"Il mio negozio","goods_image_be_empty":"Le immagini non devono essere vuote","selected":"Ha scelto","query_price_max":"Prezzo massimo","query_price_min":"Prezzo minimo","goods_lock_num_not_del":"Le merci che presentano un blocco non possono essere rimossa","transfer_to_temp_warehouse":"Riporti al bilancio","QRCode":"Codice qr","service_type_setting":"Definizione del tipo di servizio","product_position_setting":"Ubicazione delle merci","product_tips":"Consigli sulle materie prime","select_at_least_one":"Scegliete almeno un prodotto, per piacere","transaction_price_cannot_empty":"Il valore di transazione non deve essere vuoto","cannot_bid_on_myself":"Non bisogna fare offerte per i propri prodotti","order_is_returneed":"L’ordine viene restituito","please_select_order":"Per ordinare","please_input_price":"Per ordinare","please_input_money":"Indicare l’importo","pledge_time":"Periodo di esigibilità del pegno","select_pledge_time":"La prego di scegliere la data di scadenza del pegno","contact_info_of_client":"Indirizzo del preponente","select_goods_attribute":"Per favore, scegli le caratteristiche del prodotto","goods_name_require":"La denominazione commerciale non deve essere vuota","select_recycle_type":"Scegliere il tipo di riciclaggio","select_expire_time":"La prego di scegliere la data di scadenza del pegno","redeemed":"Rimborso anticipato","expired":"scadenza","not_redeemed":"Non richiamato","delivery_status":"Stato di spedizione","category_ids_not_empty":"La classificazione di una merce non può essere vuota","bill_name":"Nome della fattura","input.bill_name":"Per favore digitate il nome della fattura","total_revenue":"Totale delle entrate","my_qrcode":"Il mio codice qr","shop_not_available_im":"I commercianti non dispongono di un servizio di comunicazione immediata","im.group":"Gruppo chiacchierata","im.loading_message":"In via di costituzione la pagina è in corso di stampa.","im.at_me":"[qualcuno @me]","im.at_all":"[@tutti i membri]","im.read":"Ha letto","im.unread":"Non lette","im.read_count":"Persone letti","im.just_now":"appena","im.minute_ago":"Minuti fa","im.yesterday":"ieri","im.online":"Gli utenti attuali online","im.send":"invia","im.send_failed":"Mancata trasmissione","im.empty_message":"Non si possono inviare messaggi in bianco","im.text":"testo","im.image":"immagini","im.voice":"vocale","im.video":"video","im.voice_call":"Telefonia vocale","im.video_call":"videotelefonia","im.push_off_line":"«Siete già collegati altrove e sarete obbligati a non utilizzare la linea».","appc.goods_video":"Video sulle merci","appc.nothing":"senza","network_error":"Errori di rete","appc.network_error":"Errori di rete","retrieve_password":"Ricerca della password","email_code":"Codice di verifica per posta","image_code":"Captcha per la verifica delle immagini","input.image_code":"Digitare il captcha","error_email_not_exist":"Indirizzo postale non disponibile","reset":"sostituzione","wait_pay":"Da versare","wait_supply":"Da aggiungere","finish":"Fatto a","identifying":"Nella valutazione","local_products, ":"Prodotti locali","international_products":"Prodotti internazionali di base","local_products":"Prodotti locali","shop":"Del negozio","appraiser_application":"Domanda di valutazione","apply_for":"domanda","apply_success":"Domande accolte","to_be_valued":"Da valutare","to_be_continued":"Non completata","abandon_valuation":"Rinuncia alla valutazione","view_details":"Esaminare i dettagli","shop_already_exist":"Il negozio esiste già","estimate_immediately":"Valutazione immediata","suggest_recycling_price":"Prezzi di ritiro proposti","input.suggest_recycling_price":"Indicare il prezzo di ritiro raccomandato","select.appraisal_result":"Si prega di selezionare i risultati dell’identificazione","input.appraisal_remark":"Per favore digitare il vostro messaggio di identificazione","identify_user_error":"Identificazione irregolare del perito","submit":"presentazione","abandoned":"Totale di cui:","to_be_appraised":"Da accertare","abandon_appraisal":"Rinuncia al riconoscimento","confirm_abandon":"La rinuncia definitiva alla valutazione?","apply_for2":"Mi dispiace, ma lei è stato bloccato","apply_for1":"Avete finito il riconoscimento, cominciate subito!","apply_for0":"La sua domanda è ancora all’esame e la prego di essere paziente","download_success":"Download success","your_appraisal":"Identificazione fornita","you_abandon_appraisal":"Avete rinunciato all’identificazione delle merci","appc.goods_not_found":"Le merci non sono reperibili","store_closed":"Negozi chiusi","appc.store_closed":"Negozi chiusi","input.country_code.tips":"Selezione dei paesi","store_country":"Paese di appartenenza","public_price_inquiry_list":"Elenco delle inchieste di prezzo","store_data":"Dati relativi ai negozi","visitor_num":"Numero di visitatori nei negozi","product_views_num":"browser","contact_info_num":"Numero di contatti","user_not_exist":"Utenti non esistenti","model_no":"Numero del modello","shop_not_exist":"Apra prima il negozio, per piacere","GCJX":"Macchine da costruzione","appc.GCJX":"Macchine da costruzione","df.function.label":"Funzioni meccaniche","df.function.placeholder":"La funzione della macchina","df.voltage.label":"Tensione di utilizzazione delle macchine","df.voltage.placeholder":"Inserire la tensione di utilizzazione della macchina","HGJX":"Macchine per l’industria chimica","appc.HGJX":"Macchine per l’industria chimica","JCSZ":"Macchine utensili","appc.JCSZ":"Macchine utensili","SPSB":"Attrezzature alimentari","appc.SPSB":"Attrezzature alimentari","BZSB":"Dispositivi di imballaggio","appc.BZSB":"Dispositivi di imballaggio","CCSB":"Attrezzature di magazzinaggio","appc.CCSB":"Attrezzature di magazzinaggio","NYJX":"Macchine agricole","appc.NYJX":"Macchine agricole","fail_support":"Sostegno transitorio","BW":"orologio","appc.BW":"orologio","df.bpzj.label":"Diametro del quadrante","df.bpzj.placeholder":"Indicare il diametro del quadrante","df.bpcz.label":"Materiale da riproduzione","df.bpcz.placeholder":"Per favore digitate il materiale per telaio","df.jxcz.label":"Materiale per il trasporto aereo","XB":"segreto","appc.XB":"segreto","ZB":"gioielli","appc.ZB":"gioielli","XX":"calzature","appc.XX":"calzature","FS":"costumi","appc.FS":"costumi","QT":"altri","appc.QT":"altri","PS":"accessori","appc.PS":"accessori","country_or_region":"Paese\/regione","email_repeat":"La mailbox è stata registrata","today_visitor":"Visitatori di oggi","listed_yesterday":"Seduta di ieri","estimated_revenue":"Proventi da valutazione","fail_pay_info":"Non sono stati trovati i documenti di pagamento","alipay":"Versamento di contributi","wechat_pay":"Pagamento tramite wechat","onPay":"Conti di regolarizzazione","wait_identify":"Da accertare","history_browsing":"Una panoramica storica","history_browsing_empty":"Non esistono precedenti storici di navigazione","album":"album","shoot":"scattate","long_press_to_speak":"Lungo discorso","recording":"In corso di registrazione","recording_time":"Durata della registrazione","release_to_send":"Donati a mano. Cancellare","will_stop_recording":"La registrazione si fermerà dopo","release_to_cancel":"Annullamento parziale"}