{"aboutPlatform":"关于平台","absence":"缺失","absence_count":"缺失数量","account_exist":"已有账号，","actualPayment":"实付款","actual_amount":"实际金额","actual_charge":"实际收费","actual_cost":"实际成本","add.after_sales_service":"添加自定义售后保障","add.repair":"新增维修保养受理单","addAddress":"新增收货地址","added":"已添加","add_costom_service_type":"添加自定义服务类型","add_employee":"添加员工","add_error":"添加失败","add_goods":"添加商品","add_goods_video":"添加商品视频","add_location":"添加商品位置","add_maintenance_receipt.tips1":"以下标*信息是必填项，如果当前订单内的人员无法满足您的业务需求，可在","add_maintenance_receipt.tips2":"【维修保养人员类型管理】","add_maintenance_receipt.tips3":"中添加","add_personnel":"添加人员","add_plus_total_cost":"添加附加成本","add_public_price_information":"补充公价信息","add_quality_pictures":"添加优质图片","add_role":"添加身份","add_service_cost":"新增服务成本","add_success":"添加成功","add_time":"添加时间","add_tips":"添加贴士","add_to":"添加到","aggregate":"合计","agree":"同意","agreed":"已同意","agreement_not_exist":"协议不存在","agreeTips":"请阅读并同意","ai_result":"AI识别结果","ALL":"全部","all.employees.online":"线上全部员工","allOrder":"全部订单","all_brand":"全部品牌","all_info":"全部信息","alter":"更改","alter_order":"修改订单","and":"和","appc.ALL":"全部","appraisal":"鉴定估价","appraisal0":"一、鉴定估价","appraisal1":"1. 时效：10:00-22:00时段3-5分钟出结果。","appraisal10":"3. 图片估价：建议回收价大概率为兜底价(72h有效)","appraisal11":"注：如出现第一名和第二、三名差异较大时，建议先咨询客服是否为错误报价，避免不必要损失。","appraisal12":"四、兜底服务","appraisal13":"1. 收费：收取兜底买家2.5%佣金(3000封顶)，卖家免费。","appraisal14":"2. 如何交易：联系奢当家客服-顺丰至奢当家质检中心-质检通过-兜底买家打款。","appraisal15":"3. 中介交易性质：为保障买卖双方权益，避免“真假纠纷”、“到手刀”等情况。","appraisal2":"2. 周期：72小时内，300名鉴定估价师持续给结果。","appraisal3":"3. 费用：每个用户免费三次，店铺会员19.9元\/次，非会员39.9\/次。","appraisal4":"二、鉴定估价师","appraisal5":"1. 鉴定估价师需通过平台邀请审核(细分领域专家)。","appraisal6":"2. 鉴定估价师收益:订单50%收益会分配给“鉴定结果最快”“兜底价格最高”的鉴定估价师。","appraisal7":" 三、订单结果","appraisal8":"1. 图片鉴定估价：信息越全面，结果越准确。尽量拍-真伪鉴定点、成色细节、附件(小票、保卡、全-包装)。","appraisal9":"2. 图片鉴定：准确度99.4%(以图片可见判断部分为准)，如存疑可发鉴定中心进行实物鉴定。","appraisal_and_valuation":"鉴定估价","appraisal_appraiser":"鉴定估价师","appraisal_expense":"鉴定估价费","appraisal_explain":"此次鉴定结果根据用户提供的图片可见部分为准。","appraisal_money":"鉴定估价金额","appraisal_notice":"《鉴定估价买家须知》","appraisal_photo":"鉴定估价商品图片","appraisal_remark":"鉴定估价师留言","appraisal_result":"鉴定结果","appraisal_tips":"上传清晰商品图，鉴定估价将更准确","auction":"我的拍卖","AUD":"澳元","auth_and_save":"权限并保存","available":"已上架","balance":"余额","balance_paid":"已结款","base.data.add":"新增数据","base.data.edit":"编辑数据","baseUrlError":" 接口请求错误,请检查VITE_APP_BASE_URL参数配置或者伪静态配置","basic_parameter":"基础参数","batch_delete":"批量删除","batch_edit":"批量编辑","batch_print":"批量打印","batch_share":"批量分享","batch_shift":"批量转移","bid":"我的出价","bidder":"出价人","bid_search_placeholder":"搜索商品名称","billing":"今日出账","billing_personnel":"开单人员","billing_time":"开单时间","bind":"绑定","binding":"绑定中","bindMobile":"绑定手机号","brand":"品牌","BRL":"巴西雷亚尔","buying":"买入","by_highest_annual":"按年化最高","by_highest_price":"按价格最高","by_latest_cancel":"按最近取消","by_latest_complete":"按最近完成","by_latest_delivery":"按最近发货","by_latest_repair":"按最近维修","by_latest_sales":"按最近销售","by_latest_storage":"按入库最新","by_latest_update":"按最近更新","by_longest_cancel":"按最久取消","by_longest_complete":"按最久完成","by_longest_delivery":"按最久发货","by_longest_repair":"按最久维修","by_longest_sales":"按最久销售","by_longest_storage":"按入库最久","by_longest_update":"按最久更新","by_lowest_annual":"按年化最低","by_lowest_price":"按价格最低","CAD":"加拿大元","cancael_reason":"取消原因","cancel":"取消","cancelled":"已取消","cancel_order":"取消订单","captchaPlaceholder":"请输入验证码","captchaTitle":"请完成验证","card":"办理次卡","cardBtn":"办理","cardLink":"次卡","cardReserve":"项目预约","case_matl":"表壳材质","charge_amount":"收费金额","check_form":"请检查表单","check_form_data":"请检查表单","CHF":"瑞士法郎","close":"关闭","CNY":"人民币","codePlaceholder":"请输入手机验证码","code_error":"验证码发送失败","code_success":"验证码发送成功","collect":"我的收藏","commissionDetail":"佣金明细","commodity_inventory.tip0":"如果盘点结束，记得点击【完成】哦~","commodity_inventory.top0":"商品支持多种方式的盘点","commodity_inventory.top1":"1.仓库盘点","commodity_inventory.top2":"2.临时仓盘点","commodity_inventory.top3":"3.质押商品盘点","commodity_inventory.top4":"4.商品位置盘点","commodity_inventory.top5":"5.支持扫码盘点:需商品提前挂好二维码标签","complaint":"我的投诉","complete":"完成","completed":"已完成","complete_service":"完成服务","condition_new":"全新未使用","condition_used":"二手","confirm":"确认","confirm_creation_service":"确认创建服务","confirm_delete_operation":"确认进行删除操作？","confirm_delete_select_goods":"确认删除所选商品?","confirm_delete_select_order":"确定删除已选中的订单？","confirm_delete_select_receipt":" 确定删除已选中的受理单?","confirm_delete_shipments":"确定删除已选中的商品发货信息？","confirm_delete_temporary":"确定删除临时仓","confirm_edit":"确定修改","confirm_one_click_clear":"确认一键清空?","confirm_sales_return":"确认进行退货操作？","confirm_to_agree":"确认同意?","confirm_to_reject":"确认拒绝?","consignmentGoods":"寄卖商品","consignment_goods":"寄卖商品","contact_information":"联系方式","contact_TA":"联系TA","content_supplement":"内容补充","continuous_storage":"连续入库","copy":"复制","counted":"已盘点","counteroffer":"还价人","counter_price":"专柜价","coupon":"优惠劵","create":"创建","createSuccess":"创建成功","create_inventory":"创建商品盘点","create_salary.tips0":"开启按钮后创建该员工薪资，可在薪资管理查看","create_temporary":"创建临时仓","creation_time":"创建时间","creator":"创建人员","currency":"￥","currency_code":"货币类型","custom":"自定义","customerService":"联系客服","customer_info":"客户信息","data_analysis":"数据分析","days":"日","deal":"我的成交","default0":"不填默认为0","default1":"不填默认为1","definite_redemption":"确定赎回","delete.tips0":"删除订单后，可进行回收站查看","delete_error":"删除失败","delete_success":"删除成功","deleting":"删除中","delivery":"发货","delivery_name":"发货人员","delivery_time":"发货时间","detail_drawing":"细节图","dial_dia":"表盘直径","diamond_setting":"镶钻","disabled":"已停用","diy.goods_tips":"自定义贴士","diy_edit":"自定义(编辑)","DKK":"丹麦克朗","each_other_agreed":"对方已同意","each_other_not_responded":"对方尚未回应","each_other_rejected":"对方已拒绝","edit.repair":"编辑维修保养受理单","editParam":"附加成本类型设置","edit_employee":"修改员工权限","employee_auth.tips0":"店铺销售完成开单动作，订单可在订单管理功能中查看。","employee_auth.tips1":"1.身份模版:系统推荐三种模版，商家可自行编辑修改。","employee_auth.tips10":"3.7修改订单:可对订单成交价格售后保障等信息进行编辑，谨慎开通。","employee_auth.tips11":"3.8删除订单:建议经营者独有","employee_auth.tips12":"3.9员工权限:拥有此权限可增减自己及其他人员的权限设置，谨慎开通。","employee_auth.tips13":"3.10清除店铺数据:设置中心-店铺参数设置-一键清除，包括订单、消息、账单、薪资等，不可恢复。","employee_auth.tips2":"2.敏感权限均为红色字体，谨慎开通。","employee_auth.tips3":"3.敏感权限说明","employee_auth.tips4":"3.1成本价:无权限入库后不可查看，如库管有查看需求，谨慎开通。","employee_auth.tips5":"3.2同行价:依据店铺实际分工，合理分配权限。","employee_auth.tips6":"3.3查看托管客户:寄卖商品客户信息查看。","employee_auth.tips7":"3.4永久删除:回收站内功能，建议经营者独有。","employee_auth.tips8":"3.5修改成本价:如无权限不可修改，部分库管有需求，谨慎开通(商品成本变动可通过附加成本实现，如养护费)。","employee_auth.tips9":"3.6删除商品:店铺商品删除，敏感权限谨慎开通。","emptyAddress":"暂无收货地址，请先创建地址","enabled":"已启用","enabling_accounts.tips":"如果员工离职建议关闭此选项","end_appraisal":"鉴定估价截止","end_time":"结束时间","error.find_goods_empty":"找不到需要修改的商品","error.goods_id_require":"请选择需要修改的商品","error.picture_cannot_be_empty":"产品图片不能为空","error.select_edit_data":"请选择修改的数据","error.transaction_time_is_incorrect":"查询时间类型不正确","error_feedback":"有误反馈","estimated_charge":"预计收费金额","estimated_service_cost":"预计服务成本","EUR":"欧元","existence":"存在","existence_count":"存在数量","existing_goods":"存在商品","experienceStoreVIP":"体验店铺VIP","expiration":"到期","expire":"到期","explain.consignment_goods":"寄卖商品仓库","explain.delivery.tips0":"锁单订单、开单订单会进入发货管理-待发货界面","explain.delivery.tips1":"1.提高店铺效率，店铺可设定规则，例如:填写发货地址,默认平台销售需发货。","explain.delivery.tips2":"2.便捷发货，已打通顺丰AP1，支持顺丰面单扫码、手动录入。","explain.delivery.tips3":"3.快速查询，已发货订单实时同步顺丰物流信息，并支持微信一键分享客户。","explain.delivery.tips4":"4.记录清晰，支持发货人员、发货留底图、顺丰单号等信息查询。","explain.inStock":"在库商品开单","explain.lock":"锁单商品","explain.lock0":"锁单功能是通过平台售出或预定商品建议进行您进行锁单操作。","explain.lock1":"1.防止一货两卖，例如：微信收取定金留货，避免其他人员再次销售。","explain.lock2":"2.防止钱帐不统一，例如：直播、闲鱼等平台售出，款项到账有周期，建议先锁单，款到再开单。","explain.on.sale":"在售商品","explain.on.sale0":"1.入库并上架的商品称为在售商品，表示该商品是可出售的状态，店铺员工可进行一键转发朋友圈等销售动作。","explain.onSale":"在售商品","explain.order":"订单管理","explain.order0":"店铺销售完成开单动作，订单可在订单管理功能中查看。","explain.order1":"1.查看店铺所有销售数据查看店铺过往销售额、毛利率、销售数量、年化收益率等。","explain.order2":"通过筛选可依据回收类型、订单类型等分析店铺成交情况。","explain.order3":"可通过对订单编辑实现订单修改、退货、分享、发货等功能。","explain.order4":"2.寄卖结款","explain.order5":"通过结款选项，管理寄卖订单、客户结款情况。","explain.order6":"3.已退货","explain.order7":"支持所有退货订单、退货原因等查看。","explain.others":"其他商品仓库","explain.own_goods":"自有商品仓库","explain.pawned_goods":"质押商品仓库","explain.warehouse":"仓库","explain.warehouse0":"完成商品入库操作：","explain.warehouse1":"1.仅入库:商品回收过程中或完成回收但不可售，例如:商品未到店、商品未检验、商品需维修保养","explain.warehouse10":"1.支持全部商品操作，如:编辑、锁单、打印、上下架。","explain.warehouse11":"2.支持商品扩展(全部)信息查看，如:独立编码,保卡年份、备注信息、回收时间、回收人员。","explain.warehouse2":"2.入库并上架:商品已完成检验、拍照、养护等流程,处于可售状态，上架商品会在销售板块-在售商品展示，可打开多平台同步开关，进行同步分销。","explain.warehouse3":"便捷仓库操作：","explain.warehouse4":"1.首页支持快捷操作，如:添加附加成本，更改商品位置，更改鉴定人员，查看操作日志等。","explain.warehouse5":"2.支持仓库商品筛选，如:回收类型、回收人员、回收时间、商品位置、标签等。","explain.warehouse6":"2.支持商品扩展(全部)信息查看，如:独立编码,保卡年份、备注信息、回收时间、回收人员。","explain.warehouse7":"3.支持仓库数据统计，如:今日上架、今日上传、商品总数、成本等。","explain.warehouse8":"4.支持批量操作，如:批量分享、批量打印、批量删除、批量编辑。","explain.warehouse9":"商品操作：","explore_now":"立即探索","extended_info":"扩展信息","facebook":"facebook","fit_sz":"尺 码","fold":"收起","form.account":"账号","form.additional_cost.tips":"添加\/修改附加成本","form.after_sales_service":"售后保障","form.agent_price":"代理价","form.annual_rate":"年化","form.appraiser_name":"鉴定人员","form.before_select_brand":"请先选择品牌","form.brand_select_placeholder":"请输选择品牌","form.category":"分类","form.certificate_name":"真实姓名","form.check_data":"请检查表单","form.code":"验证码","form.confirm_password":"确认密码","form.count":"数量","form.custodial_customer":"托管客户","form.delivery_address.optional":"收货地址（选填）","form.delivery_remark":"发货备注","form.earnest":"定金（选填）","form.email":"邮箱","form.expected_transaction":"预计成交（选填）","form.extended_info":"扩展信息","form.goods_attachment":"商品附件","form.goods_code_tips_log":"是由销售商自己定义的，用来内部管理库存和销售记录","form.goods_guarantee_card":"商品保卡","form.goods_image_tips_log":"上传清晰的商品图片，有助于在线上展会上获得更多的流量！无牛皮癣、logo、阴影等；有效像素宽或高不小于70%，最多上传9张图片","form.goods_name":"商品名称","form.goods_sku_placeholder":"请输入商品编码","form.goods_sku_tips_log":"由供应商或者制造商提供，是每个产品在生产或供应端的标识","form.goods_tag":"标签","form.goods_tips.repetition":"当前贴士已存在","form.goods_tips.required":"请输入贴士内容","form.goods_tips.tips":"贴士只在仓库商品详情页显示","form.goods_unlock.reason":"请输入解锁原因（选填）","form.goods_unlock.tips":"解锁后，将释放为可用库存","form.guide_price":"官方指导价","form.inbound":"入库","form.inbound_name":"入库人员","form.inbound_source":"入库来源","form.inbound_time":"入库时间","form.initial_cost":"原始成本","form.input_clear":"一键清除","form.inventory_name":"盘点人员","form.invitation_code":"推荐人(选填)","form.in_total":"合计","form.location":"商品位置","form.lock.tips":"锁单后，锁单部分库存不可被他人售卖","form.lock_num":"锁单数量","form.lock_remark":"锁单备注（选填）","form.mobile":"手机号","form.model_select_placeholder":"请选择型号","form.name":"姓名","form.old_password":"旧密码","form.order_type.select":"请选择订单类型","form.original_cost":"原价","form.original_take_home_price":"原始到手价","form.password":"密码","form.payment_receipt_log":"上传的细节图可以一直用于95分、抖音等第三方平台同步，同时可用于同行之间的展示","form.payment_receipt_log0":"开单\/锁单凭证是否必填","form.payment_receipt_log1":"可以在设置中心\/店铺参数设置-锁单开单凭证必填设置中设置，","form.payment_receipt_log2":"设置必填后，在下次开单或锁单时则需要上传【凭证】。","form.peer_price":"同行价","form.placeholder_case_matl":"请输入表壳材质","form.placeholder_dial_dia":"请输入表盘直径","form.placeholder_fit_sz":"请输入尺码","form.placeholder_matl":"请输入材质","form.placeholder_mvmt_type":"请输入机芯类型","form.placeholder_sz":"请输入尺寸","form.plus_total_cost":"附加总成本","form.principal":"负责人","form.product_info.placeholder":"详细描述款式、尺寸、年份、配件、瑕疵等信息，使鉴定估价结构更精确。","form.product_info.tips":"请精确描述商品的成色与瑕疵，报价将更精确。","form.real_name":"真实姓名","form.receipt_voucher":"收款凭证","form.recycle_type":"回收类型","form.recycling_image.tips":"（仓库管理权限-仓库-查看回收备注图）","form.recycling_name":"回收人员","form.recycling_time":"回收时间","form.recycling_time_placeholder":"请选择回收时间","form.remark":"备注","form.require_tips_log":"以下标*信息是商品入库的必填项","form.role":"身份","form.salesman.select":"请选择销售人员","form.sale_price":"销售价","form.series_select_placeholder":"请选择系列","form.settlement.no":"未结款","form.settlement.remark":"结款备注","form.settlement.tips":"确定进行结款操作","form.shelf_time":"上架时间","form.shop_name":"店铺名称","form.stock_count.tips":"修改库存后，锁单记录将被清除","form.stock_count.tips1":"当前已无可用库存，请去锁单中开单","form.stock_count.tips2":"库存不能少于0","form.system_code.tips":"该编码为系统自动生成，具有唯一性","form.take_home_price":"到手价","form.target_audience":"适用人群","form.text_clear":"一键清除","form.transaction_price":"成交价","form.update_time":"更新时间","form.uptate_name":"更新人员","form.voucher":"凭证","form.weacht":"微信号","form.whats_up":"whats up","form.work_name":"职责","form.year":"年份","forwarding":"转发","founder":"创建人","GBP":"英镑","get.code":"获取验证码","getAvatarNickname":"获取您的昵称头像","getAvatarNicknameTips":"获取用户头像、昵称完善个人资料，主要用于向用户提供具有辨识度的用户中心界面","getMobile":"获取手机号","getSmsCode":"获取验证码","give_you_offer":"给您出价","goods_attribute.certificate":"证书","goods_attribute.invoice":"发票","goods_attribute.no_attachment":"无附件","goods_attribute.packaging_box":"包装盒","goods_attribute.receipt":"收据","goods_attribute.warranty_card":"保卡","goods_attribute_tips_log":"商品属性是商品信息的补充，有助于商品搜索和筛选","goods_being_sold":"在售商品","goods_category":"商品分类","goods_code":"独立编码","goods_condition":"商品成色","goods_cost.form.cost_name_required":"请选择成本类型","goods_cost.form.money_required":"请填写成本金额","goods_description.placeholder":"例如：劳力士潜航者 黑水鬼 1160 16年全套 热门硬货，欢迎品鉴","goods_description.placeholder1":"若不填写，自动截取商品描述前50字","goods_description.tips":"（详细的描述让用户更好的了解您的产品）","goods_detail":"商品详情","goods_down":"下架","goods_down_success":"商品下架成功","goods_image":"商品图片","goods_link":"复制链接","goods_on_sale":"已售货品","goods_operation_record":"商品操作记录","goods_pieces":"件商品","goods_plus_total_cost":"商品附加总成本","goods_sku":"商品编码","goods_sold":"售出商品","goods_sold_out":"商品已下架","goods_total_initial_cost":"商品总成本","goods_transferred_out":"转出商品","goods_up":"上架","goods_video.tips":"（视频时长不能大于60秒）","go_login":"去登录","go_to_settings":"前往设置","gross_margin":"毛利率","gross_profit":"毛利润","guarantee_card_or_code":"保卡图片或独立编码照片留底","h5_nonsupport":"H5暂不支持此功能","headimg":"头像","headimgPlaceholder":"请设置头像","historical_check":"历史查价","his_bid":"他的出价","HKD":"港币","hotel":"酒店","hot_search_price":"热门查价","icon.home":"首页","icon.my":"我的","identify":"订单详情","identify0":"看真","identify1":"从您拍摄的图片、提交的鉴定点判断基本符合品牌工艺得出的“看真”结论。","identify2":"看假","identify3":"从您拍摄的图片、提交的鉴定点判断个别部位品牌工艺存在差异，得出的“看假”结论。","identify4":"看不清","identify5":"从您拍摄的图片、提交的鉴定点等因拍摄角度、光线等，无法判定，得出的“看不清”结论。","identify6":"此结论仅供参考，不具备法律效力;如有异议可进一步选择“奢当家鉴定中心”进行实物鉴定。","identify_order":"鉴定估价订单","immediate_delivery":"立即发货","immediate_dicker":"立即还价","immediate_new_shop":"立即开店","immediate_payment":"立即支付","immediate_register":"立即注册","immediate_switch":"立即切换","inbound_and_up":"入库并上架","inbound_success":"商品上架成功","including_defect_drawing":"（包含瑕疵图等）","info":"信息","input.actual_amount":"请输入实际金额","input.actual_charge":"请输入实际收费金额","input.actual_cost":"请输入实际成本","input.address":"请输入收货地址","input.add_costom_service_type10":"请输入自定义服务类型（限10个字）","input.add_tips.name":"请输入贴士名称","input.after_sales_service":"请输入自定义售后保障（限10个字）","input.bid_price.tips":"出价价格不能小于等于0","input.cancel_order":"请输入取消原因","input.certificate_name.tips":"请输入真实姓名","input.code.tips":"请输入邮箱验证码","input.confirm_password.tips":"请再次输入密码","input.confirm_password.tips2":"两次密码不一致","input.content":"请输入补充内容","input.counter_price":"请输入专柜价","input.currency_code.tips":"请选择系统展示货币类型","input.currency_code.tips1":"使用的货币类型，选择后不可修改","input.delete_remark":"请输入删除备注（选填）","input.delivery_address":"例如：张三 13077584114 浙江省 杭州市 西湖区 余杭塘路866号 浙江大学（限250个字）","input.delivery_remark":"请输入发货备注","input.effective_email.tips":"请输入有效的邮箱地址","input.email.tips":"请输入邮箱","input.employee_auth.search":"请输入员工姓名\/邮箱","input.estimated_charge0":"请输入服务所需的费用，不填默认为0","input.existence_count":"请输入存在数量","input.goods_code":"请输入独立编码","input.goods_name50":"请输入商品名称（50字内）","input.guide_price":"请输入官方指导价","input.inventory_name":"请输入盘点名称","input.invitation_code.tips":"请输入推荐人ID或店铺编号","input.is_redemption_pledge":"请输入赎回成交价(元)","input.lock_remark":"请输入锁单备注","input.maintenance_content":"请输入维修内容","input.mobile.tips":"请输入手机号","input.model":"请输入型号","input.name":"请输入姓名","input.old_password.tips":"请输入旧密码","input.password.tips":"请输入密码","input.real_name.tips":"请输入真实姓名","input.remark":"请输入备注信息（限250个字）","input.role_name":"请输入身份名称","input.sales_return_reason":"请输入退货原因（选填）","input.service_cost":"请输入服务成本","input.settlement.remark":"请输入结款备注信息","input.share_img":"上传小程序封面","input.shop_address.tips":"请输入店铺详情地址","input.shop_name.tips":"请输入店铺名称","input.stock_count":"请输入库存数量","input.take_stock_remark":"请输入盘点备注。例如：被借走参观、拿去展会等","input.total_cost":"请输入总成本","input.weacht.tips":"请输入微信号","input.whats_up.tips":"请输入whats up","input.work_name.tips":"请输入职责","inStockInvoice":"在库商品开单","intelligent_filling.tips":"系统通过识别商品描述的内容，对商品基础参数的品牌参数的品牌系列型号进行填充","intelligent_screenshots":"智能截图","inventory.tip1":"选择需要盘点的商品属性","inventory.tip2":"选择需要盘点的商品分类，不填则默认全部","inventory_checker":"盘点人","inventory_code":"盘点编号","inventory_lists_completed":"盘点列表-已完成","inventory_lists_underway":"盘点列表-进行中","inventory_name":"盘点名称","inventory_pawned_goods":"质押商品盘点","inventory_store":"仓库盘点","inventory_temp_store":"临时仓盘点","inventory_watch_location":"商品位置盘点","inviteFriends":"邀请好友","inviter":"我邀请的人","in_appraisal":"鉴定估价中","in_progress":"进行中","iOS":"iOS","isAgreeTips":"请先阅读并同意协议","issue_appraisal":"发布鉴定估价","is_goods_absence":" 确定商品缺失？","is_goods_down":"确定下架商品？","is_goods_existence":" 确定商品存在？","is_have_attachment":"是否有附件","is_redemption_pledge":"确认赎回质押商品","is_remove_goods":" 确定移除商品？","is_show_detail_drawing":"是否展示细节图","item_hide":"隐藏","item_show":"显示","i_agree":"我已阅读并同意","i_received_bid":"我收到的出价","i_want_identification":"我要鉴定估价","i_want_to":"我想要","joinMember":"开通会员","JPY":"日元","last_month":"上月","last_update":"最后更新","latest_release":"最新上架","left_slide_delete_role":"向左滑动可删除身份","like":"我的点赞","listed_today":"今日上架","loading":"加载中","location.tips0":"商品位置会显示在仓库列表，在售列表，可实时追踪修改商品的所在位置","location.tips1":"1.系统默认通用商品位置:在途、在店、维修养护。","location.tips2":"2.依据商户实际需求创建，如:腕表直播间、西湖分店等。","location.tips3":" 3.商品位置创建后名称不可修改，商品所在位置具有唯一性。4.商品位置快速编辑:支持扫码添加、批量转移等操作。","location_inform1":"1、【商品位置】数据和【仓库】数据保持实时同步","location_inform2":"2、当商品【开单】和【删除】后将不会在商品位置显示","lock":"锁单","lock_bill":"锁单开单","login":"登录","logout":"退出登录","long_press_data":"（长按数据可调节排序）","look":"查看","look_cost_changes":"查看成本变化","look_custodial_customer":"查看托管客户","look_false":"看假","look_log":"查看操作日志","look_sales_volume":"查看销售分析","look_sample_graph":"查看示例图","look_true":"看真","look_unclear":"看不清","look_warehouse":"查看仓库资产","maintenance.tips0":"店铺承接维修保养业务订单","maintenance.tips1":"1.支持创建服务订单，包括服务金额、成本、维修人员、接单人员、服务项目等。","maintenance.tips2":"2.支持进行中、已完成、已取消的维修服务，支持编辑、查看、筛选、分享等操作。","maintenance_content":"维修内容","maintenance_details":"维修详情","maintenance_receipt_details":"维修受理单详情","maintenance_search":"搜索保单名称\/独立编码\/关键字","market_average_price":"行情均价","market_data":"行情数据","market_near_90day_price":"近90天行情价","matl":"材 质","max_add_img_count25":"（最多添加25张图片）","max_character10":"最多输入10个字符","max_character6":"最多输入6个字符","max_img_count25":"最多25张图片","max_img_count50":"（最多上传50张）","max_img_count9":"最多添加9张图片","memberCenter":"个人中心","memberCode":"会员码","memberName":"会员名称","member_service_agreement":"《会员服务协议》","merchandiseBilling":"商品开单","missing_goods":"缺失商品","mobile":"手机号","mobileError":"请输入正确的手机号","mobilePlaceholder":"请输入手机号码","mobileQuickLogin":"手机号快捷登录","mobileTips":"请获取手机号","model":"型号","modify_inventory_status":"修改盘点状态","months":"月","more_attractive":"更吸引人哦！","more_privileges":"更多特权","more_public_price_img":"查看更多公价图","multiple_choice":"多选","multi_platform_synchronization":"多平台同步","mvmt_type":"机芯类型","MXN":"墨西哥元","myBalance":"我的余额","myLink":"我的","myOrder":"我的订单","myPoint":"我的积分","my_bid":"我的出价","my_big_brand":"我的大牌","my_container":"我的货柜","my_order":"我的订单","NEW":"NEW","new_create_temporary":"新建临时仓","new_recommendations_daily":"每日上新推荐","new_shop_register":"新店铺注册","nickname":"昵称","nicknamePlaceholder":"请输入昵称","NOK":"挪威克朗","noSite":"站点不存在","nothing":"无","notInDomainList":"不在request 合法域名列表中","notInStockInvoice":"不在库商品开单","not_available":"未上架","not_counted":"未盘点","not_filled":"未填写","not_found":"找不到数据","not_responded":"未回应","not_shipped":"未发货","noviceGuide":"新手向导","no_copy":"暂无复制内容","no_data":"暂无数据","no_distribution_location":"未分配位置商品","no_goods":"暂无商品","NZD":"新西兰元","OK":"确定","one_click_clear":"一键清空","one_click_download":"一键下载","one_click_download_graphics":"一键下载图文","one_click_inbound":"一键入库","online_exhibition.tips1":"商品：80万件同行明价实时库存，实时率95%。","online_exhibition.tips10":"线上付：银联监管，物流签收24h到账，贸易更安全。","online_exhibition.tips11":"服务费：交易手续费0.6%，由买家承担。","online_exhibition.tips12":"钱包开通：我的-平台认证，用于线上付、鉴定估价查码等业务。","online_exhibition.tips13":"钱包：提现0.6%手续费，单笔限额十万月不封顶。","online_exhibition.tips14":"24h\/72h：商品支持全款操作，请与卖家二次确认。","online_exhibition.tips15":"出价：出价后，卖家可直接联系买家。","online_exhibition.tips16":"消息推送：绑定奢当家公众号，微信实时推送。","online_exhibition.tips17":"温馨提示：贸易过好成色细节，保留交易、物流细节;遇问题友好协商解决，非线上付订单平台不做担保，平台仅依据同行贸易逻辑进行协调。","online_exhibition.tips2":"首页商品：最新上架商品，降价100元以上商品(45天最低价)。","online_exhibition.tips3":"文字搜索：搜索关键词越详细，结果越精准，结果较少时可使用模糊搜索。","online_exhibition.tips4":"图片搜索：图片搜索仅展示部分关联公价商品，结果较少时，可尝试文字搜索。","online_exhibition.tips5":"一键转发：支持一键下载图片复制文案转发朋友圈。","online_exhibition.tips6":"商品收藏：方便买手批量采购。","online_exhibition.tips7":"购买：同行贸易可小刀，砍价请温柔。","online_exhibition.tips8":"卖家：奢当家进销存会员商家，入驻均经平台审核。","online_exhibition.tips9":"线下付：支持查看店铺联系方式，线下交易有风险贸易前自行求信誉。","online_exhibition_sellers":"线上展会卖家","online_exhibition_vip":"线上展会VIP（买货）","online_expo":"线上展会","only_inbound":"仅入库","open_immediately":"立即开通","open_vip.tip0":"开通会员，畅享专属VIP服务。","open_vip.tip1":"1w+用户已开通VIP","open_vip.tip2":"开通线上展会VIP","operate":"操作","operator":"经营者","optional":"（选填）","orderClose":"关闭订单","orderDetail":"详情","ordered_goods":"已盘商品","orderFinish":"确认收货","orderNo":"订单号","order_billing":"开单","order_billing_count":"开单数量","order_code":"订单编码","order_details":"订单详情","order_info":"订单信息","order_no":"订单编号","order_remark":"订单备注","order_status":"订单状态","order_taker":"接单人员","order_taker_select":"请选择接单人员","otherGoods":"其他商品","others":"其它","out_of_stock":"暂无库存","ownGoods":"自有商品","own_goods":"自有商品","pack_up_more":"收起更多","pages.article.detail":"文章详情","pages.article.list":"资讯中心","pages.auth.agreement":"协议","pages.auth.bind":"绑定手机号","pages.auth.index":"登录","pages.auth.list":"员工权限","pages.auth.login.accountLogin":"账号密码登录","pages.auth.login.accountLoginError":"商家未开启账号密码登录","pages.auth.login.accountLoginTip":"输入账号密码登录","pages.auth.login.agreeTips":"登录代表您同意","pages.auth.login.isAgreeTips":"请先阅读并同意协议","pages.auth.login.logining":"登录中","pages.auth.login.mobileLogin":"手机号登录","pages.auth.login.mobileLoginError":"商家未开启手机号登录","pages.auth.login.mobileLoginTip":"输入手机号验证码登录","pages.auth.login.mobilePlaceholder":"请输入手机号","pages.auth.login.noAccount":"还没有账号","pages.auth.login.oneClicklogin":"快捷登录","pages.auth.login.passwordPlaceholder":"请输入密码","pages.auth.login.resetpwd":"忘记密码","pages.auth.login.toRegister":"去注册","pages.auth.login.usernamePlaceholder":"请输入账号","pages.auth.register":"注册","pages.auth.resetpwd":"找回密码","pages.collect.lists.on_sale":"有效商品","pages.collect.lists.sold_out":"失效商品","pages.consignmentDelivery.item":"寄卖传送商品列表","pages.consignmentDelivery.list":"寄卖传送","pages.dataAnalysis.additionalCost":"附加成本分析","pages.dataAnalysis.assets":"资产分析","pages.dataAnalysis.list":"数据分析","pages.dataAnalysis.newspaper":"","pages.dataAnalysis.pledgedGoods":"质押商品分析","pages.dataAnalysis.recycle":"回收分析","pages.dataAnalysis.salesVolume":"销售分析","pages.delivery.list":"发货管理","pages.employeeAuthority.edit":"员工权限","pages.goodsForSale.list":"在售商品","pages.goodsForSale.sampleGraph":"示例图","pages.home":"首页","pages.index.close":"站点已关闭","pages.index.develop":"开发环境配置","pages.index.diy":"","pages.index.index":"luxur cener","pages.index.nosite":"站点不存在","pages.inventory.detail":"盘点详情","pages.inventory.list":"商品盘点","pages.inventory.pledge":"创建质押商品盘点","pages.inventory.position":"选择商品位置盘点","pages.inventory.temporaryWarehouse":"选择要转入的临时仓","pages.inventory.underway":"盘点列表-进行中","pages.inventory.warehouse":"创建仓库盘点","pages.keepAccounts.detail":"账单详情","pages.keepAccounts.edit":"记一笔","pages.keepAccounts.list":"其他记账","pages.language.title":"语言切换","pages.lockingList.detail":"锁单详情","pages.lockingList.list":"锁单商品","pages.lockOrder.detail":"锁单详情","pages.lockOrder.list":"锁单商品","pages.log.list":"操作日志","pages.log.order":"订单修改记录","pages.member.account":"会员账户","pages.member.account_edit":"","pages.member.address":"收货地址","pages.member.address_edit":"编辑收货地址","pages.member.apply_cash_out":"申请提现","pages.member.balance":"我的余额","pages.member.cash_out":"提现记录","pages.member.cash_out_detail":"提现详情","pages.member.commission":"我的佣金","pages.member.contact":"客服","pages.member.detailed_account":"流水明细","pages.member.index":"会员中心","pages.member.level":"会员等级","pages.member.personal":"个人资料","pages.member.point":"我的积分","pages.member.point_detail":"积分明细","pages.member.sign_in":"我的签到","pages.message":"消息","pages.my":"我的","pages.order.detail":"订单详情","pages.order.list":"订单管理","pages.pay.browser":"支付","pages.pay.result":"","pages.payroll.detail":"薪资提成明细","pages.payroll.lis":"薪资管理","pages.pledge.list":"质押商品","pages.product.billing":"商品开单","pages.product.brand":"品牌","pages.product.detail":"商品详情","pages.product.editParam":"附加成本类型设置","pages.product.inbound.list":"入库","pages.product.notInStockInvoice.list":"不在库商品开单","pages.product.position":"仓库位置","pages.product.positionItem":"","pages.repair.detail":"维修保养受理单详情","pages.repair.edit":"编辑维修保养受理单","pages.repair.lists":"维修保养","pages.setting.index":"设置","pages.shopBill.detail":"","pages.shopBill.edit":"编辑对账单","pages.shopBill.lists":"对账单","pages.storageAge.detail":"","pages.storageAge.list":"库龄预警","pages.temporary.detail":"","pages.temporary.list":"临时仓","pages.temporary.select":"选择要转入的临时仓","pages.verify.detail":"核销详情","pages.verify.index":"核销台","pages.verify.record":"核销记录","pages.verify.verify":"核销","pages.webview.index":"","pages.work":"控制台","pawned_goods":"质押商品","pay.completePay":"已完成支付","pay.confirmPay":"确认支付","pay.getting":"获取支付结果中","pay.incompletePay":"未完成支付","pay.notHavePayType":"没有可用的支付方式","pay.notObtainedInfo":"未获取到支付信息","pay.orderInfo":"订单信息","pay.payFail":"支付失败","pay.paymentDocuments":"该支付单据","pay.paySuccess":"支付成功","pay.payTitle":"确认付款","payer":"支付人","pay_after_discount":"优惠后实付","pay_time":"支付时间","pc_back_end":"PC端后台","peers_looking_for_goods1000":"1000+个同行正在找货","peer_group":"同行圈","peer_price":"同行价","perfect_singular":"完成单数","personalData":"个人资料","personalReputation":"个人信誉","place_order":"发布订单","pleaseAgree":"请勾选已阅读并同意","pledgedGoods":"质押商品","point":"积分","popular_brand":"人气品牌","prices_shown_sharing":"分享时展示的价格","print_labels":"一键打印标签","privacy":"（不对外展示）","privacyAgreement":"隐私协议","privacy_policy":"隐私协议","product.edit":"商品编辑","product_warranty_card.have":"有","product_warranty_card.nothing":"无","public_price":"公价","public_price_detail.tips0":"数据源为线上展会商品展示价格，价格受成色年限等因素影响，仅供参考","public_price_info.tips":"选择公价图填充基础参数","public_price_info.tips1":"选择公价图会自动为您填充商品基本信息","public_price_inquiry":"公价查询","public_price_inquiry_feedback.tips0":"上传【有效截图】可以让问题优先被发现哦~","punishDetails":"处罚明细","puzzle_making":"拼图制作","quantity_sold":"销售","quickService":"快捷服务","redemption":"赎回","redemption_and_error":"存在（但商品位置错误）","refunded":"已退款","register":"注册","register_account":"注册账号","register_btn":"注册","register_immediately":"立即注册","reject":"拒绝","rejected":"已拒绝","release_style_requirements":"发布款式需求","remainOrder":"已完成","remark_placeholder":"例如：机芯损坏，需要返厂维修，时长半个月...","remove":"移除","repair":"维修","requested_goods":"应盘商品","requestFail":"请求失败","reserve":"预约","reserveBtn":"去抢购","reserveSuccess":"预约成功","reset_password":"修改密码","returned_goods":"已退货","reverse":"反选","rise":"起","RUB":"俄罗斯卢布","saler_tools.pages.base.share.lists.agent_price":"代理价","saler_tools.pages.base.share.lists.peer_price":"同行价","saler_tools.pages.base.share.lists.price":"销售价","saler_tools.pages.base.share.lists.total_cost":"成本价","saler_tools.pages.base.share.shop.agent_price":"代理价","saler_tools.pages.base.share.shop.peer_price":"同行价","saler_tools.pages.base.share.shop.price":"销售价","saler_tools.pages.base.share.shop.total_cost":"成本价","saler_tools.pages.identify.add.goods_category.tips":"请选择分类","saler_tools.pages.identify.detail.goods_category.tips":"请选择分类","saler_tools.pages.identify.lists.cancel":"已取消","saler_tools.pages.identify.lists.finish":"已完成","saler_tools.pages.identify.lists.identifying":"估价中","saler_tools.pages.identify.lists.wait_pay":"待支付","saler_tools.pages.identify.lists.wait_supply":"待补充","saler_tools.pages.inbound.index":"入库","saler_tools.pages.index.index":"luxur cener","saler_tools.pages.member.index":"会员中心","saler_tools.pages.outbound.index":"出库","saler_tools.pages.warehouse.inStockInvoice":"在库商品开单","saler_tools.pages.warehouse.notInStockInvoice":"不在库商品开单","saler_tools.pages.warehouse.sampleGraph":"示例图","salesman":"销售","sales_and_inventory":"进销存","sales_return.tips0":"退货后，商品将恢复库存到未上架中，并在销售分析中扣除","sales_returnsales_return":"退货","sales_time":"销售时间","sales_volume":"销售额","sampleGraph":"示例图","save":"保存","saveQRCode":"保存二维码","save_and_down":"保存并下架","save_and_up":"保存并上架","save_auth_set_error":"保存权限设置失败","save_auth_set_success":"保存权限设置成功","save_success":"保存成功","save_timeout":"保存超时","scan_add":"扫码添加","scenic":"景点","screen":"筛选","search_brand_name":"搜索品牌名称","search_delivery":"搜索备注\/商品名称\/订单编号","search_placeholder":"搜索商品名称\/描述\/备注\/独立编码","search_series_name":"搜索系列名称","search_temporary":"搜索临时仓编号\/临时仓名称","securityDeposit":"保证金","seeMore":"查看更多","see_more":"查看更多","SEK":"瑞典克朗","select.appraiser_name":"请选择鉴定人员","select.goods_location":"请选择商品位置","select.inventory_name":"请选择盘点人员","select.principal":"请选择负责人","select.recycling_name":"请选择回收人员","select.role":"请选择身份","select.temp_inventory":"选择临时仓盘点","select.watch_location":"选择商品位置盘点","selectAddress":"选择地址","selected_goods":"已选商品","select_all":"全选","select_goods_category":"请选择商品分类","select_inventory_type":"选择盘点类型","select_time":"选择时间","select_year":"请选择年份","send":"发送","serial_number":"编号","series":"系列","service_agreement":"服务协议","service_cost":"服务成本","service_personnel":"服务人员","service_personnel_select":"请选择服务人员","service_type":"服务类型","service_type_multiple_choice":"服务类型（可多选）","settlement_price":"结算价","settlement_status":"结款状态","set_applet_cover":"设置小程序封面","set_auth.tips0":"开启按钮可对权限进行设置","sex.female":"女","sex.male":"男","sex.other":"其他","sex.secret":"保密","sex.unknow":"通用","SGD":"新加坡元","share":"分享","sharer":"分享人","share_choice":"分享选择","share_goods":"分享商品","share_img.tips0":"用于分享商品小程序时显示，","share_img.tips1":"可上传代码店铺形象的图片。","share_img.tips2":"点击左侧上传封面","share_img.tips3":"建议图片长度比为5:4","share_log.tip0":"左滑可删除，删除分享记录后，该分享链接将失效","share_mini_program":"分享小程序店铺","share_optional_goods":"分享（选择）商品","share_product":"分享商品","share_shop":"分享店铺","shift.tips0":"将该商品在列表中移除，不影响真实库存","shipped":"已发货","shop_address":"店铺地址","shop_card":"店铺名片","shop_manager":"店长","show_all_employees":"显示全部员工","show_or_hide":"显示\/隐藏","show_prices":"显示价格","siteClose":"站点已关闭","slogan":"一款能卖货的二奢店铺管理软件","small_program_store":"小程序店铺","smsCodeChangeText":"秒后重新获取","soldOut":"已售","star":"星","starLevel":"星级","start_time":"开始时间","status":"状态","storeID":"店铺编号","storeWallet":"店铺钱包","store_sharing.tips1":"允许查看店铺全部在售商品","success":"操作成功","switchLanguage":"切换语言","switch_grids":"切换宫格","switch_stores_success":"切换店铺成功","synchronization.tips":"商品同步到联营店铺和线上展会","synchronization.tips1":"提示：同行价格会显示到联营店铺和线上展会","sz":"尺 寸","tabbar.bid":"出价","tabbar.collect":"收藏","tabbar.product":"商品","take_stock_remark":"盘点备注","temporary.tips0":"临时创建的仓库，便于商品临时性分组","temporary.tips1":"1.商品分享应用","temporary.tips2":"1.1例如:展会临时仓、直播供货临时仓、维修养护临时仓。","temporary.tips3":"1.2 支持临时仓微信小程序分享","temporary.tips4":"2.临时仓特点","temporary.tips5":"2.1一个商品支持同时存在多个临时仓。","temporary.tips6":"2.2加入临时仓，仓库列表仍然可见。","temporary.tips7":"2.3商品更改不影响原库存商品信息。","temporary.tips8":"3.临时仓开单","temporary.tips9":"3.1在订单管理界面有临时仓开单特殊标识。","text_marking":"文本制作","THB":"泰铢","this_month":"本月","this_week":"本周","tips.after_sales_service":"当前售后保障已存在","tips.order_type":"订单类型","tips_i_see":"我知道了","today":"今日","today_billing":"今日开单","toggle_location":"更改位置","topUpDetails":"充值明细","total_cost":"总成本","total_goods_count":"商品总数","total_take_home_price":"总到手价","transfer":"我的转让","try_again_in_seconds":"秒后重试","unable_edit_super_admin":"无法编辑超级管理员","unfold":"展开","unit":"件","unlock":"解锁","unpaidOrder":"待支付","update":"更新","update_and_save":"更新此身份模块仅影响到新赋予用户身份时的默认权限，不会影响历史使用此身份的用户权限","upload.settlement":"请上传结款凭证（选填）","uploaded_today":"今日上传","uploading":"上传中","upload_ai":"（可支持上传或AI识图）","upload_photos":"上传图片","USD":"美元","userAgreement":"用户协议","user_agreement":"用户协议","version":"当前版本","vip":"会员","vip_exclusive_privilege":"VIP专享超级特权","waitingOrder":"待使用","warehousing":"今日入库","warehousingOfGoods":"商品入库","warranty_card_year":"保卡年份","way":"线路","wechat_friend":"微信好友","weixinUserAuth":"一键绑定","withdraw":"提现","wxPrivacyPopup.agree":"同意并继续","wxPrivacyPopup.contractName":"用户隐私保护指引","wxPrivacyPopup.descAfter":"当点击同意并继续时，即表示您已理解并同意该条款内容，该条款将对您产生法律约束力；如您不同意，将无法继续使用小程序相关功能。","wxPrivacyPopup.descBefore":"感谢您使用本小程序，在使用前您应当阅读并同意","wxPrivacyPopup.disagree":"不同意","wxPrivacyPopup.disagreeDesc":"未同意隐私协议，无法使用相关功能","wxPrivacyPopup.title":"用户隐私保护提示","years":"年","yesterday":"昨日","your_bid":"您的出价","you_have_agreed":"你已同意","you_have_not_responded":"你尚未回应","you_have_rejected":"你已拒绝","you_will_complete":"您将完成","you_will_delete":"您将删除","pages.auth.login":"登錄","delete":"刪除","maintenance":"維修保養","goods_attribute":"商品屬性","form.delivery_address":"收貨地址","error":"操作失敗","form.settlement":"結款","form.lock":"確認鎖單商品","form.salesman":"銷售人員","form.product_info":"商品信息","saler_tools.pages.identify.detail.goods_category":"分類","saler_tools.pages.identify.add.goods_category":"分類","share_img":"分享封面","add":"添加","form.system_code":"系統編碼","goods_video":"商品視頻","goods_description":"商品描述","intelligent_filling":"智能填充參數","form.stock_count":"庫存數量","form.recycling_image":"回收備註圖","edit":"編輯","temporary":"臨時倉","sales_return":"退貨","form.order_type":"訂單類型","explain.delivery":"發貨管理","employee_auth":"員工權限","input.employee_auth":"請輸入員工手機號\/電子郵箱","create_salary":"創建薪資","enabling_accounts":"啓用賬號","set_auth":"設置權限","online_exhibition":"線上展會","input.bid_price":"請輸入出價價格","public_price_detail":"公價詳情","public_price_inquiry_feedback":"公價查詢反饋","store_sharing":"店鋪分享","share_log":"分享記錄","open_vip":"開通會員","pages.collect":"收藏","commodity_inventory":"商品盤點","inventory":"盤點","add.contact":"新增聯繫人","edit.contact":"編輯聯繫人","contact_way":"聯繫方式","confirm_delete_contact":"確認刪除該聯繫人?","select_type":"選擇類型","add_type":"添加類型","selected_type":"已選擇類型","amount":"金額","input.amount":"請輸入金額","image":"圖片","max_img_count3":"最多3張圖片","original_total_cost":"原始總成本","parameter_error":"參數錯誤","form.additional_total_cost":"總成本價","input.order_billing_count":"請輸入開單數量","transaction_price":"成交價格","input.final_selling_price":"請輸入最終售價","select_sales_time":"選擇銷售時間","order_type_setting":"訂單類型設置","wait_deliver_goods":"待發貨","input.search":"請輸入搜索內容","please_select":"請選擇","price":"價格","cost_price":"成本價","condition":"成色","idle":"閒置未使用","no_lock":"未鎖單","select_employee":"請選擇員工","form.shop_name2":"店鋪名稱2","please_setting_authority":"請開啓【設置權限】按鈕再進行權限設置","input.authority":"請輸入權限名稱進行搜索","marketing_poster":"營銷海報","multiple_graphs_share":"多圖分享","product_share":"商品分享","consignment_delivery":"寄賣傳送","consignment_delivery_lists":"寄賣傳送列表","switch_default_price.tip":"切換默認價格後，修改的結算價將被所選的原商品價覆蓋，是否確定此操作？","settlement_price_default":"結算價默認爲","consignment_delivery.tip1":"貨主在倉庫挑貨，挑選完成後等待接收方提取","claim_code":"提取碼","gross_merchandise_inventory":"商品總庫存","gross_merchandise_valuation":"商品總估價","to_be_withdrawn":"待提取","create_consignment_delivery":"創建寄賣傳送","consignment_delivery.tip2":"輸入傳送列表中的取件碼進行提貨","claim_code_transfer_order":"請輸入八位傳送單取件碼","extract":"提取","consignment_delivery.tip3":"進行寄賣傳輸單的創建，可實現商品從A店鋪到B店鋪的圖片和詳情傳輸","consignment_delivery.tip4":"1.發送方:創建傳輸列表，可快速從倉庫中選擇商品，並支持結算價一鍵使用銷售價、同行價、代理價、成本價結算。","consignment_delivery.tip5":"2.接收方:輸入8位發送方提取碼，可一鍵提取商品，只需在倉庫完成定價即可上架銷售。","consignment_delivery.tip6":"刪除寄賣傳送列表會導致接收方的寄賣傳送商品被清空，請謹慎刪除！","receive":"接收","shop_logo":"店鋪LOGO","shop_logo.tips":"用於聯營店鋪和線上展會展示","shop_qr_code":"店鋪二維碼","shop_registration_time":"店鋪註冊時間","certificate_name":"認證名稱","telephone":"固定電話","input.telephone":"請輸入固定電話","detailed_address":"詳細地址","phone_number":"電話號碼","input.phone_number":"請輸入電話號碼","shop_profile":"店鋪簡介","input.shop_profile":"請輸入店鋪簡介","unedited_state.tips":"當前處於非編輯狀態，請按下方按鈕切換狀態","shop_info":"店鋪信息","setup_center":"設置中心","personal_settings":"個人設置","personal_data":"個人資料","avatar":"頭像","shop_info.tips":"店鋪（LOGO、名稱、地區、地址）、上傳小程序封面","message_notification":"消息通知","message_notification.tips":"店鋪消息、好友通知、系統消息等","address_administration":"地址管理","account_association":"賬號關聯","wechat_binding":"微信綁定","bound":"已綁定","cell_phone_number":"手機號碼","email_address":"電子郵箱","not_bound":"未綁定","shop_parameter_setting":"店鋪參數設置","lock_invoice_voucher_must_be_set":"鎖單開單憑證必填設置","online_exhibition_default_parameter_settings":"線上展會默認參數設置","maintenance_personnel_type_management":"維修保養人員類型管理","additional_cost_type_settings":"附加成本類型設置","shop_classification_management":"店鋪分類管理","order_type_management":"訂單類型管理","exhibition_location_management":"展會位置管理","joint_venture_and_online_exhibition_setup":"聯營及線上展會設置","the_selling_price_is_visible_to_fans":"銷售價對粉絲可見","peer_price_is_visible_to_fans":"同行價對粉絲可見","blacklist":"黑名單","contact_way.tips":"修改\/添加（店鋪聯繫人、店鋪員工）、申請成爲線上展會賣家","upload_the_cover_of_affiliate_and_online_exhibition_shop":"上傳聯營及線上展會店鋪封面","other_settings":"其他設置","about_us":"關於我們","check_version":"檢查版本","current_version":"當前版本","personal_information_and_permissions":"個人信息與權限","third_party_information_sharing_list":"第三方信息共享列表","clear_cache":"清除緩存","register_shop":"註冊店鋪","storage_age_warning":"庫齡預警","early_warning_record":"預警提示記錄","storage_age_is_more_than":"庫齡超過","storage_age_warning.tips1":"1.依據商家需求可針對商品屬性、商品分類選擇預警提醒週期。","storage_age_warning.tips2":"2.可快速檢索長庫齡商品，進行價格調整、庫存分析、銷售動作等。","storage_age_warning.tips3":"3.支持按庫齡週期篩選商品，進行分享轉發促進銷售。","reminded_goods_count":"已提醒商品總數","reminded_goods_value":"已提醒商品總價值","expired_reminder":"已過提醒","email_login":"郵箱登錄","bind_mailbox":"綁定郵箱","email":"電子郵箱","please_wait_a_minute":"請等待一分鐘後重試","email_already_bind":"郵箱已被綁定過了","is_email_login":"是否開啓郵箱登錄","personal_password":"本人密碼","input.personal_password":"請輸入本人密碼","modify_success":"修改成功","image_type_error":"只允許jpeg、png格式圖片","image_size_error":"圖像大小不能超過2m","change_login_type":"切換登錄方式","wechatLogin":"微信登錄","phoneLogin":"手機號碼登錄","account":"賬號","emailLogin":"郵箱登錄","input.phone":"請輸入手機號碼","input.email":"請輸入電子郵箱","input.wechat":"請輸入微信號","email_login_is_not_enabled":"郵箱登錄尚未開啓","logging_in":"正在登錄...","invalid_goods":"失效商品","on_sale_goods":"在售商品","detail_picture":"細節圖片","synthesis":"綜合","daily":"日報","monthly":"月報","sales_analysis":"銷售分析","recovery_analysis":"回收分析","asset_analysis":"資產分析","additional_cost_analysis":"附加成本分析","pledged_goods_analysis":"質押商品分析","data_analysis.tips":"實時查看店鋪經營數據","current_shop":"當前店鋪","order":"訂單","total_sales_volume":"銷售總量","total_sales":"銷售總額","profit":"利潤","total_returned_goods_units":"退貨總量(件)","total_returned_goods_money":"退貨總額(元)","return_profit":"退貨利潤","total_amount_inbound":"入庫總量","total":"總計","total_cost_inbound":"入庫總成本","money":"元","total_shelf_volume":"上架總量","total_amount_lock":"鎖單總量額","product":"商品","settlement_total":"結算總量","settlement_total_sales":"結算銷售總額","settlement_total_cost":"結算總成本","settlement_profit":"結算利潤","only_additional_cost_goods_in_warehouse":"僅統計倉庫內的商品附加成本（不包含已開單和已刪除商品）","quantity_goods":"商品數量","total_money":"總金額","proportion":"佔比","unit_a":"個","agent_commission":"代理提成","strap_or_accessories":"錶帶\/配件","courier_fee":"快遞費","Maintenance_and_washing":"保養洗護","type_of_additional_cost":"附加成本類型","click_landscape_to_view":"點擊橫屏查看","attribute":"屬性","particulars":"明細","cost":"成本","gross_amount_cost":"成本總額","attribute_analysis":"屬性分析","category_analysis":"品類分析","to":"至","quantity_pledged":"質押數量","total_amount_pledged":"質押總金額","redemption_quantity":"贖回數量","pledge_leaderboard":"質押排行榜","total_cost_recovery":"總回收成本","total_quantity_recovered":"回收總數量","entry_details":"進入詳情","sales_leaderboard":"銷售排行榜","tips":"提示","single_sales":"單人銷售","single_sales_tips":"當一筆訂單存在多個人銷售人員時，只統計第一個銷售人員","multiple_sales":"多人銷售","multiple_sales.tips":"當一筆訂單存在多個人銷售人員時，會統計到多人名下","cost_recovery":"回收成本","recycle_and_sell":"回收後售出","sales_amount":"銷量","payroll_management":"薪資管理","payroll":"薪資","swipe_left_to_delete":"左滑可刪除","gross_salaries":"薪資總額","payroll_management.tips":"創建員工薪資方案，根據實際業務統計銷售人員的銷售提成、回收提成，以及維修保養成本，發放薪資可鎖定薪資明細。","other_time":"其他時間","to_be_issued":"待發放","salary_commission_details":"薪資提成明細","select.employee":"選擇員工","date_on_board":"入職日期","selective_need_statistics":"選擇需要統計業績的商品屬性","other_orders":"其他訂單","customer_orders":"客戶訂單","friend_orders":"友商訂單","agent_orders":"代理訂單","test_control":"測試對照","total_gross_profit":"毛利潤總額","total_cost_recovered_by_TA":"TA回收的成本總額","online":"線上","other":"其他","peer":"同行","store":"門店","general":"通用","the_profits_generated_by_TA_recycling":"TA回收產生的利潤","profit_on_maintenance":"維修保養利潤","basic_salary":"底薪","other_money":"其他款項","sales_commission":"銷售提成","set_default_commission":"設置默認提成","sales_points":"銷售額提點","option":"方案","gross_profit_points":"毛利潤提點","commission_on_sales":"銷售件數提成","recovery_commission":"回收提成","cost_recovery_points":"回收成本提點","commission_on_unit_recovered_pieces":"回收件數提成","TA_recycling_generated_profit_points":"TA回收產生的利潤提點","maintenance_commission":"維修保養提成","maintenance_profit_commission":"維修保養利潤提成","click_fold":"點擊收起","click_unfold":"點擊展開","issued":"已發送","await_issue":"待發放","issued_payroll":"發放薪資","total_original_cost_of_recovered_goods":"回收商品原始總成本","total_additional_cost_of_recovered_goods":"回收商品附加總成本","sales_points.tips1":"1、銷售額提點 = 訂單銷售金額 * 提成比例","sales_points.tips2":"2、不同訂單類型可設置不同的提成比例","gross_profit_points.tips1":"1、毛利潤提點 = ( 訂單銷售金額-訂單成本金額 ) * 提成比例","gross_profit_points.tips2":"2、不同訂單類型可設置不同的提成比例","commission_on_sales.tip1":"1、銷售件數提點 = 訂單銷售金額 * 提成比例","commission_on_sales.tip2":"2、不同訂單類型可設置不同的提成比例","cost_recovery_points.tips1":"1、回收成本 = 當月回收的商品成本總額 * 提成比例","cost_recovery_points.tips2":"2、不同回收類型可設置不同的提成比例","commission_on_unit_recovered_pieces.tips1":"1、回收件數提成 = 當月回收的商品件數 * 提成比例","commission_on_unit_recovered_pieces.tips2":"2、不同回收類型可設置不同的提成比例","TA_recycling_generated_profit_points.tips1":"1、TA回收生產的利潤提點 = TA回收的商品被售出後的利潤 * 提成比例","TA_recycling_generated_profit_points.tips2":"2、不同回收類型可設置不同的提成比例","maintenance_profit_points":"維修保養利潤提點","maintenance_profit_points.tips1":"1、維修保養利潤利潤提點 = 維修保養利潤 * 提成比例","sales_commission_default_setting":"銷售提成默認設置","reclaim_commission_default_setting":"回收提成默認設置","reclaim_profits_from_production":"回收生產的利潤提點","comfirm_save_payroll_particulars":"確認保存該員工當月薪資明細？","confirm_save":"確認保存","comfirm_issue_payroll":"確認發放該員工當月薪資？","confirm_issue":"確認發放","general_percentage_of_commission":"未選擇回收類型的商品和訂單，默認使用【通用】的提成比例","issued_payroll_not_editable":"薪資已發放,不可編輯","other_keep_accounts":"其他記賬","all_categories":"全部分類","expenditure":"支出","income":"收入","write_down":"記一筆","other_keep_accounts.tips1":"記錄非回收類業務的支出，方便查看當月或歷史的額外支出和收入，例如：房租、水電、展會查出等。","all_staff":"全部員工","billing_details":"賬單詳情","type":"類型","manual_creation":"人工創建","serial_numbers":"流水號","associated_order_number":"關聯訂單號","occurrence_date":"發生日期","amount_of_expenditure":"支出金額","fill_amount":"填寫金額","selective_classification":"選擇分類","select_date":"選擇日期","input.remark50":"請輸入備註信息（限50個字）","add_costom_classification":"添加自定義分類","input.costom_classification10":"請輸入自定義分類（限10個字）","maintenance_fees":"維修費","exhibition_fees":"展會費","total_deposit":"定金總額","exp_trans_price":"預計成交總額","earnest_money":"定金","expected_transaction":"預計成交","total_original_cost_of_goods":"商品原始總成本","additional_cost_of_goods":"商品附加成本","by_latest_lock":"按最近鎖單","by_longest_lock":"按最久鎖單","by_highest_earnest_money":"按定金最高","by_lowest_earnest_money":"按定金最低","lock_details":"鎖單詳情","lock_record":"鎖單記錄","view_product_details":"查看商品詳情","deposit_payment":"定金支付","last_updated_time":"最近更新時間","lock_remark":"鎖單備註","ticket_holder":"鎖單人員","lockout_time":"鎖單時間","quantity_of_ticket":"鎖單數量","unlock_success":"解鎖成功","operation_log":"操作日誌","operating_personnel":"操作人員","operation_module":"操作模塊","operating_time":"操作時間","operation_content":"操作內容","operation_log.tips0":"可回溯員工相關操作、查看操作的完整鏈路","all_modules":"全部模塊","order_modification_record":"訂單修改記錄","before_modification":"修改前","after_modification":"修改後","statement_of_account":"對賬單","create_statement":"創建對賬單","selected_product_attributes":"已選商品屬性","total_cost_of_statement":"對賬單總成本","statement_of_account.tips1":"創建需對賬單的貨品成本和現金金額，方便財務人員查看當月或歷史的貨品和資金週轉情況。","comfirm_delete_statement":"確認刪除該對賬單？","have_deleted":"已刪除","select_statement_type":"選擇對賬類型","total_cost_of_goods":"商品總成本合計","cash":"現金","total_assets":"總資產","cost_of_goods":"商品成本","due_funds":"應有資金","sales_profit":"銷售利潤","service_profit":"服務利潤","other_income_and_expenditure":"其他收支","payroll_expenses":"薪資支出","commodity_consignor":"商品委託方","pledged_price":"質押價","call_price":"贖回成交價","redemption_time":"贖回時間","total_inventory":"總庫存","sold_count":"已售","usable":"可用","warehouse_billing":"倉庫開單","temporary_invoice":"臨時倉開單","customerServiceTitle":"歡迎您聯繫我們，提供您寶貴的意見！","quick_navigation":"快捷導航","sign_out":"註銷","pages.member.sign_out":"註銷","comfirm_sign_out":"確定註銷","is_comfirm_sign_out":"是否確定註銷？","sign_out_success":"註銷成功","logouting":"正在註銷...","captcha_error":"驗證碼錯誤","captcha_expired":"驗證碼已失效","system_center":"系統設置","pages.product.add":"發佈","shop_apply_already_exist":"店鋪已存在","search":"搜索","not_yet_open":"暫未開放","ADD_ORDER":"待發貨","RETURN_ORDER":"退貨","LOCK_ORDER":"鎖單","FINISH_ORDER":"訂單完成","select_show_price":"選擇需要展示的價格","diy_price":"自定義價格","input.diy_price":"請輸入自定義價格","select_goods_share":"選擇商品分享","online_exhibition_cover":"線上展會封面","cur_new_version":"當前已是最新版本","mini_program_cover":"小程序封面","suggested_aspect_ratio_of_5:4":"建議長寬比爲8:3","recycle_type_settings":"回收類型設置","tag_settings":"標籤設置","download_images":"下載圖片","copy_text":"複製文字","switch":"切換","convenient_operation":"便捷操作","download":"下載","copy_success":"複製成功","save_loading":"保存中","noChat":"溫馨提示：您現在還沒有任何聊天消息，快跟您的好友發起聊天吧~","reconnecting":"連接已斷開，嘗試重新連接...","delete_chat":"刪除該聊天","top_chat":"置頂該聊天","im.group":"羣聊","im.loading_message":"正在初始化頁面,請稍後...","im.at_me":"[有人@我]","im.at_all":"[@全體成員]","im.read":"已讀","im.unread":"未讀","im.read_count":"人已讀","im.just_now":"剛剛","im.minute_ago":"分鐘前","im.yesterday":"昨天","im.online":"用戶當前在線","im.send":"發送","appc.totol_cost":"成本價","appc.customer_service":"聯繫客服","appc.bid_search_placeholder":"搜索商品名稱","appc.condition_used":"二手","appc.condition_new":"全新未使用","appc.sale_price":"銷售價","appc.price":"銷售價","appc.agent_price":"代理價","appc.total_cost":"成本價","appc.peer_price":"同行價","appc.copy_text":"複製文字","appc.download_images":"下載圖片","appc.switch_grids":"切換宮格","appc.switch_swiper":"切換輪播","appc.product_detail":"商品詳情","appc.product_info":"商品信息","appc.goods_description":"商品描述","appc.brand":"品牌","appc.series":"系列","appc.model":"型號","appc.copy":"複製","appc.copy_success":"複製成功","appc.cancel":"取消","appc.OK":"確定","appc.tips":"提示","appc.download_tips":"是否確定下載圖片到手機相冊中？","appc.download_success":"下載成功","unable_to_contact_oneself":"不能聯繫自己","goods_no_stock":"商品庫存不足","my_shop":"我的店鋪","goods_image_be_empty":"商品圖片不能爲空","selected":"已選","query_price_max":"最高價格","query_price_min":"最低價格","goods_lock_num_not_del":"商品存在鎖單無法刪除","transfer_to_temp_warehouse":"轉入臨時倉","QRCode":"二維碼","service_type_setting":"服務類型設置","product_position_setting":"商品位置設置","product_tips":"商品貼士","select_at_least_one":"請至少選擇一個商品","transaction_price_cannot_empty":"成交價格不能爲空","cannot_bid_on_myself":"不能對自己的商品出價","order_is_returneed":"訂單已退貨","please_select_order":"請選擇訂單","please_input_price":"請選擇訂單","please_input_money":"請填寫金額","pledge_time":"質押到期時間","select_pledge_time":"請選擇質押到期時間","contact_info_of_client":"委託方聯繫方式","select_goods_attribute":"請選擇商品屬性","goods_name_require":"商品名稱不能爲空","select_recycle_type":"請選擇回收類型","select_expire_time":"請選擇質押到期時間","redeemed":"已贖回","expired":"已到期","not_redeemed":"未贖回","delivery_status":"發貨狀態","category_ids_not_empty":"商品分類不能爲空","bill_name":"賬單名稱","input.bill_name":"請輸入賬單名稱","total_revenue":"總收益","my_qrcode":"我的二維碼","shop_not_available_im":"商家未開通即時通訊服務","im.send_failed":"發送失敗","im.empty_message":"不能發送空白信息","im.text":"文本","im.image":"圖片","im.voice":"語音","im.video":"視頻","im.voice_call":"語音通話","im.video_call":"視頻通話","im.push_off_line":"'您已在其他地方登錄，將被強制下線'","appc.goods_video":"商品視頻","appc.nothing":"無","network_error":"網絡錯誤","appc.network_error":"網絡錯誤","retrieve_password":"找回密碼","email_code":"郵箱驗證碼","image_code":"圖片驗證碼","input.image_code":"請輸入圖片驗證碼","error_email_not_exist":"郵箱不存在","reset":"重置","wait_pay":"待支付","wait_supply":"待補充","finish":"已完成","identifying":"估價中","local_products, ":"本地商品","international_products":"國際商品","local_products":"本地商品","shop":"店鋪","appraiser_application":"估價師申請","apply_for":"申請","apply_success":"申請成功","to_be_valued":"待估價","to_be_continued":"未完成","abandon_valuation":"放棄估價","view_details":"查看詳情","shop_already_exist":"該店鋪已存在","estimate_immediately":"立即估價","suggest_recycling_price":"建議回收價","input.suggest_recycling_price":"請輸入建議回收價","select.appraisal_result":"請選擇鑑定結果","input.appraisal_remark":"請輸入您的鑑定留言","identify_user_error":"鑑定師身份異常","submit":"提交","abandoned":"已放棄","to_be_appraised":"待鑑定","abandon_appraisal":"放棄鑑定","confirm_abandon":"確定放棄估價嗎？","apply_for2":"很抱歉，您已被拉黑","apply_for1":"您已完成鑑定師，立即開始鑑定吧！","apply_for0":"您的申請尚在審覈中，請耐心等候","download_success":"下載成功","your_appraisal":"您給出的鑑定","you_abandon_appraisal":"您已放棄對該商品進行鑑定","appc.goods_not_found":"商品找不到","store_closed":"店鋪已關閉","appc.store_closed":"店鋪已關閉","input.country_code.tips":"請選擇國家","store_country":"所屬國家","public_price_inquiry_list":"公價查詢列表","store_data":"店鋪數據","visitor_num":"店鋪訪客量","product_views_num":"商品瀏覽量","contact_info_num":"聯繫方式點擊量","user_not_exist":"用戶不存在","country_or_region":"國家\/地區","model_no":"型號編號","email_repeat":"該郵箱已註冊","shop_not_exist":"請先開通店鋪","GCJX":"工程機械","appc.GCJX":"工程機械","df.function.label":"機械功能","df.function.placeholder":"輸入機械的功能","df.voltage.label":"機械使用電壓","df.voltage.placeholder":"請輸入機械使用電壓","HGJX":"化工機械","appc.HGJX":"化工機械","JCSZ":"機牀設備","appc.JCSZ":"機牀設備","SPSB":"食品設備","appc.SPSB":"食品設備","BZSB":"包裝設備","appc.BZSB":"包裝設備","CCSB":"倉儲設備","appc.CCSB":"倉儲設備","NYJX":"農業機械","appc.NYJX":"農業機械","fail_support":"暫不支持","BW":"腕錶","appc.BW":"腕錶","df.bpzj.label":"錶盤直徑","df.bpzj.placeholder":"請輸入錶盤直徑","df.bpcz.label":"錶盤材質","df.bpcz.placeholder":"請輸入錶盤材質","df.jxcz.label":"機芯材質","XB":"箱包","appc.XB":"箱包","ZB":"珠寶","appc.ZB":"珠寶","XX":"鞋靴","appc.XX":"鞋靴","FS":"服飾","appc.FS":"服飾","QT":"其他","appc.QT":"其他","PS":"配飾","appc.PS":"配飾","today_visitor":"今日訪客","listed_yesterday":"昨日上架","estimated_revenue":"預估收入","fail_pay_info":"未找到支付單據","alipay":"支付寶","wechat_pay":"微信支付","onPay":"繼續支付","wait_identify":"待鑑定","history_browsing":"歷史瀏覽","history_browsing_empty":"暫無歷史瀏覽記錄","album":"相冊","shoot":"拍攝","long_press_to_speak":"長按說話","recording":"正在錄音","recording_time":"錄音時長","release_to_send":"鬆手發送，上劃取消","will_stop_recording":"後將停止錄音","release_to_cancel":"鬆手取消"}